
=== WATCHDOG STARTED AT 2026-09-13 05:15:20 FOR SUB 56199647 ===
[2026-09-13 05:19:20] Ep 108428749: WIN  | Our Cash: $68,044.00 | Opp Cash: $0.00 (Sub None) | Updated Elo: 600
[2026-09-13 05:21:21] Ep 108429003: WIN  | Our Cash: $102,613.00 | Opp Cash: $86,636.00 (Sub 56147012) | Updated Elo: 707.5846103035035
[2026-09-13 05:25:21] Ep 108429936: LOSS | Our Cash: $82,782.00 | Opp Cash: $99,721.00 (Sub 55714476) | Updated Elo: 579.5081634915509
[2026-09-13 05:31:22] Ep 108430990: WIN  | Our Cash: $95,265.00 | Opp Cash: $70,822.00 (Sub 56054678) | Updated Elo: 682.5925834169607
[2026-09-13 05:33:23] Ep 108431992: LOSS | Our Cash: $63,919.00 | Opp Cash: $90,606.00 (Sub 55851589) | Updated Elo: 600.7436976566985
[2026-09-13 05:37:23] Ep 108433033: WIN  | Our Cash: $46,527.00 | Opp Cash: $25,601.00 (Sub 55792070) | Updated Elo: 632.2033342175382
[2026-09-13 05:37:23] Ep 108432424: LOSS | Our Cash: $64,049.00 | Opp Cash: $101,261.00 (Sub 56028280) | Updated Elo: 551.082841983377
[2026-09-13 05:41:24] Ep 108434070: WIN  | Our Cash: $69,436.00 | Opp Cash: $64,479.00 (Sub 55361707) | Updated Elo: 690.0770346016396
[2026-09-13 05:45:25] Ep 108435092: WIN  | Our Cash: $72,570.00 | Opp Cash: $66,097.00 (Sub 55556134) | Updated Elo: 722.8157894503784
[2026-09-13 05:49:25] Ep 108436117: LOSS | Our Cash: $50,622.00 | Opp Cash: $78,051.00 (Sub 55977479) | Updated Elo: 686.6944210890289
[2026-09-13 05:55:26] Ep 108437157: LOSS | Our Cash: $58,176.00 | Opp Cash: $97,235.00 (Sub 56083409) | Updated Elo: 640.7585233204488
[2026-09-13 05:59:27] Ep 108438173: LOSS | Our Cash: $98,477.00 | Opp Cash: $112,923.00 (Sub 56186194) | Updated Elo: 614.8844380109189
[2026-09-13 06:03:27] Ep 108439238: WIN  | Our Cash: $99,889.00 | Opp Cash: $76,423.00 (Sub 56178294) | Updated Elo: 635.2303618500813
[2026-09-13 06:05:28] Ep 108440291: LOSS | Our Cash: $82,373.00 | Opp Cash: $103,765.00 (Sub 56110385) | Updated Elo: 613.319104164896
[2026-09-13 06:13:29] Ep 108441324: WIN  | Our Cash: $89,854.00 | Opp Cash: $72,905.00 (Sub 55607860) | Updated Elo: 635.2537787352912
[2026-09-13 06:15:29] Ep 108442333: WIN  | Our Cash: $77,911.00 | Opp Cash: $59,102.00 (Sub 55418230) | Updated Elo: 651.4274993806662
[2026-09-13 06:19:30] Ep 108443365: WIN  | Our Cash: $83,830.00 | Opp Cash: $16,398.00 (Sub 55224527) | Updated Elo: 668.22768005111
[2026-09-13 06:23:30] Ep 108444389: WIN  | Our Cash: $61,842.00 | Opp Cash: $25,739.00 (Sub 56008400) | Updated Elo: 681.4969243117285
[2026-09-13 06:27:31] Ep 108445406: WIN  | Our Cash: $80,029.00 | Opp Cash: $67,526.00 (Sub 56133967) | Updated Elo: 696.3336104836479
[2026-09-13 06:31:32] Ep 108446430: LOSS | Our Cash: $56,272.00 | Opp Cash: $101,450.00 (Sub 55818150) | Updated Elo: 681.2601634569442
[2026-09-13 06:33:32] Ep 108447454: LOSS | Our Cash: $81,502.00 | Opp Cash: $89,203.00 (Sub 55816794) | Updated Elo: 665.4383667823951
[2026-09-13 06:39:33] Ep 108448504: LOSS | Our Cash: $67,349.00 | Opp Cash: $73,679.00 (Sub 56061922) | Updated Elo: 651.5728376663914
[2026-09-13 06:43:34] Ep 108449540: WIN  | Our Cash: $86,753.00 | Opp Cash: $63,287.00 (Sub 56159103) | Updated Elo: 663.8510906875099
[2026-09-13 06:45:34] Ep 108450546: LOSS | Our Cash: $51,324.00 | Opp Cash: $57,074.00 (Sub 55470419) | Updated Elo: 649.0431847199172
[2026-09-13 06:49:35] Ep 108451598: WIN  | Our Cash: $63,937.00 | Opp Cash: $61,690.00 (Sub 55867453) | Updated Elo: 659.1999586645908
[2026-09-13 06:55:36] Ep 108452622: LOSS | Our Cash: $75,513.00 | Opp Cash: $82,708.00 (Sub 56158530) | Updated Elo: 645.9473588661697
[2026-09-13 07:55:46] Ep 108467382: LOSS | Our Cash: $63,961.00 | Opp Cash: $148,768.00 (Sub 56202395) | Updated Elo: 635.8559857374806

=== WATCHDOG STARTED AT 2026-09-13 11:54:58 FOR SUBS [56206351, 56206346, 56199647] ===

=== WATCHDOG STARTED AT 2026-09-14 00:00:06 (CLI MODE) FOR SUBS [56206351, 56206346, 56199647] ===
[2026-09-14 00:00:10] Ep 108710042 | Sub 56206351 | State: EpisodeState.COMPLETED | Created: 2026-09-13 23:42:47 | Elo: 593.7
[2026-09-14 00:00:10] Ep 108668360 | Sub 56206351 | State: EpisodeState.COMPLETED | Created: 2026-09-13 20:58:53 | Elo: 593.7
[2026-09-14 00:00:10] Ep 108628757 | Sub 56206351 | State: EpisodeState.COMPLETED | Created: 2026-09-13 18:22:47 | Elo: 593.7
[2026-09-14 00:00:10] Ep 108597334 | Sub 56206351 | State: EpisodeState.COMPLETED | Created: 2026-09-13 16:18:48 | Elo: 593.7
[2026-09-14 00:00:10] Ep 108568127 | Sub 56206351 | State: EpisodeState.COMPLETED | Created: 2026-09-13 14:26:43 | Elo: 593.7
[2026-09-14 00:00:10] Ep 108551250 | Sub 56206351 | State: EpisodeState.COMPLETED | Created: 2026-09-13 13:18:45 | Elo: 593.7
[2026-09-14 00:00:10] Ep 108551032 | Sub 56206351 | State: EpisodeState.COMPLETED | Created: 2026-09-13 13:18:45 | Elo: 593.7
[2026-09-14 00:00:10] Ep 108550110 | Sub 56206351 | State: EpisodeState.COMPLETED | Created: 2026-09-13 13:14:44 | Elo: 593.7
[2026-09-14 00:00:10] Ep 108549178 | Sub 56206351 | State: EpisodeState.COMPLETED | Created: 2026-09-13 13:10:43 | Elo: 593.7
[2026-09-14 00:00:10] Ep 108548186 | Sub 56206351 | State: EpisodeState.COMPLETED | Created: 2026-09-13 13:06:42 | Elo: 593.7
[2026-09-14 00:00:10] Ep 108547104 | Sub 56206351 | State: EpisodeState.COMPLETED | Created: 2026-09-13 13:02:42 | Elo: 593.7
[2026-09-14 00:00:10] Ep 108546039 | Sub 56206351 | State: EpisodeState.COMPLETED | Created: 2026-09-13 12:58:49 | Elo: 593.7
[2026-09-14 00:00:10] Ep 108545008 | Sub 56206351 | State: EpisodeState.COMPLETED | Created: 2026-09-13 12:54:41 | Elo: 593.7
[2026-09-14 00:00:10] Ep 108543974 | Sub 56206351 | State: EpisodeState.COMPLETED | Created: 2026-09-13 12:50:41 | Elo: 593.7
[2026-09-14 00:00:10] Ep 108542924 | Sub 56206351 | State: EpisodeState.COMPLETED | Created: 2026-09-13 12:46:43 | Elo: 593.7
[2026-09-14 00:00:10] Ep 108543142 | Sub 56206351 | State: EpisodeState.COMPLETED | Created: 2026-09-13 12:46:44 | Elo: 593.7
[2026-09-14 00:00:10] Ep 108541866 | Sub 56206351 | State: EpisodeState.COMPLETED | Created: 2026-09-13 12:42:40 | Elo: 593.7
[2026-09-14 00:00:10] Ep 108540852 | Sub 56206351 | State: EpisodeState.COMPLETED | Created: 2026-09-13 12:38:46 | Elo: 593.7
[2026-09-14 00:00:10] Ep 108539838 | Sub 56206351 | State: EpisodeState.COMPLETED | Created: 2026-09-13 12:34:42 | Elo: 593.7
[2026-09-14 00:00:10] Ep 108538754 | Sub 56206351 | State: EpisodeState.COMPLETED | Created: 2026-09-13 12:30:46 | Elo: 593.7
[2026-09-14 00:00:10] Ep 108537716 | Sub 56206351 | State: EpisodeState.COMPLETED | Created: 2026-09-13 12:26:40 | Elo: 593.7
[2026-09-14 00:00:10] Ep 108537710 | Sub 56206351 | State: EpisodeState.COMPLETED | Created: 2026-09-13 12:26:40 | Elo: 593.7
[2026-09-14 00:00:10] Ep 108536637 | Sub 56206351 | State: EpisodeState.COMPLETED | Created: 2026-09-13 12:22:42 | Elo: 593.7
[2026-09-14 00:00:10] Ep 108535607 | Sub 56206351 | State: EpisodeState.COMPLETED | Created: 2026-09-13 12:18:42 | Elo: 593.7
[2026-09-14 00:00:10] Ep 108534582 | Sub 56206351 | State: EpisodeState.COMPLETED | Created: 2026-09-13 12:14:41 | Elo: 593.7
[2026-09-14 00:00:10] Ep 108533467 | Sub 56206351 | State: EpisodeState.COMPLETED | Created: 2026-09-13 12:10:45 | Elo: 593.7
[2026-09-14 00:00:10] Ep 108533494 | Sub 56206351 | State: EpisodeState.COMPLETED | Created: 2026-09-13 12:10:45 | Elo: 593.7
[2026-09-14 00:00:10] Ep 108532462 | Sub 56206351 | State: EpisodeState.COMPLETED | Created: 2026-09-13 12:06:46 | Elo: 593.7
[2026-09-14 00:00:10] Ep 108531413 | Sub 56206351 | State: EpisodeState.COMPLETED | Created: 2026-09-13 12:02:41 | Elo: 593.7
[2026-09-14 00:00:10] Ep 108530408 | Sub 56206351 | State: EpisodeState.COMPLETED | Created: 2026-09-13 11:58:44 | Elo: 593.7
[2026-09-14 00:00:10] Ep 108529218 | Sub 56206351 | State: EpisodeState.COMPLETED | Created: 2026-09-13 11:54:02 | Elo: 593.7
[2026-09-14 00:00:10] Ep Use "kaggle competitions replay <episode_id>" to download a replay | Sub 56206351 | State: None | Created:  or "kaggle competi | Elo: 593.7
[2026-09-14 00:00:17] Ep 108711799 | Sub 56206346 | State: EpisodeState.COMPLETED | Created: 2026-09-13 23:50:44 | Elo: 536.0
[2026-09-14 00:00:17] Ep 108677684 | Sub 56206346 | State: EpisodeState.COMPLETED | Created: 2026-09-13 21:34:45 | Elo: 536.0
[2026-09-14 00:00:17] Ep 108673429 | Sub 56206346 | State: EpisodeState.COMPLETED | Created: 2026-09-13 21:18:46 | Elo: 536.0
[2026-09-14 00:00:17] Ep 108639956 | Sub 56206346 | State: EpisodeState.COMPLETED | Created: 2026-09-13 19:06:44 | Elo: 536.0
[2026-09-14 00:00:17] Ep 108608936 | Sub 56206346 | State: EpisodeState.COMPLETED | Created: 2026-09-13 17:06:43 | Elo: 536.0
[2026-09-14 00:00:17] Ep 108593325 | Sub 56206346 | State: EpisodeState.COMPLETED | Created: 2026-09-13 16:02:44 | Elo: 536.0
[2026-09-14 00:00:17] Ep 108568780 | Sub 56206346 | State: EpisodeState.COMPLETED | Created: 2026-09-13 14:26:44 | Elo: 536.0
[2026-09-14 00:00:17] Ep 108550445 | Sub 56206346 | State: EpisodeState.COMPLETED | Created: 2026-09-13 13:14:44 | Elo: 536.0
[2026-09-14 00:00:17] Ep 108549158 | Sub 56206346 | State: EpisodeState.COMPLETED | Created: 2026-09-13 13:10:43 | Elo: 536.0
[2026-09-14 00:00:17] Ep 108548051 | Sub 56206346 | State: EpisodeState.COMPLETED | Created: 2026-09-13 13:06:42 | Elo: 536.0
[2026-09-14 00:00:17] Ep 108547021 | Sub 56206346 | State: EpisodeState.COMPLETED | Created: 2026-09-13 13:02:42 | Elo: 536.0
[2026-09-14 00:00:17] Ep 108546003 | Sub 56206346 | State: EpisodeState.COMPLETED | Created: 2026-09-13 12:58:49 | Elo: 536.0
[2026-09-14 00:00:17] Ep 108544966 | Sub 56206346 | State: EpisodeState.COMPLETED | Created: 2026-09-13 12:54:41 | Elo: 536.0
[2026-09-14 00:00:17] Ep 108543928 | Sub 56206346 | State: EpisodeState.COMPLETED | Created: 2026-09-13 12:50:41 | Elo: 536.0
[2026-09-14 00:00:17] Ep 108542910 | Sub 56206346 | State: EpisodeState.COMPLETED | Created: 2026-09-13 12:46:43 | Elo: 536.0
[2026-09-14 00:00:17] Ep 108541858 | Sub 56206346 | State: EpisodeState.COMPLETED | Created: 2026-09-13 12:42:40 | Elo: 536.0
[2026-09-14 00:00:17] Ep 108540831 | Sub 56206346 | State: EpisodeState.COMPLETED | Created: 2026-09-13 12:38:46 | Elo: 536.0
[2026-09-14 00:00:17] Ep 108539817 | Sub 56206346 | State: EpisodeState.COMPLETED | Created: 2026-09-13 12:34:42 | Elo: 536.0
[2026-09-14 00:00:17] Ep 108538757 | Sub 56206346 | State: EpisodeState.COMPLETED | Created: 2026-09-13 12:30:46 | Elo: 536.0
[2026-09-14 00:00:17] Ep 108537637 | Sub 56206346 | State: EpisodeState.COMPLETED | Created: 2026-09-13 12:26:40 | Elo: 536.0
[2026-09-14 00:00:17] Ep 108536626 | Sub 56206346 | State: EpisodeState.COMPLETED | Created: 2026-09-13 12:22:42 | Elo: 536.0
[2026-09-14 00:00:17] Ep 108535565 | Sub 56206346 | State: EpisodeState.COMPLETED | Created: 2026-09-13 12:18:42 | Elo: 536.0
[2026-09-14 00:00:17] Ep 108534541 | Sub 56206346 | State: EpisodeState.COMPLETED | Created: 2026-09-13 12:14:41 | Elo: 536.0
[2026-09-14 00:00:17] Ep 108533491 | Sub 56206346 | State: EpisodeState.COMPLETED | Created: 2026-09-13 12:10:45 | Elo: 536.0
[2026-09-14 00:00:17] Ep 108532460 | Sub 56206346 | State: EpisodeState.COMPLETED | Created: 2026-09-13 12:06:46 | Elo: 536.0
[2026-09-14 00:00:17] Ep 108531410 | Sub 56206346 | State: EpisodeState.COMPLETED | Created: 2026-09-13 12:02:41 | Elo: 536.0
[2026-09-14 00:00:17] Ep 108530407 | Sub 56206346 | State: EpisodeState.COMPLETED | Created: 2026-09-13 11:58:44 | Elo: 536.0
[2026-09-14 00:00:17] Ep 108529216 | Sub 56206346 | State: EpisodeState.COMPLETED | Created: 2026-09-13 11:53:44 | Elo: 536.0
[2026-09-14 00:00:24] Ep 108521773 | Sub 56199647 | State: EpisodeState.COMPLETED | Created: 2026-09-13 11:22:42 | Elo: 617.2
[2026-09-14 00:00:24] Ep 108490707 | Sub 56199647 | State: EpisodeState.COMPLETED | Created: 2026-09-13 09:22:39 | Elo: 617.2
[2026-09-14 00:00:24] Ep 108467382 | Sub 56199647 | State: EpisodeState.COMPLETED | Created: 2026-09-13 07:50:38 | Elo: 617.2
[2026-09-14 00:00:24] Ep 108452622 | Sub 56199647 | State: EpisodeState.COMPLETED | Created: 2026-09-13 06:50:39 | Elo: 617.2
[2026-09-14 00:00:24] Ep 108451598 | Sub 56199647 | State: EpisodeState.COMPLETED | Created: 2026-09-13 06:46:40 | Elo: 617.2
[2026-09-14 00:00:24] Ep 108450546 | Sub 56199647 | State: EpisodeState.COMPLETED | Created: 2026-09-13 06:42:39 | Elo: 617.2
[2026-09-14 00:00:24] Ep 108449540 | Sub 56199647 | State: EpisodeState.COMPLETED | Created: 2026-09-13 06:38:45 | Elo: 617.2
[2026-09-14 00:00:24] Ep 108448504 | Sub 56199647 | State: EpisodeState.COMPLETED | Created: 2026-09-13 06:34:42 | Elo: 617.2
[2026-09-14 00:00:24] Ep 108447454 | Sub 56199647 | State: EpisodeState.COMPLETED | Created: 2026-09-13 06:30:43 | Elo: 617.2
[2026-09-14 00:00:24] Ep 108446430 | Sub 56199647 | State: EpisodeState.COMPLETED | Created: 2026-09-13 06:26:43 | Elo: 617.2
[2026-09-14 00:00:24] Ep 108445406 | Sub 56199647 | State: EpisodeState.COMPLETED | Created: 2026-09-13 06:22:41 | Elo: 617.2
[2026-09-14 00:00:24] Ep 108444389 | Sub 56199647 | State: EpisodeState.COMPLETED | Created: 2026-09-13 06:18:43 | Elo: 617.2
[2026-09-14 00:00:24] Ep 108443365 | Sub 56199647 | State: EpisodeState.COMPLETED | Created: 2026-09-13 06:14:39 | Elo: 617.2
[2026-09-14 00:00:24] Ep 108442333 | Sub 56199647 | State: EpisodeState.COMPLETED | Created: 2026-09-13 06:10:38 | Elo: 617.2
[2026-09-14 00:00:24] Ep 108441324 | Sub 56199647 | State: EpisodeState.COMPLETED | Created: 2026-09-13 06:06:38 | Elo: 617.2
[2026-09-14 00:00:24] Ep 108440291 | Sub 56199647 | State: EpisodeState.COMPLETED | Created: 2026-09-13 06:02:38 | Elo: 617.2
[2026-09-14 00:00:24] Ep 108439238 | Sub 56199647 | State: EpisodeState.COMPLETED | Created: 2026-09-13 05:58:41 | Elo: 617.2
[2026-09-14 00:00:24] Ep 108438173 | Sub 56199647 | State: EpisodeState.COMPLETED | Created: 2026-09-13 05:54:40 | Elo: 617.2
[2026-09-14 00:00:24] Ep 108437157 | Sub 56199647 | State: EpisodeState.COMPLETED | Created: 2026-09-13 05:50:41 | Elo: 617.2
[2026-09-14 00:00:24] Ep 108436117 | Sub 56199647 | State: EpisodeState.COMPLETED | Created: 2026-09-13 05:46:39 | Elo: 617.2
[2026-09-14 00:00:24] Ep 108435092 | Sub 56199647 | State: EpisodeState.COMPLETED | Created: 2026-09-13 05:42:40 | Elo: 617.2
[2026-09-14 00:00:24] Ep 108434070 | Sub 56199647 | State: EpisodeState.COMPLETED | Created: 2026-09-13 05:38:42 | Elo: 617.2
[2026-09-14 00:00:24] Ep 108433033 | Sub 56199647 | State: EpisodeState.COMPLETED | Created: 2026-09-13 05:34:42 | Elo: 617.2
[2026-09-14 00:00:24] Ep 108432424 | Sub 56199647 | State: EpisodeState.COMPLETED | Created: 2026-09-13 05:30:42 | Elo: 617.2
[2026-09-14 00:00:24] Ep 108431992 | Sub 56199647 | State: EpisodeState.COMPLETED | Created: 2026-09-13 05:30:41 | Elo: 617.2
[2026-09-14 00:00:24] Ep 108430990 | Sub 56199647 | State: EpisodeState.COMPLETED | Created: 2026-09-13 05:26:40 | Elo: 617.2
[2026-09-14 00:00:24] Ep 108429936 | Sub 56199647 | State: EpisodeState.COMPLETED | Created: 2026-09-13 05:22:44 | Elo: 617.2
[2026-09-14 00:00:24] Ep 108429003 | Sub 56199647 | State: EpisodeState.COMPLETED | Created: 2026-09-13 05:18:40 | Elo: 617.2
[2026-09-14 00:00:24] Ep 108428749 | Sub 56199647 | State: EpisodeState.COMPLETED | Created: 2026-09-13 05:15:04 | Elo: 617.2
[2026-09-14 02:17:14] Ep 108747602 | Sub 56206351 | State: EpisodeState.COMPLETED | Created: 2026-09-14 02:10:48 | Elo: 586.0
[2026-09-14 03:22:20] Ep 108765425 | Sub 56206346 | State: EpisodeState.COMPLETED | Created: 2026-09-14 03:18:50 | Elo: 545.2
[2026-09-14 05:33:56] Ep 108799314 | Sub 56206351 | State: EpisodeState.COMPLETED | Created: 2026-09-14 05:30:52 | Elo: 594.3
[2026-09-14 05:36:16] Ep 108798826 | Sub 56206351 | State: EpisodeState.COMPLETED | Created: 2026-09-14 05:30:51 | Elo: 587.1
[2026-09-14 06:54:58] Ep 108819857 | Sub 56206346 | State: EpisodeState.COMPLETED | Created: 2026-09-14 06:50:49 | Elo: 553.4
[2026-09-14 09:10:50] Ep 108854700 | Sub 56206351 | State: EpisodeState.COMPLETED | Created: 2026-09-14 09:07:04 | Elo: 574.7
[2026-09-14 10:31:34] Ep 108875154 | Sub 56206346 | State: EpisodeState.COMPLETED | Created: 2026-09-14 10:26:50 | Elo: 543.9
[2026-09-14 12:04:04] Ep 108898912 | Sub 56206351 | State: EpisodeState.COMPLETED | Created: 2026-09-14 11:58:51 | Elo: 564.8
[2026-09-14 13:50:31] Ep 108926753 | Sub 56206346 | State: EpisodeState.COMPLETED | Created: 2026-09-14 13:46:51 | Elo: 537.8
[2026-09-14 16:11:20] Ep 108962844 | Sub 56206351 | State: EpisodeState.COMPLETED | Created: 2026-09-14 16:06:53 | Elo: 557.7
[2026-09-14 17:02:15] Ep 108976260 | Sub 56206351 | State: EpisodeState.COMPLETED | Created: 2026-09-14 16:58:53 | Elo: 550.1
[2026-09-14 17:53:33] Ep 108988725 | Sub 56206346 | State: EpisodeState.COMPLETED | Created: 2026-09-14 17:48:42 | Elo: 528.8
[2026-09-14 18:23:41] Ep 108996415 | Sub 56206351 | State: EpisodeState.COMPLETED | Created: 2026-09-14 18:20:43 | Elo: 557.7
[2026-09-14 21:11:11] Ep 109037883 | Sub 56206351 | State: EpisodeState.COMPLETED | Created: 2026-09-14 21:05:15 | Elo: 550.7
[2026-09-14 21:53:08] Ep 109049190 | Sub 56206351 | State: EpisodeState.COMPLETED | Created: 2026-09-14 21:49:16 | Elo: 544.2
[2026-09-14 21:55:28] Ep 109050271 | Sub 56206351 | State: EpisodeState.COMPLETED | Created: 2026-09-14 21:53:17 | Elo: 536.2
[2026-09-14 21:57:49] Ep 109050448 | Sub 56206351 | State: EpisodeState.COMPLETED | Created: 2026-09-14 21:53:18 | Elo: 530.0
[2026-09-14 22:09:33] Ep 109053419 | Sub 56206346 | State: EpisodeState.COMPLETED | Created: 2026-09-14 22:05:20 | Elo: 538.2
[2026-09-14 23:07:43] Ep 109066801 | Sub 56206346 | State: EpisodeState.COMPLETED | Created: 2026-09-14 23:01:33 | Elo: 545.9
[2026-09-15 02:55:15] Ep 109132791 | Sub 56206351 | State: EpisodeState.COMPLETED | Created: 2026-09-15 02:51:50 | Elo: 536.5
[2026-09-15 02:59:54] Ep 109133836 | Sub 56206351 | State: EpisodeState.COMPLETED | Created: 2026-09-15 02:55:49 | Elo: 543.9
[2026-09-15 03:25:20] Ep 109140666 | Sub 56206346 | State: EpisodeState.COMPLETED | Created: 2026-09-15 03:19:54 | Elo: 537.3
[2026-09-15 05:27:52] Ep 109173499 | Sub 56206351 | State: EpisodeState.COMPLETED | Created: 2026-09-15 05:23:55 | Elo: 539.4
[2026-09-15 05:32:36] Ep 109174982 | Sub 56206346 | State: EpisodeState.COMPLETED | Created: 2026-09-15 05:28:01 | Elo: 544.2
[2026-09-15 08:32:17] Ep 109222530 | Sub 56206351 | State: EpisodeState.COMPLETED | Created: 2026-09-15 08:27:51 | Elo: 532.3
[2026-09-15 09:55:19] Ep 109244236 | Sub 56206351 | State: EpisodeState.COMPLETED | Created: 2026-09-15 09:51:51 | Elo: 536.5
[2026-09-15 10:06:53] Ep 109246583 | Sub 56206346 | State: EpisodeState.COMPLETED | Created: 2026-09-15 09:59:53 | Elo: 551.3
[2026-09-15 13:50:51] Ep 109304872 | Sub 56206346 | State: EpisodeState.COMPLETED | Created: 2026-09-15 13:43:51 | Elo: 546.0
[2026-09-15 14:25:22] Ep 109314824 | Sub 56206351 | State: EpisodeState.COMPLETED | Created: 2026-09-15 14:19:53 | Elo: 531.0
[2026-09-15 17:47:08] Ep 109367962 | Sub 56206346 | State: EpisodeState.COMPLETED | Created: 2026-09-15 17:44:03 | Elo: 554.2
[2026-09-15 17:51:41] Ep 109369079 | Sub 56206351 | State: EpisodeState.COMPLETED | Created: 2026-09-15 17:48:04 | Elo: 525.8
[2026-09-15 20:15:28] Ep 109405547 | Sub 56206346 | State: EpisodeState.COMPLETED | Created: 2026-09-15 20:10:13 | Elo: 547.0
[2026-09-15 23:11:54] Ep 109450773 | Sub 56206351 | State: EpisodeState.COMPLETED | Created: 2026-09-15 23:07:28 | Elo: 519.7
[2026-09-16 00:59:02] Ep 109479346 | Sub 56206346 | State: EpisodeState.COMPLETED | Created: 2026-09-16 00:54:40 | Elo: 552.9
[2026-09-16 01:26:46] Ep 109487029 | Sub 56206351 | State: EpisodeState.COMPLETED | Created: 2026-09-16 01:22:35 | Elo: 518.5
[2026-09-16 01:38:36] Ep 109490931 | Sub 56206346 | State: EpisodeState.COMPLETED | Created: 2026-09-16 01:34:38 | Elo: 545.9
[2026-09-16 05:46:38] Ep 109559166 | Sub 56206346 | State: EpisodeState.COMPLETED | Created: 2026-09-16 05:42:38 | Elo: 539.5
[2026-09-16 06:55:47] Ep 109577346 | Sub 56206351 | State: EpisodeState.COMPLETED | Created: 2026-09-16 06:50:42 | Elo: 522.5
[2026-09-16 10:42:05] Ep 109637607 | Sub 56206351 | State: EpisodeState.COMPLETED | Created: 2026-09-16 10:38:42 | Elo: 516.8
[2026-09-16 10:49:08] Ep 109638830 | Sub 56206346 | State: EpisodeState.COMPLETED | Created: 2026-09-16 10:42:41 | Elo: 545.5
[2026-09-16 12:35:15] Ep 109667482 | Sub 56206351 | State: EpisodeState.COMPLETED | Created: 2026-09-16 12:30:44 | Elo: 522.7
[2026-09-16 12:49:00] Ep 109671328 | Sub 56206351 | State: EpisodeState.COMPLETED | Created: 2026-09-16 12:46:44 | Elo: 519.2

=== WATCHDOG STARTED AT 2026-09-16 15:35:36 (CLI MODE) FOR SUBS [56206351, 56206346, 56199647] ===
[2026-09-16 15:35:39] Ep 109671328 | Sub 56206351 | State: EpisodeState.COMPLETED | Created: 2026-09-16 12:46:44 | Elo: 519.2
[2026-09-16 15:35:39] Ep 109667482 | Sub 56206351 | State: EpisodeState.COMPLETED | Created: 2026-09-16 12:30:44 | Elo: 519.2
[2026-09-16 15:35:39] Ep 109637607 | Sub 56206351 | State: EpisodeState.COMPLETED | Created: 2026-09-16 10:38:42 | Elo: 519.2
[2026-09-16 15:35:39] Ep 109577346 | Sub 56206351 | State: EpisodeState.COMPLETED | Created: 2026-09-16 06:50:42 | Elo: 519.2
[2026-09-16 15:35:39] Ep 109487029 | Sub 56206351 | State: EpisodeState.COMPLETED | Created: 2026-09-16 01:22:35 | Elo: 519.2
[2026-09-16 15:35:39] Ep 109450773 | Sub 56206351 | State: EpisodeState.COMPLETED | Created: 2026-09-15 23:07:28 | Elo: 519.2
[2026-09-16 15:35:39] Ep 109369079 | Sub 56206351 | State: EpisodeState.COMPLETED | Created: 2026-09-15 17:48:04 | Elo: 519.2
[2026-09-16 15:35:39] Ep 109314824 | Sub 56206351 | State: EpisodeState.COMPLETED | Created: 2026-09-15 14:19:53 | Elo: 519.2
[2026-09-16 15:35:39] Ep 109244236 | Sub 56206351 | State: EpisodeState.COMPLETED | Created: 2026-09-15 09:51:51 | Elo: 519.2
[2026-09-16 15:35:39] Ep 109222530 | Sub 56206351 | State: EpisodeState.COMPLETED | Created: 2026-09-15 08:27:51 | Elo: 519.2
[2026-09-16 15:35:39] Ep 109173499 | Sub 56206351 | State: EpisodeState.COMPLETED | Created: 2026-09-15 05:23:55 | Elo: 519.2
[2026-09-16 15:35:39] Ep 109133836 | Sub 56206351 | State: EpisodeState.COMPLETED | Created: 2026-09-15 02:55:49 | Elo: 519.2
[2026-09-16 15:35:39] Ep 109132791 | Sub 56206351 | State: EpisodeState.COMPLETED | Created: 2026-09-15 02:51:50 | Elo: 519.2
[2026-09-16 15:35:39] Ep 109050448 | Sub 56206351 | State: EpisodeState.COMPLETED | Created: 2026-09-14 21:53:18 | Elo: 519.2
[2026-09-16 15:35:39] Ep 109050271 | Sub 56206351 | State: EpisodeState.COMPLETED | Created: 2026-09-14 21:53:17 | Elo: 519.2
[2026-09-16 15:35:39] Ep 109049190 | Sub 56206351 | State: EpisodeState.COMPLETED | Created: 2026-09-14 21:49:16 | Elo: 519.2
[2026-09-16 15:35:39] Ep 109037883 | Sub 56206351 | State: EpisodeState.COMPLETED | Created: 2026-09-14 21:05:15 | Elo: 519.2
[2026-09-16 15:35:39] Ep 108996415 | Sub 56206351 | State: EpisodeState.COMPLETED | Created: 2026-09-14 18:20:43 | Elo: 519.2
[2026-09-16 15:35:39] Ep 108976260 | Sub 56206351 | State: EpisodeState.COMPLETED | Created: 2026-09-14 16:58:53 | Elo: 519.2
[2026-09-16 15:35:39] Ep 108962844 | Sub 56206351 | State: EpisodeState.COMPLETED | Created: 2026-09-14 16:06:53 | Elo: 519.2
[2026-09-16 15:35:39] Ep 108898912 | Sub 56206351 | State: EpisodeState.COMPLETED | Created: 2026-09-14 11:58:51 | Elo: 519.2
[2026-09-16 15:35:39] Ep 108854700 | Sub 56206351 | State: EpisodeState.COMPLETED | Created: 2026-09-14 09:07:04 | Elo: 519.2
[2026-09-16 15:35:39] Ep 108798826 | Sub 56206351 | State: EpisodeState.COMPLETED | Created: 2026-09-14 05:30:51 | Elo: 519.2
[2026-09-16 15:35:39] Ep 108799314 | Sub 56206351 | State: EpisodeState.COMPLETED | Created: 2026-09-14 05:30:52 | Elo: 519.2
[2026-09-16 15:35:39] Ep 108747602 | Sub 56206351 | State: EpisodeState.COMPLETED | Created: 2026-09-14 02:10:48 | Elo: 519.2
[2026-09-16 15:35:39] Ep 108710042 | Sub 56206351 | State: EpisodeState.COMPLETED | Created: 2026-09-13 23:42:47 | Elo: 519.2
[2026-09-16 15:35:39] Ep 108668360 | Sub 56206351 | State: EpisodeState.COMPLETED | Created: 2026-09-13 20:58:53 | Elo: 519.2
[2026-09-16 15:35:39] Ep 108628757 | Sub 56206351 | State: EpisodeState.COMPLETED | Created: 2026-09-13 18:22:47 | Elo: 519.2
[2026-09-16 15:35:39] Ep 108597334 | Sub 56206351 | State: EpisodeState.COMPLETED | Created: 2026-09-13 16:18:48 | Elo: 519.2
[2026-09-16 15:35:39] Ep 108568127 | Sub 56206351 | State: EpisodeState.COMPLETED | Created: 2026-09-13 14:26:43 | Elo: 519.2
[2026-09-16 15:35:39] Ep 108551250 | Sub 56206351 | State: EpisodeState.COMPLETED | Created: 2026-09-13 13:18:45 | Elo: 519.2
[2026-09-16 15:35:39] Ep 108551032 | Sub 56206351 | State: EpisodeState.COMPLETED | Created: 2026-09-13 13:18:45 | Elo: 519.2
[2026-09-16 15:35:39] Ep 108550110 | Sub 56206351 | State: EpisodeState.COMPLETED | Created: 2026-09-13 13:14:44 | Elo: 519.2
[2026-09-16 15:35:39] Ep 108549178 | Sub 56206351 | State: EpisodeState.COMPLETED | Created: 2026-09-13 13:10:43 | Elo: 519.2
[2026-09-16 15:35:39] Ep 108548186 | Sub 56206351 | State: EpisodeState.COMPLETED | Created: 2026-09-13 13:06:42 | Elo: 519.2
[2026-09-16 15:35:39] Ep 108547104 | Sub 56206351 | State: EpisodeState.COMPLETED | Created: 2026-09-13 13:02:42 | Elo: 519.2
[2026-09-16 15:35:39] Ep 108546039 | Sub 56206351 | State: EpisodeState.COMPLETED | Created: 2026-09-13 12:58:49 | Elo: 519.2
[2026-09-16 15:35:39] Ep 108545008 | Sub 56206351 | State: EpisodeState.COMPLETED | Created: 2026-09-13 12:54:41 | Elo: 519.2
[2026-09-16 15:35:39] Ep 108543974 | Sub 56206351 | State: EpisodeState.COMPLETED | Created: 2026-09-13 12:50:41 | Elo: 519.2
[2026-09-16 15:35:39] Ep 108542924 | Sub 56206351 | State: EpisodeState.COMPLETED | Created: 2026-09-13 12:46:43 | Elo: 519.2
[2026-09-16 15:35:39] Ep 108543142 | Sub 56206351 | State: EpisodeState.COMPLETED | Created: 2026-09-13 12:46:44 | Elo: 519.2
[2026-09-16 15:35:39] Ep 108541866 | Sub 56206351 | State: EpisodeState.COMPLETED | Created: 2026-09-13 12:42:40 | Elo: 519.2
[2026-09-16 15:35:39] Ep 108540852 | Sub 56206351 | State: EpisodeState.COMPLETED | Created: 2026-09-13 12:38:46 | Elo: 519.2
[2026-09-16 15:35:39] Ep 108539838 | Sub 56206351 | State: EpisodeState.COMPLETED | Created: 2026-09-13 12:34:42 | Elo: 519.2
[2026-09-16 15:35:39] Ep 108538754 | Sub 56206351 | State: EpisodeState.COMPLETED | Created: 2026-09-13 12:30:46 | Elo: 519.2
[2026-09-16 15:35:39] Ep 108537716 | Sub 56206351 | State: EpisodeState.COMPLETED | Created: 2026-09-13 12:26:40 | Elo: 519.2
[2026-09-16 15:35:39] Ep 108537710 | Sub 56206351 | State: EpisodeState.COMPLETED | Created: 2026-09-13 12:26:40 | Elo: 519.2
[2026-09-16 15:35:39] Ep 108536637 | Sub 56206351 | State: EpisodeState.COMPLETED | Created: 2026-09-13 12:22:42 | Elo: 519.2
[2026-09-16 15:35:39] Ep 108535607 | Sub 56206351 | State: EpisodeState.COMPLETED | Created: 2026-09-13 12:18:42 | Elo: 519.2
[2026-09-16 15:35:39] Ep 108534582 | Sub 56206351 | State: EpisodeState.COMPLETED | Created: 2026-09-13 12:14:41 | Elo: 519.2
[2026-09-16 15:35:39] Ep 108533467 | Sub 56206351 | State: EpisodeState.COMPLETED | Created: 2026-09-13 12:10:45 | Elo: 519.2
[2026-09-16 15:35:39] Ep 108533494 | Sub 56206351 | State: EpisodeState.COMPLETED | Created: 2026-09-13 12:10:45 | Elo: 519.2
[2026-09-16 15:35:39] Ep 108532462 | Sub 56206351 | State: EpisodeState.COMPLETED | Created: 2026-09-13 12:06:46 | Elo: 519.2
[2026-09-16 15:35:39] Ep 108531413 | Sub 56206351 | State: EpisodeState.COMPLETED | Created: 2026-09-13 12:02:41 | Elo: 519.2
[2026-09-16 15:35:39] Ep 108530408 | Sub 56206351 | State: EpisodeState.COMPLETED | Created: 2026-09-13 11:58:44 | Elo: 519.2
[2026-09-16 15:35:39] Ep 108529218 | Sub 56206351 | State: EpisodeState.COMPLETED | Created: 2026-09-13 11:54:02 | Elo: 519.2
[2026-09-16 15:35:39] Ep Use "kaggle competitions replay <episode_id>" to download a replay | Sub 56206351 | State: None | Created:  or "kaggle competi | Elo: 519.2
[2026-09-16 15:35:45] Ep 109638830 | Sub 56206346 | State: EpisodeState.COMPLETED | Created: 2026-09-16 10:42:41 | Elo: 545.5
[2026-09-16 15:35:45] Ep 109559166 | Sub 56206346 | State: EpisodeState.COMPLETED | Created: 2026-09-16 05:42:38 | Elo: 545.5
[2026-09-16 15:35:45] Ep 109490931 | Sub 56206346 | State: EpisodeState.COMPLETED | Created: 2026-09-16 01:34:38 | Elo: 545.5
[2026-09-16 15:35:45] Ep 109479346 | Sub 56206346 | State: EpisodeState.COMPLETED | Created: 2026-09-16 00:54:40 | Elo: 545.5
[2026-09-16 15:35:45] Ep 109405547 | Sub 56206346 | State: EpisodeState.COMPLETED | Created: 2026-09-15 20:10:13 | Elo: 545.5
[2026-09-16 15:35:45] Ep 109367962 | Sub 56206346 | State: EpisodeState.COMPLETED | Created: 2026-09-15 17:44:03 | Elo: 545.5
[2026-09-16 15:35:45] Ep 109304872 | Sub 56206346 | State: EpisodeState.COMPLETED | Created: 2026-09-15 13:43:51 | Elo: 545.5
[2026-09-16 15:35:45] Ep 109246583 | Sub 56206346 | State: EpisodeState.COMPLETED | Created: 2026-09-15 09:59:53 | Elo: 545.5
[2026-09-16 15:35:45] Ep 109174982 | Sub 56206346 | State: EpisodeState.COMPLETED | Created: 2026-09-15 05:28:01 | Elo: 545.5
[2026-09-16 15:35:45] Ep 109140666 | Sub 56206346 | State: EpisodeState.COMPLETED | Created: 2026-09-15 03:19:54 | Elo: 545.5
[2026-09-16 15:35:45] Ep 109066801 | Sub 56206346 | State: EpisodeState.COMPLETED | Created: 2026-09-14 23:01:33 | Elo: 545.5
[2026-09-16 15:35:45] Ep 109053419 | Sub 56206346 | State: EpisodeState.COMPLETED | Created: 2026-09-14 22:05:20 | Elo: 545.5
[2026-09-16 15:35:45] Ep 108988725 | Sub 56206346 | State: EpisodeState.COMPLETED | Created: 2026-09-14 17:48:42 | Elo: 545.5
[2026-09-16 15:35:45] Ep 108926753 | Sub 56206346 | State: EpisodeState.COMPLETED | Created: 2026-09-14 13:46:51 | Elo: 545.5
[2026-09-16 15:35:45] Ep 108875154 | Sub 56206346 | State: EpisodeState.COMPLETED | Created: 2026-09-14 10:26:50 | Elo: 545.5
[2026-09-16 15:35:45] Ep 108819857 | Sub 56206346 | State: EpisodeState.COMPLETED | Created: 2026-09-14 06:50:49 | Elo: 545.5
[2026-09-16 15:35:45] Ep 108765425 | Sub 56206346 | State: EpisodeState.COMPLETED | Created: 2026-09-14 03:18:50 | Elo: 545.5
[2026-09-16 15:35:45] Ep 108711799 | Sub 56206346 | State: EpisodeState.COMPLETED | Created: 2026-09-13 23:50:44 | Elo: 545.5
[2026-09-16 15:35:45] Ep 108677684 | Sub 56206346 | State: EpisodeState.COMPLETED | Created: 2026-09-13 21:34:45 | Elo: 545.5
[2026-09-16 15:35:45] Ep 108673429 | Sub 56206346 | State: EpisodeState.COMPLETED | Created: 2026-09-13 21:18:46 | Elo: 545.5
[2026-09-16 15:35:45] Ep 108639956 | Sub 56206346 | State: EpisodeState.COMPLETED | Created: 2026-09-13 19:06:44 | Elo: 545.5
[2026-09-16 15:35:45] Ep 108608936 | Sub 56206346 | State: EpisodeState.COMPLETED | Created: 2026-09-13 17:06:43 | Elo: 545.5
[2026-09-16 15:35:45] Ep 108593325 | Sub 56206346 | State: EpisodeState.COMPLETED | Created: 2026-09-13 16:02:44 | Elo: 545.5
[2026-09-16 15:35:45] Ep 108568780 | Sub 56206346 | State: EpisodeState.COMPLETED | Created: 2026-09-13 14:26:44 | Elo: 545.5
[2026-09-16 15:35:45] Ep 108550445 | Sub 56206346 | State: EpisodeState.COMPLETED | Created: 2026-09-13 13:14:44 | Elo: 545.5
[2026-09-16 15:35:45] Ep 108549158 | Sub 56206346 | State: EpisodeState.COMPLETED | Created: 2026-09-13 13:10:43 | Elo: 545.5
[2026-09-16 15:35:45] Ep 108548051 | Sub 56206346 | State: EpisodeState.COMPLETED | Created: 2026-09-13 13:06:42 | Elo: 545.5
[2026-09-16 15:35:45] Ep 108547021 | Sub 56206346 | State: EpisodeState.COMPLETED | Created: 2026-09-13 13:02:42 | Elo: 545.5
[2026-09-16 15:35:45] Ep 108546003 | Sub 56206346 | State: EpisodeState.COMPLETED | Created: 2026-09-13 12:58:49 | Elo: 545.5
[2026-09-16 15:35:45] Ep 108544966 | Sub 56206346 | State: EpisodeState.COMPLETED | Created: 2026-09-13 12:54:41 | Elo: 545.5
[2026-09-16 15:35:45] Ep 108543928 | Sub 56206346 | State: EpisodeState.COMPLETED | Created: 2026-09-13 12:50:41 | Elo: 545.5
[2026-09-16 15:35:45] Ep 108542910 | Sub 56206346 | State: EpisodeState.COMPLETED | Created: 2026-09-13 12:46:43 | Elo: 545.5
[2026-09-16 15:35:45] Ep 108541858 | Sub 56206346 | State: EpisodeState.COMPLETED | Created: 2026-09-13 12:42:40 | Elo: 545.5
[2026-09-16 15:35:45] Ep 108540831 | Sub 56206346 | State: EpisodeState.COMPLETED | Created: 2026-09-13 12:38:46 | Elo: 545.5
[2026-09-16 15:35:45] Ep 108539817 | Sub 56206346 | State: EpisodeState.COMPLETED | Created: 2026-09-13 12:34:42 | Elo: 545.5
[2026-09-16 15:35:45] Ep 108538757 | Sub 56206346 | State: EpisodeState.COMPLETED | Created: 2026-09-13 12:30:46 | Elo: 545.5
[2026-09-16 15:35:45] Ep 108537637 | Sub 56206346 | State: EpisodeState.COMPLETED | Created: 2026-09-13 12:26:40 | Elo: 545.5
[2026-09-16 15:35:45] Ep 108536626 | Sub 56206346 | State: EpisodeState.COMPLETED | Created: 2026-09-13 12:22:42 | Elo: 545.5
[2026-09-16 15:35:45] Ep 108535565 | Sub 56206346 | State: EpisodeState.COMPLETED | Created: 2026-09-13 12:18:42 | Elo: 545.5
[2026-09-16 15:35:45] Ep 108534541 | Sub 56206346 | State: EpisodeState.COMPLETED | Created: 2026-09-13 12:14:41 | Elo: 545.5
[2026-09-16 15:35:45] Ep 108533491 | Sub 56206346 | State: EpisodeState.COMPLETED | Created: 2026-09-13 12:10:45 | Elo: 545.5
[2026-09-16 15:35:45] Ep 108532460 | Sub 56206346 | State: EpisodeState.COMPLETED | Created: 2026-09-13 12:06:46 | Elo: 545.5
[2026-09-16 15:35:45] Ep 108531410 | Sub 56206346 | State: EpisodeState.COMPLETED | Created: 2026-09-13 12:02:41 | Elo: 545.5
[2026-09-16 15:35:45] Ep 108530407 | Sub 56206346 | State: EpisodeState.COMPLETED | Created: 2026-09-13 11:58:44 | Elo: 545.5
[2026-09-16 15:35:45] Ep 108529216 | Sub 56206346 | State: EpisodeState.COMPLETED | Created: 2026-09-13 11:53:44 | Elo: 545.5
[2026-09-16 15:35:51] Ep 108521773 | Sub 56199647 | State: EpisodeState.COMPLETED | Created: 2026-09-13 11:22:42 | Elo: 617.2
[2026-09-16 15:35:51] Ep 108490707 | Sub 56199647 | State: EpisodeState.COMPLETED | Created: 2026-09-13 09:22:39 | Elo: 617.2
[2026-09-16 15:35:51] Ep 108467382 | Sub 56199647 | State: EpisodeState.COMPLETED | Created: 2026-09-13 07:50:38 | Elo: 617.2
[2026-09-16 15:35:51] Ep 108452622 | Sub 56199647 | State: EpisodeState.COMPLETED | Created: 2026-09-13 06:50:39 | Elo: 617.2
[2026-09-16 15:35:51] Ep 108451598 | Sub 56199647 | State: EpisodeState.COMPLETED | Created: 2026-09-13 06:46:40 | Elo: 617.2
[2026-09-16 15:35:51] Ep 108450546 | Sub 56199647 | State: EpisodeState.COMPLETED | Created: 2026-09-13 06:42:39 | Elo: 617.2
[2026-09-16 15:35:51] Ep 108449540 | Sub 56199647 | State: EpisodeState.COMPLETED | Created: 2026-09-13 06:38:45 | Elo: 617.2
[2026-09-16 15:35:51] Ep 108448504 | Sub 56199647 | State: EpisodeState.COMPLETED | Created: 2026-09-13 06:34:42 | Elo: 617.2
[2026-09-16 15:35:51] Ep 108447454 | Sub 56199647 | State: EpisodeState.COMPLETED | Created: 2026-09-13 06:30:43 | Elo: 617.2
[2026-09-16 15:35:51] Ep 108446430 | Sub 56199647 | State: EpisodeState.COMPLETED | Created: 2026-09-13 06:26:43 | Elo: 617.2
[2026-09-16 15:35:51] Ep 108445406 | Sub 56199647 | State: EpisodeState.COMPLETED | Created: 2026-09-13 06:22:41 | Elo: 617.2
[2026-09-16 15:35:51] Ep 108444389 | Sub 56199647 | State: EpisodeState.COMPLETED | Created: 2026-09-13 06:18:43 | Elo: 617.2
[2026-09-16 15:35:51] Ep 108443365 | Sub 56199647 | State: EpisodeState.COMPLETED | Created: 2026-09-13 06:14:39 | Elo: 617.2
[2026-09-16 15:35:51] Ep 108442333 | Sub 56199647 | State: EpisodeState.COMPLETED | Created: 2026-09-13 06:10:38 | Elo: 617.2
[2026-09-16 15:35:51] Ep 108441324 | Sub 56199647 | State: EpisodeState.COMPLETED | Created: 2026-09-13 06:06:38 | Elo: 617.2
[2026-09-16 15:35:51] Ep 108440291 | Sub 56199647 | State: EpisodeState.COMPLETED | Created: 2026-09-13 06:02:38 | Elo: 617.2
[2026-09-16 15:35:51] Ep 108439238 | Sub 56199647 | State: EpisodeState.COMPLETED | Created: 2026-09-13 05:58:41 | Elo: 617.2
[2026-09-16 15:35:51] Ep 108438173 | Sub 56199647 | State: EpisodeState.COMPLETED | Created: 2026-09-13 05:54:40 | Elo: 617.2
[2026-09-16 15:35:51] Ep 108437157 | Sub 56199647 | State: EpisodeState.COMPLETED | Created: 2026-09-13 05:50:41 | Elo: 617.2
[2026-09-16 15:35:51] Ep 108436117 | Sub 56199647 | State: EpisodeState.COMPLETED | Created: 2026-09-13 05:46:39 | Elo: 617.2
[2026-09-16 15:35:51] Ep 108435092 | Sub 56199647 | State: EpisodeState.COMPLETED | Created: 2026-09-13 05:42:40 | Elo: 617.2
[2026-09-16 15:35:51] Ep 108434070 | Sub 56199647 | State: EpisodeState.COMPLETED | Created: 2026-09-13 05:38:42 | Elo: 617.2
[2026-09-16 15:35:51] Ep 108433033 | Sub 56199647 | State: EpisodeState.COMPLETED | Created: 2026-09-13 05:34:42 | Elo: 617.2
[2026-09-16 15:35:51] Ep 108432424 | Sub 56199647 | State: EpisodeState.COMPLETED | Created: 2026-09-13 05:30:42 | Elo: 617.2
[2026-09-16 15:35:51] Ep 108431992 | Sub 56199647 | State: EpisodeState.COMPLETED | Created: 2026-09-13 05:30:41 | Elo: 617.2
[2026-09-16 15:35:51] Ep 108430990 | Sub 56199647 | State: EpisodeState.COMPLETED | Created: 2026-09-13 05:26:40 | Elo: 617.2
[2026-09-16 15:35:51] Ep 108429936 | Sub 56199647 | State: EpisodeState.COMPLETED | Created: 2026-09-13 05:22:44 | Elo: 617.2
[2026-09-16 15:35:51] Ep 108429003 | Sub 56199647 | State: EpisodeState.COMPLETED | Created: 2026-09-13 05:18:40 | Elo: 617.2
[2026-09-16 15:35:51] Ep 108428749 | Sub 56199647 | State: EpisodeState.COMPLETED | Created: 2026-09-13 05:15:04 | Elo: 617.2
[2026-09-16 15:44:47] Ep 109718914 | Sub 56206351 | State: EpisodeState.COMPLETED | Created: 2026-09-16 15:42:41 | Elo: 524.2
[2026-09-16 19:13:15] Ep 109770765 | Sub 56206351 | State: EpisodeState.COMPLETED | Created: 2026-09-16 19:07:22 | Elo: 519.2
[2026-09-16 19:22:30] Ep 109772363 | Sub 56206351 | State: EpisodeState.COMPLETED | Created: 2026-09-16 19:15:23 | Elo: 516.9
[2026-09-16 22:58:37] Ep 109829909 | Sub 56206351 | State: EpisodeState.COMPLETED | Created: 2026-09-16 22:54:14 | Elo: 521.7

=== WATCHDOG STARTED AT 2026-09-16 23:38:23 (auto-tracks newest submission) ===
[2026-09-16 23:38:28] Ep 109794593 | Sub 56279111 | State: EpisodeState.COMPLETED | Created: 2026-09-16 20:39:21 | Elo: 630.9
[2026-09-16 23:38:28] Ep 109774801 | Sub 56279111 | State: EpisodeState.COMPLETED | Created: 2026-09-16 19:23:24 | Elo: 630.9
[2026-09-16 23:38:28] Ep 109768141 | Sub 56279111 | State: EpisodeState.COMPLETED | Created: 2026-09-16 18:59:22 | Elo: 630.9
[2026-09-16 23:38:28] Ep 109767657 | Sub 56279111 | State: EpisodeState.COMPLETED | Created: 2026-09-16 18:55:23 | Elo: 630.9
[2026-09-16 23:38:28] Ep 109732673 | Sub 56279111 | State: EpisodeState.COMPLETED | Created: 2026-09-16 16:34:40 | Elo: 630.9
[2026-09-16 23:38:28] Ep 109701701 | Sub 56279111 | State: EpisodeState.COMPLETED | Created: 2026-09-16 14:38:44 | Elo: 630.9
[2026-09-16 23:38:28] Ep 109702756 | Sub 56279111 | State: EpisodeState.COMPLETED | Created: 2026-09-16 14:42:42 | Elo: 630.9
[2026-09-16 23:38:28] Ep 109699443 | Sub 56279111 | State: EpisodeState.COMPLETED | Created: 2026-09-16 14:30:48 | Elo: 630.9
[2026-09-16 23:38:28] Ep 109700512 | Sub 56279111 | State: EpisodeState.COMPLETED | Created: 2026-09-16 14:34:43 | Elo: 630.9
[2026-09-16 23:38:28] Ep 109698337 | Sub 56279111 | State: EpisodeState.COMPLETED | Created: 2026-09-16 14:26:42 | Elo: 630.9
[2026-09-16 23:38:28] Ep 109697269 | Sub 56279111 | State: EpisodeState.COMPLETED | Created: 2026-09-16 14:22:42 | Elo: 630.9
[2026-09-16 23:38:28] Ep 109696158 | Sub 56279111 | State: EpisodeState.COMPLETED | Created: 2026-09-16 14:18:56 | Elo: 630.9
[2026-09-16 23:38:28] Ep 109695052 | Sub 56279111 | State: EpisodeState.COMPLETED | Created: 2026-09-16 14:14:42 | Elo: 630.9
[2026-09-16 23:38:28] Ep 109693952 | Sub 56279111 | State: EpisodeState.COMPLETED | Created: 2026-09-16 14:10:42 | Elo: 630.9
[2026-09-16 23:38:28] Ep 109692876 | Sub 56279111 | State: EpisodeState.COMPLETED | Created: 2026-09-16 14:06:45 | Elo: 630.9
[2026-09-16 23:38:28] Ep 109691774 | Sub 56279111 | State: EpisodeState.COMPLETED | Created: 2026-09-16 14:02:43 | Elo: 630.9
[2026-09-16 23:38:28] Ep 109690681 | Sub 56279111 | State: EpisodeState.COMPLETED | Created: 2026-09-16 13:58:44 | Elo: 630.9
[2026-09-16 23:38:28] Ep 109689607 | Sub 56279111 | State: EpisodeState.COMPLETED | Created: 2026-09-16 13:54:42 | Elo: 630.9
[2026-09-16 23:38:28] Ep 109688550 | Sub 56279111 | State: EpisodeState.COMPLETED | Created: 2026-09-16 13:50:42 | Elo: 630.9
[2026-09-16 23:38:28] Ep 109687477 | Sub 56279111 | State: EpisodeState.COMPLETED | Created: 2026-09-16 13:46:42 | Elo: 630.9
[2026-09-16 23:38:28] Ep 109686394 | Sub 56279111 | State: EpisodeState.COMPLETED | Created: 2026-09-16 13:42:43 | Elo: 630.9
[2026-09-16 23:38:28] Ep 109685274 | Sub 56279111 | State: EpisodeState.COMPLETED | Created: 2026-09-16 13:38:44 | Elo: 630.9
[2026-09-16 23:38:28] Ep 109684168 | Sub 56279111 | State: EpisodeState.COMPLETED | Created: 2026-09-16 13:34:42 | Elo: 630.9
[2026-09-16 23:38:28] Ep 109683090 | Sub 56279111 | State: EpisodeState.COMPLETED | Created: 2026-09-16 13:30:42 | Elo: 630.9
[2026-09-16 23:38:28] Ep 109682016 | Sub 56279111 | State: EpisodeState.COMPLETED | Created: 2026-09-16 13:26:45 | Elo: 630.9
[2026-09-16 23:38:28] Ep 109680914 | Sub 56279111 | State: EpisodeState.COMPLETED | Created: 2026-09-16 13:22:44 | Elo: 630.9
[2026-09-16 23:38:28] Ep 109679843 | Sub 56279111 | State: EpisodeState.COMPLETED | Created: 2026-09-16 13:18:44 | Elo: 630.9
[2026-09-16 23:38:28] Ep 109678780 | Sub 56279111 | State: EpisodeState.COMPLETED | Created: 2026-09-16 13:14:42 | Elo: 630.9
[2026-09-16 23:38:28] Ep 109677724 | Sub 56279111 | State: EpisodeState.COMPLETED | Created: 2026-09-16 13:10:42 | Elo: 630.9
[2026-09-16 23:38:28] Ep 109676621 | Sub 56279111 | State: EpisodeState.COMPLETED | Created: 2026-09-16 13:06:45 | Elo: 630.9
[2026-09-16 23:38:28] Ep 109675344 | Sub 56279111 | State: EpisodeState.COMPLETED | Created: 2026-09-16 13:00:55 | Elo: 630.9
[2026-09-16 23:38:28] Ep Use "kaggle competitions replay <episode_id>" to download a replay | Sub 56279111 | State: None | Created:  or "kaggle competi | Elo: 630.9
[2026-09-16 23:38:32] Ep 109829909 | Sub 56206351 | State: EpisodeState.COMPLETED | Created: 2026-09-16 22:54:14 | Elo: 521.7
[2026-09-16 23:38:32] Ep 109772363 | Sub 56206351 | State: EpisodeState.COMPLETED | Created: 2026-09-16 19:15:23 | Elo: 521.7
[2026-09-16 23:38:32] Ep 109770765 | Sub 56206351 | State: EpisodeState.COMPLETED | Created: 2026-09-16 19:07:22 | Elo: 521.7
[2026-09-16 23:38:32] Ep 109718914 | Sub 56206351 | State: EpisodeState.COMPLETED | Created: 2026-09-16 15:42:41 | Elo: 521.7
[2026-09-16 23:38:32] Ep 109671328 | Sub 56206351 | State: EpisodeState.COMPLETED | Created: 2026-09-16 12:46:44 | Elo: 521.7
[2026-09-16 23:38:32] Ep 109667482 | Sub 56206351 | State: EpisodeState.COMPLETED | Created: 2026-09-16 12:30:44 | Elo: 521.7
[2026-09-16 23:38:32] Ep 109637607 | Sub 56206351 | State: EpisodeState.COMPLETED | Created: 2026-09-16 10:38:42 | Elo: 521.7
[2026-09-16 23:38:32] Ep 109577346 | Sub 56206351 | State: EpisodeState.COMPLETED | Created: 2026-09-16 06:50:42 | Elo: 521.7
[2026-09-16 23:38:32] Ep 109487029 | Sub 56206351 | State: EpisodeState.COMPLETED | Created: 2026-09-16 01:22:35 | Elo: 521.7
[2026-09-16 23:38:32] Ep 109450773 | Sub 56206351 | State: EpisodeState.COMPLETED | Created: 2026-09-15 23:07:28 | Elo: 521.7
[2026-09-16 23:38:32] Ep 109369079 | Sub 56206351 | State: EpisodeState.COMPLETED | Created: 2026-09-15 17:48:04 | Elo: 521.7
[2026-09-16 23:38:32] Ep 109314824 | Sub 56206351 | State: EpisodeState.COMPLETED | Created: 2026-09-15 14:19:53 | Elo: 521.7
[2026-09-16 23:38:32] Ep 109244236 | Sub 56206351 | State: EpisodeState.COMPLETED | Created: 2026-09-15 09:51:51 | Elo: 521.7
[2026-09-16 23:38:32] Ep 109222530 | Sub 56206351 | State: EpisodeState.COMPLETED | Created: 2026-09-15 08:27:51 | Elo: 521.7
[2026-09-16 23:38:32] Ep 109173499 | Sub 56206351 | State: EpisodeState.COMPLETED | Created: 2026-09-15 05:23:55 | Elo: 521.7
[2026-09-16 23:38:32] Ep 109133836 | Sub 56206351 | State: EpisodeState.COMPLETED | Created: 2026-09-15 02:55:49 | Elo: 521.7
[2026-09-16 23:38:32] Ep 109132791 | Sub 56206351 | State: EpisodeState.COMPLETED | Created: 2026-09-15 02:51:50 | Elo: 521.7
[2026-09-16 23:38:32] Ep 109050448 | Sub 56206351 | State: EpisodeState.COMPLETED | Created: 2026-09-14 21:53:18 | Elo: 521.7
[2026-09-16 23:38:32] Ep 109050271 | Sub 56206351 | State: EpisodeState.COMPLETED | Created: 2026-09-14 21:53:17 | Elo: 521.7
[2026-09-16 23:38:32] Ep 109049190 | Sub 56206351 | State: EpisodeState.COMPLETED | Created: 2026-09-14 21:49:16 | Elo: 521.7
[2026-09-16 23:38:32] Ep 109037883 | Sub 56206351 | State: EpisodeState.COMPLETED | Created: 2026-09-14 21:05:15 | Elo: 521.7
[2026-09-16 23:38:32] Ep 108996415 | Sub 56206351 | State: EpisodeState.COMPLETED | Created: 2026-09-14 18:20:43 | Elo: 521.7
[2026-09-16 23:38:32] Ep 108976260 | Sub 56206351 | State: EpisodeState.COMPLETED | Created: 2026-09-14 16:58:53 | Elo: 521.7
[2026-09-16 23:38:32] Ep 108962844 | Sub 56206351 | State: EpisodeState.COMPLETED | Created: 2026-09-14 16:06:53 | Elo: 521.7
[2026-09-16 23:38:32] Ep 108898912 | Sub 56206351 | State: EpisodeState.COMPLETED | Created: 2026-09-14 11:58:51 | Elo: 521.7
[2026-09-16 23:38:32] Ep 108854700 | Sub 56206351 | State: EpisodeState.COMPLETED | Created: 2026-09-14 09:07:04 | Elo: 521.7
[2026-09-16 23:38:32] Ep 108798826 | Sub 56206351 | State: EpisodeState.COMPLETED | Created: 2026-09-14 05:30:51 | Elo: 521.7
[2026-09-16 23:38:32] Ep 108799314 | Sub 56206351 | State: EpisodeState.COMPLETED | Created: 2026-09-14 05:30:52 | Elo: 521.7
[2026-09-16 23:38:32] Ep 108747602 | Sub 56206351 | State: EpisodeState.COMPLETED | Created: 2026-09-14 02:10:48 | Elo: 521.7
[2026-09-16 23:38:32] Ep 108710042 | Sub 56206351 | State: EpisodeState.COMPLETED | Created: 2026-09-13 23:42:47 | Elo: 521.7
[2026-09-16 23:38:32] Ep 108668360 | Sub 56206351 | State: EpisodeState.COMPLETED | Created: 2026-09-13 20:58:53 | Elo: 521.7
[2026-09-16 23:38:32] Ep 108628757 | Sub 56206351 | State: EpisodeState.COMPLETED | Created: 2026-09-13 18:22:47 | Elo: 521.7
[2026-09-16 23:38:32] Ep 108597334 | Sub 56206351 | State: EpisodeState.COMPLETED | Created: 2026-09-13 16:18:48 | Elo: 521.7
[2026-09-16 23:38:32] Ep 108568127 | Sub 56206351 | State: EpisodeState.COMPLETED | Created: 2026-09-13 14:26:43 | Elo: 521.7
[2026-09-16 23:38:32] Ep 108551250 | Sub 56206351 | State: EpisodeState.COMPLETED | Created: 2026-09-13 13:18:45 | Elo: 521.7
[2026-09-16 23:38:32] Ep 108551032 | Sub 56206351 | State: EpisodeState.COMPLETED | Created: 2026-09-13 13:18:45 | Elo: 521.7
[2026-09-16 23:38:32] Ep 108550110 | Sub 56206351 | State: EpisodeState.COMPLETED | Created: 2026-09-13 13:14:44 | Elo: 521.7
[2026-09-16 23:38:32] Ep 108549178 | Sub 56206351 | State: EpisodeState.COMPLETED | Created: 2026-09-13 13:10:43 | Elo: 521.7
[2026-09-16 23:38:32] Ep 108548186 | Sub 56206351 | State: EpisodeState.COMPLETED | Created: 2026-09-13 13:06:42 | Elo: 521.7
[2026-09-16 23:38:32] Ep 108547104 | Sub 56206351 | State: EpisodeState.COMPLETED | Created: 2026-09-13 13:02:42 | Elo: 521.7
[2026-09-16 23:38:32] Ep 108546039 | Sub 56206351 | State: EpisodeState.COMPLETED | Created: 2026-09-13 12:58:49 | Elo: 521.7
[2026-09-16 23:38:32] Ep 108545008 | Sub 56206351 | State: EpisodeState.COMPLETED | Created: 2026-09-13 12:54:41 | Elo: 521.7
[2026-09-16 23:38:32] Ep 108543974 | Sub 56206351 | State: EpisodeState.COMPLETED | Created: 2026-09-13 12:50:41 | Elo: 521.7
[2026-09-16 23:38:32] Ep 108542924 | Sub 56206351 | State: EpisodeState.COMPLETED | Created: 2026-09-13 12:46:43 | Elo: 521.7
[2026-09-16 23:38:32] Ep 108543142 | Sub 56206351 | State: EpisodeState.COMPLETED | Created: 2026-09-13 12:46:44 | Elo: 521.7
[2026-09-16 23:38:32] Ep 108541866 | Sub 56206351 | State: EpisodeState.COMPLETED | Created: 2026-09-13 12:42:40 | Elo: 521.7
[2026-09-16 23:38:32] Ep 108540852 | Sub 56206351 | State: EpisodeState.COMPLETED | Created: 2026-09-13 12:38:46 | Elo: 521.7
[2026-09-16 23:38:32] Ep 108539838 | Sub 56206351 | State: EpisodeState.COMPLETED | Created: 2026-09-13 12:34:42 | Elo: 521.7
[2026-09-16 23:38:32] Ep 108538754 | Sub 56206351 | State: EpisodeState.COMPLETED | Created: 2026-09-13 12:30:46 | Elo: 521.7
[2026-09-16 23:38:32] Ep 108537716 | Sub 56206351 | State: EpisodeState.COMPLETED | Created: 2026-09-13 12:26:40 | Elo: 521.7
[2026-09-16 23:38:32] Ep 108537710 | Sub 56206351 | State: EpisodeState.COMPLETED | Created: 2026-09-13 12:26:40 | Elo: 521.7
[2026-09-16 23:38:32] Ep 108536637 | Sub 56206351 | State: EpisodeState.COMPLETED | Created: 2026-09-13 12:22:42 | Elo: 521.7
[2026-09-16 23:38:32] Ep 108535607 | Sub 56206351 | State: EpisodeState.COMPLETED | Created: 2026-09-13 12:18:42 | Elo: 521.7
[2026-09-16 23:38:32] Ep 108534582 | Sub 56206351 | State: EpisodeState.COMPLETED | Created: 2026-09-13 12:14:41 | Elo: 521.7
[2026-09-16 23:38:32] Ep 108533467 | Sub 56206351 | State: EpisodeState.COMPLETED | Created: 2026-09-13 12:10:45 | Elo: 521.7
[2026-09-16 23:38:32] Ep 108533494 | Sub 56206351 | State: EpisodeState.COMPLETED | Created: 2026-09-13 12:10:45 | Elo: 521.7
[2026-09-16 23:38:32] Ep 108532462 | Sub 56206351 | State: EpisodeState.COMPLETED | Created: 2026-09-13 12:06:46 | Elo: 521.7
[2026-09-16 23:38:32] Ep 108531413 | Sub 56206351 | State: EpisodeState.COMPLETED | Created: 2026-09-13 12:02:41 | Elo: 521.7
[2026-09-16 23:38:32] Ep 108530408 | Sub 56206351 | State: EpisodeState.COMPLETED | Created: 2026-09-13 11:58:44 | Elo: 521.7
[2026-09-16 23:38:32] Ep 108529218 | Sub 56206351 | State: EpisodeState.COMPLETED | Created: 2026-09-13 11:54:02 | Elo: 521.7
[2026-09-16 23:40:38] Ep 109840604 | Sub 56279111 | State: EpisodeState.COMPLETED | Created: 2026-09-16 23:34:17 | Elo: 639.2
[2026-09-17 01:23:31] Ep 109868439 | Sub 56279111 | State: EpisodeState.COMPLETED | Created: 2026-09-17 01:18:17 | Elo: 631.1
[2026-09-17 02:00:40] Ep 109877956 | Sub 56279111 | State: EpisodeState.COMPLETED | Created: 2026-09-17 01:54:16 | Elo: 621.8
[2026-09-17 03:34:52] Ep 109903289 | Sub 56279111 | State: EpisodeState.COMPLETED | Created: 2026-09-17 03:30:18 | Elo: 629.1
[2026-09-17 03:36:59] Ep 109904086 | Sub 56293351 | State: EpisodeState.COMPLETED | Created: 2026-09-17 03:31:59 | Elo: 600.0
[2026-09-17 03:41:23] Ep 109905326 | Sub 56293351 | State: EpisodeState.COMPLETED | Created: 2026-09-17 03:38:52 | Elo: 679.4
[2026-09-17 03:41:28] Ep 109905347 | Sub 56279111 | State: EpisodeState.COMPLETED | Created: 2026-09-17 03:38:52 | Elo: 625.0
[2026-09-17 03:47:57] Ep 109906380 | Sub 56293351 | State: EpisodeState.COMPLETED | Created: 2026-09-17 03:42:46 | Elo: 806.9
[2026-09-17 03:52:19] Ep 109908489 | Sub 56293351 | State: EpisodeState.COMPLETED | Created: 2026-09-17 03:50:47 | Elo: 904.1
[2026-09-17 03:52:19] Ep 109907425 | Sub 56293351 | State: EpisodeState.COMPLETED | Created: 2026-09-17 03:46:47 | Elo: 904.1
[2026-09-17 03:56:41] Ep 109909539 | Sub 56293351 | State: EpisodeState.COMPLETED | Created: 2026-09-17 03:54:47 | Elo: 1074.2
[2026-09-17 04:01:03] Ep 109910588 | Sub 56293351 | State: EpisodeState.COMPLETED | Created: 2026-09-17 03:58:51 | Elo: 1213.2
[2026-09-17 04:05:24] Ep 109911639 | Sub 56293351 | State: EpisodeState.COMPLETED | Created: 2026-09-17 04:02:49 | Elo: 1293.6
[2026-09-17 04:14:09] Ep 109912695 | Sub 56293351 | State: EpisodeState.COMPLETED | Created: 2026-09-17 04:06:46 | Elo: 1378.6
[2026-09-17 04:16:20] Ep 109913751 | Sub 56293351 | State: EpisodeState.COMPLETED | Created: 2026-09-17 04:10:53 | Elo: 1429.9
[2026-09-17 04:20:44] Ep 109915884 | Sub 56293351 | State: EpisodeState.COMPLETED | Created: 2026-09-17 04:18:50 | Elo: 1618.9
[2026-09-17 04:20:44] Ep 109914816 | Sub 56293351 | State: EpisodeState.COMPLETED | Created: 2026-09-17 04:14:46 | Elo: 1618.9
[2026-09-17 04:29:35] Ep 109918011 | Sub 56293351 | State: EpisodeState.COMPLETED | Created: 2026-09-17 04:26:47 | Elo: 1803.2
[2026-09-17 04:29:35] Ep 109916941 | Sub 56293351 | State: EpisodeState.COMPLETED | Created: 2026-09-17 04:22:46 | Elo: 1803.2
[2026-09-17 04:31:49] Ep 109918736 | Sub 56293351 | State: EpisodeState.COMPLETED | Created: 2026-09-17 04:26:48 | Elo: 1869.6
[2026-09-17 04:36:17] Ep 109919065 | Sub 56293351 | State: EpisodeState.COMPLETED | Created: 2026-09-17 04:30:47 | Elo: 1980.2
[2026-09-17 04:40:43] Ep 109920129 | Sub 56293351 | State: EpisodeState.COMPLETED | Created: 2026-09-17 04:34:47 | Elo: 1827.8
[2026-09-17 04:45:10] Ep 109921708 | Sub 56293351 | State: EpisodeState.COMPLETED | Created: 2026-09-17 04:39:01 | Elo: 1999.4
[2026-09-17 04:45:10] Ep 109921218 | Sub 56293351 | State: EpisodeState.COMPLETED | Created: 2026-09-17 04:39:01 | Elo: 1999.4
[2026-09-17 04:47:24] Ep 109922292 | Sub 56293351 | State: EpisodeState.COMPLETED | Created: 2026-09-17 04:42:49 | Elo: 2037.0
[2026-09-17 04:49:37] Ep 109923431 | Sub 56293351 | State: EpisodeState.COMPLETED | Created: 2026-09-17 04:46:49 | Elo: 2116.5
[2026-09-17 04:49:37] Ep 109923087 | Sub 56293351 | State: EpisodeState.COMPLETED | Created: 2026-09-17 04:42:50 | Elo: 2116.5
[2026-09-17 04:54:02] Ep 109924527 | Sub 56293351 | State: EpisodeState.COMPLETED | Created: 2026-09-17 04:50:47 | Elo: 2153.6
[2026-09-17 05:00:36] Ep 109925610 | Sub 56293351 | State: EpisodeState.COMPLETED | Created: 2026-09-17 04:54:49 | Elo: 2206.9
[2026-09-17 05:02:46] Ep 109926680 | Sub 56293351 | State: EpisodeState.COMPLETED | Created: 2026-09-17 04:58:57 | Elo: 2233.6
[2026-09-17 05:04:58] Ep 109927374 | Sub 56293351 | State: EpisodeState.COMPLETED | Created: 2026-09-17 04:58:58 | Elo: 2197.6
[2026-09-17 05:07:09] Ep 109927759 | Sub 56293351 | State: EpisodeState.COMPLETED | Created: 2026-09-17 05:02:48 | Elo: 2238.1
[2026-09-17 05:09:20] Ep 109928846 | Sub 56293351 | State: EpisodeState.COMPLETED | Created: 2026-09-17 05:06:47 | Elo: 2274.9
[2026-09-17 05:13:47] Ep 109930002 | Sub 56293351 | State: EpisodeState.COMPLETED | Created: 2026-09-17 05:10:47 | Elo: 2298.0
[2026-09-17 05:15:53] Ep 109930762 | Sub 56295589 | State: EpisodeState.COMPLETED | Created: 2026-09-17 05:12:37 | Elo: 600.0
[2026-09-17 05:18:09] Ep 109929931 | Sub 56293351 | State: EpisodeState.COMPLETED | Created: 2026-09-17 05:10:47 | Elo: 2279.3
[2026-09-17 05:20:20] Ep 109931001 | Sub 56293351 | State: EpisodeState.COMPLETED | Created: 2026-09-17 05:14:47 | Elo: 2306.5
[2026-09-17 05:22:26] Ep 109932000 | Sub 56295589 | State: EpisodeState.COMPLETED | Created: 2026-09-17 05:18:54 | Elo: 674.4
[2026-09-17 05:22:30] Ep 109932074 | Sub 56293351 | State: EpisodeState.COMPLETED | Created: 2026-09-17 05:18:54 | Elo: 2325.1
[2026-09-17 05:24:41] Ep 109933161 | Sub 56293351 | State: EpisodeState.COMPLETED | Created: 2026-09-17 05:22:47 | Elo: 2345.7
[2026-09-17 05:28:59] Ep 109934137 | Sub 56295589 | State: EpisodeState.COMPLETED | Created: 2026-09-17 05:26:49 | Elo: 835.0
[2026-09-17 05:28:59] Ep 109933064 | Sub 56295589 | State: EpisodeState.COMPLETED | Created: 2026-09-17 05:22:47 | Elo: 835.0
[2026-09-17 05:31:14] Ep 109934244 | Sub 56293351 | State: EpisodeState.COMPLETED | Created: 2026-09-17 05:26:49 | Elo: 2367.5
[2026-09-17 05:35:31] Ep 109935174 | Sub 56295589 | State: EpisodeState.COMPLETED | Created: 2026-09-17 05:30:48 | Elo: 894.3
[2026-09-17 05:35:36] Ep 109935312 | Sub 56293351 | State: EpisodeState.COMPLETED | Created: 2026-09-17 05:30:48 | Elo: 2385.2
[2026-09-17 05:37:46] Ep 109936436 | Sub 56293351 | State: EpisodeState.COMPLETED | Created: 2026-09-17 05:34:47 | Elo: 2399.8
[2026-09-17 05:39:52] Ep 109936235 | Sub 56295589 | State: EpisodeState.COMPLETED | Created: 2026-09-17 05:34:47 | Elo: 1017.6
[2026-09-17 05:39:57] Ep 109936602 | Sub 56293351 | State: EpisodeState.COMPLETED | Created: 2026-09-17 05:34:47 | Elo: 2419.4
[2026-09-17 05:42:03] Ep 109937274 | Sub 56295589 | State: EpisodeState.COMPLETED | Created: 2026-09-17 05:38:51 | Elo: 1156.5
[2026-09-17 05:44:18] Ep 109937492 | Sub 56293351 | State: EpisodeState.COMPLETED | Created: 2026-09-17 05:38:51 | Elo: 2437.9
[2026-09-17 05:46:24] Ep 109938331 | Sub 56295589 | State: EpisodeState.COMPLETED | Created: 2026-09-17 05:42:46 | Elo: 1278.1
[2026-09-17 05:48:41] Ep 109938545 | Sub 56293351 | State: EpisodeState.COMPLETED | Created: 2026-09-17 05:42:47 | Elo: 2450.7
[2026-09-17 05:50:47] Ep 109940172 | Sub 56295589 | State: EpisodeState.COMPLETED | Created: 2026-09-17 05:46:48 | Elo: 1395.5
[2026-09-17 05:52:57] Ep 109939379 | Sub 56295589 | State: EpisodeState.COMPLETED | Created: 2026-09-17 05:46:47 | Elo: 1473.9
[2026-09-17 05:53:01] Ep 109939623 | Sub 56293351 | State: EpisodeState.COMPLETED | Created: 2026-09-17 05:46:47 | Elo: 2462.8
[2026-09-17 05:55:12] Ep 109940692 | Sub 56293351 | State: EpisodeState.COMPLETED | Created: 2026-09-17 05:50:48 | Elo: 2473.2
[2026-09-17 05:57:20] Ep 109940437 | Sub 56295589 | State: EpisodeState.COMPLETED | Created: 2026-09-17 05:50:47 | Elo: 1559.0
[2026-09-17 05:59:30] Ep 109941506 | Sub 56295589 | State: EpisodeState.COMPLETED | Created: 2026-09-17 05:54:47 | Elo: 1638.3
[2026-09-17 05:59:35] Ep 109941786 | Sub 56293351 | State: EpisodeState.COMPLETED | Created: 2026-09-17 05:54:47 | Elo: 2484.6
[2026-09-17 06:01:41] Ep 109942081 | Sub 56295589 | State: EpisodeState.COMPLETED | Created: 2026-09-17 05:54:48 | Elo: 1722.2
[2026-09-17 06:03:52] Ep 109942565 | Sub 56295589 | State: EpisodeState.COMPLETED | Created: 2026-09-17 05:58:52 | Elo: 1802.3
[2026-09-17 06:03:56] Ep 109942861 | Sub 56293351 | State: EpisodeState.COMPLETED | Created: 2026-09-17 05:58:52 | Elo: 2476.1
[2026-09-17 06:06:03] Ep 109943627 | Sub 56295589 | State: EpisodeState.COMPLETED | Created: 2026-09-17 06:02:48 | Elo: 1881.2
[2026-09-17 06:06:08] Ep 109943935 | Sub 56293351 | State: EpisodeState.COMPLETED | Created: 2026-09-17 06:02:49 | Elo: 2489.8
[2026-09-17 06:10:25] Ep 109944931 | Sub 56295589 | State: EpisodeState.COMPLETED | Created: 2026-09-17 06:06:47 | Elo: 2065.3
[2026-09-17 06:10:25] Ep 109944697 | Sub 56295589 | State: EpisodeState.COMPLETED | Created: 2026-09-17 06:06:46 | Elo: 2065.3
[2026-09-17 06:10:30] Ep 109945027 | Sub 56293351 | State: EpisodeState.COMPLETED | Created: 2026-09-17 06:06:47 | Elo: 2502.4
[2026-09-17 06:14:52] Ep 109946107 | Sub 56293351 | State: EpisodeState.COMPLETED | Created: 2026-09-17 06:10:47 | Elo: 2510.9
[2026-09-17 06:16:58] Ep 109945767 | Sub 56295589 | State: EpisodeState.COMPLETED | Created: 2026-09-17 06:10:46 | Elo: 2136.6
[2026-09-17 06:19:10] Ep 109946821 | Sub 56295589 | State: EpisodeState.COMPLETED | Created: 2026-09-17 06:14:46 | Elo: 2185.6
[2026-09-17 06:19:15] Ep 109947173 | Sub 56293351 | State: EpisodeState.COMPLETED | Created: 2026-09-17 06:14:47 | Elo: 2518.8
[2026-09-17 06:23:34] Ep 109947934 | Sub 56295589 | State: EpisodeState.COMPLETED | Created: 2026-09-17 06:18:49 | Elo: 2271.5
[2026-09-17 06:23:39] Ep 109948246 | Sub 56293351 | State: EpisodeState.COMPLETED | Created: 2026-09-17 06:18:50 | Elo: 2530.1
[2026-09-17 06:28:02] Ep 109949310 | Sub 56293351 | State: EpisodeState.COMPLETED | Created: 2026-09-17 06:22:47 | Elo: 2534.9
[2026-09-17 06:30:08] Ep 109949064 | Sub 56295589 | State: EpisodeState.COMPLETED | Created: 2026-09-17 06:22:47 | Elo: 2384.0
[2026-09-17 06:30:08] Ep 109950094 | Sub 56295589 | State: EpisodeState.COMPLETED | Created: 2026-09-17 06:26:47 | Elo: 2384.0
[2026-09-17 06:32:25] Ep 109950391 | Sub 56293351 | State: EpisodeState.COMPLETED | Created: 2026-09-17 06:26:48 | Elo: 2542.5
[2026-09-17 06:34:32] Ep 109951197 | Sub 56295589 | State: EpisodeState.COMPLETED | Created: 2026-09-17 06:30:47 | Elo: 2435.0
[2026-09-17 06:36:50] Ep 109952433 | Sub 56293351 | State: EpisodeState.COMPLETED | Created: 2026-09-17 06:34:47 | Elo: 2559.2
[2026-09-17 06:36:50] Ep 109951463 | Sub 56293351 | State: EpisodeState.COMPLETED | Created: 2026-09-17 06:30:47 | Elo: 2559.2
[2026-09-17 06:38:57] Ep 109952294 | Sub 56295589 | State: EpisodeState.COMPLETED | Created: 2026-09-17 06:34:47 | Elo: 2490.9
[2026-09-17 06:41:12] Ep 109952545 | Sub 56293351 | State: EpisodeState.COMPLETED | Created: 2026-09-17 06:34:47 | Elo: 2566.4
[2026-09-17 06:43:19] Ep 109953394 | Sub 56295589 | State: EpisodeState.COMPLETED | Created: 2026-09-17 06:38:50 | Elo: 2541.5
[2026-09-17 06:45:30] Ep 109955264 | Sub 56295589 | State: EpisodeState.COMPLETED | Created: 2026-09-17 06:42:47 | Elo: 2598.2
[2026-09-17 06:45:30] Ep 109954190 | Sub 56295589 | State: EpisodeState.COMPLETED | Created: 2026-09-17 06:38:52 | Elo: 2598.2
[2026-09-17 06:45:35] Ep 109953632 | Sub 56293351 | State: EpisodeState.COMPLETED | Created: 2026-09-17 06:38:51 | Elo: 2574.9
[2026-09-17 06:47:40] Ep 109954475 | Sub 56295589 | State: EpisodeState.COMPLETED | Created: 2026-09-17 06:42:46 | Elo: 2639.5
[2026-09-17 06:47:40] Ep 109955305 | Sub 56295589 | State: EpisodeState.COMPLETED | Created: 2026-09-17 06:42:47 | Elo: 2639.5
[2026-09-17 06:47:45] Ep 109954706 | Sub 56293351 | State: EpisodeState.COMPLETED | Created: 2026-09-17 06:42:46 | Elo: 2582.1
[2026-09-17 06:52:02] Ep 109955581 | Sub 56295589 | State: EpisodeState.COMPLETED | Created: 2026-09-17 06:46:46 | Elo: 2670.7
[2026-09-17 06:52:06] Ep 109955785 | Sub 56293351 | State: EpisodeState.COMPLETED | Created: 2026-09-17 06:46:47 | Elo: 2574.2
[2026-09-17 06:54:12] Ep 109956639 | Sub 56295589 | State: EpisodeState.COMPLETED | Created: 2026-09-17 06:50:46 | Elo: 2689.3
[2026-09-17 06:56:29] Ep 109956853 | Sub 56293351 | State: EpisodeState.COMPLETED | Created: 2026-09-17 06:50:47 | Elo: 2580.4
[2026-09-17 06:58:35] Ep 109957723 | Sub 56295589 | State: EpisodeState.COMPLETED | Created: 2026-09-17 06:54:48 | Elo: 2706.8
[2026-09-17 06:58:39] Ep 109957932 | Sub 56293351 | State: EpisodeState.COMPLETED | Created: 2026-09-17 06:54:48 | Elo: 2587.5
[2026-09-17 07:02:57] Ep 109958663 | Sub 56295589 | State: EpisodeState.COMPLETED | Created: 2026-09-17 06:58:59 | Elo: 2727.0
[2026-09-17 07:03:01] Ep 109959200 | Sub 56293351 | State: EpisodeState.COMPLETED | Created: 2026-09-17 06:59:00 | Elo: 2594.1
[2026-09-17 07:09:30] Ep 109959883 | Sub 56295589 | State: EpisodeState.COMPLETED | Created: 2026-09-17 07:02:47 | Elo: 2715.7
[2026-09-17 07:09:34] Ep 109961157 | Sub 56293351 | State: EpisodeState.COMPLETED | Created: 2026-09-17 07:06:47 | Elo: 2594.0
[2026-09-17 07:09:34] Ep 109960093 | Sub 56293351 | State: EpisodeState.COMPLETED | Created: 2026-09-17 07:02:47 | Elo: 2594.0
[2026-09-17 07:11:41] Ep 109960943 | Sub 56295589 | State: EpisodeState.COMPLETED | Created: 2026-09-17 07:06:47 | Elo: 2736.0
[2026-09-17 07:13:55] Ep 109962444 | Sub 56293351 | State: EpisodeState.COMPLETED | Created: 2026-09-17 07:10:48 | Elo: 2599.6
[2026-09-17 07:16:01] Ep 109962473 | Sub 56295589 | State: EpisodeState.COMPLETED | Created: 2026-09-17 07:10:49 | Elo: 2746.8
[2026-09-17 07:16:01] Ep 109962162 | Sub 56295589 | State: EpisodeState.COMPLETED | Created: 2026-09-17 07:10:48 | Elo: 2746.8
[2026-09-17 07:20:23] Ep 109963097 | Sub 56295589 | State: EpisodeState.COMPLETED | Created: 2026-09-17 07:14:47 | Elo: 2774.4
[2026-09-17 07:20:28] Ep 109963326 | Sub 56293351 | State: EpisodeState.COMPLETED | Created: 2026-09-17 07:14:47 | Elo: 2606.4
[2026-09-17 07:22:32] Ep 109964185 | Sub 56295589 | State: EpisodeState.COMPLETED | Created: 2026-09-17 07:18:50 | Elo: 2775.1
[2026-09-17 07:22:32] Ep 109964786 | Sub 56295589 | State: EpisodeState.COMPLETED | Created: 2026-09-17 07:18:51 | Elo: 2775.1
[2026-09-17 07:22:37] Ep 109964396 | Sub 56293351 | State: EpisodeState.COMPLETED | Created: 2026-09-17 07:18:50 | Elo: 2611.2
[2026-09-17 07:26:56] Ep 109965272 | Sub 56295589 | State: EpisodeState.COMPLETED | Created: 2026-09-17 07:22:48 | Elo: 2785.0
[2026-09-17 07:29:11] Ep 109965482 | Sub 56293351 | State: EpisodeState.COMPLETED | Created: 2026-09-17 07:22:49 | Elo: 2616.8
[2026-09-17 07:31:18] Ep 109966345 | Sub 56295589 | State: EpisodeState.COMPLETED | Created: 2026-09-17 07:26:47 | Elo: 2770.5
[2026-09-17 07:33:33] Ep 109966548 | Sub 56293351 | State: EpisodeState.COMPLETED | Created: 2026-09-17 07:26:47 | Elo: 2623.7
[2026-09-17 07:35:39] Ep 109967408 | Sub 56295589 | State: EpisodeState.COMPLETED | Created: 2026-09-17 07:30:49 | Elo: 2759.2
[2026-09-17 07:35:44] Ep 109967613 | Sub 56293351 | State: EpisodeState.COMPLETED | Created: 2026-09-17 07:30:49 | Elo: 2624.6
[2026-09-17 07:35:44] Ep 109967505 | Sub 56293351 | State: EpisodeState.COMPLETED | Created: 2026-09-17 07:30:49 | Elo: 2624.6
[2026-09-17 07:40:01] Ep 109968660 | Sub 56295589 | State: EpisodeState.COMPLETED | Created: 2026-09-17 07:34:49 | Elo: 2784.1
[2026-09-17 07:40:01] Ep 109968476 | Sub 56295589 | State: EpisodeState.COMPLETED | Created: 2026-09-17 07:34:49 | Elo: 2784.1
[2026-09-17 07:40:05] Ep 109968696 | Sub 56293351 | State: EpisodeState.COMPLETED | Created: 2026-09-17 07:34:49 | Elo: 2629.1
[2026-09-17 07:44:21] Ep 109969562 | Sub 56295589 | State: EpisodeState.COMPLETED | Created: 2026-09-17 07:38:51 | Elo: 2791.8
[2026-09-17 07:44:26] Ep 109969777 | Sub 56293351 | State: EpisodeState.COMPLETED | Created: 2026-09-17 07:38:51 | Elo: 2635.2
[2026-09-17 07:46:31] Ep 109970651 | Sub 56295589 | State: EpisodeState.COMPLETED | Created: 2026-09-17 07:42:49 | Elo: 2800.6
[2026-09-17 07:48:48] Ep 109970852 | Sub 56293351 | State: EpisodeState.COMPLETED | Created: 2026-09-17 07:42:49 | Elo: 2640.3
[2026-09-17 07:50:53] Ep 109971775 | Sub 56295589 | State: EpisodeState.COMPLETED | Created: 2026-09-17 07:46:46 | Elo: 2807.1
[2026-09-17 07:50:58] Ep 109971928 | Sub 56293351 | State: EpisodeState.COMPLETED | Created: 2026-09-17 07:46:47 | Elo: 2644.7
[2026-09-17 07:53:04] Ep 109972813 | Sub 56295589 | State: EpisodeState.COMPLETED | Created: 2026-09-17 07:50:46 | Elo: 2796.8
[2026-09-17 07:53:09] Ep 109973015 | Sub 56293351 | State: EpisodeState.COMPLETED | Created: 2026-09-17 07:50:47 | Elo: 2649.6
[2026-09-17 07:55:20] Ep 109972650 | Sub 56293351 | State: EpisodeState.COMPLETED | Created: 2026-09-17 07:50:46 | Elo: 2652.2
[2026-09-17 07:59:36] Ep 109973889 | Sub 56295589 | State: EpisodeState.COMPLETED | Created: 2026-09-17 07:54:47 | Elo: 2806.5
[2026-09-17 07:59:40] Ep 109974097 | Sub 56293351 | State: EpisodeState.COMPLETED | Created: 2026-09-17 07:54:47 | Elo: 2655.7
[2026-09-17 08:03:57] Ep 109974961 | Sub 56295589 | State: EpisodeState.COMPLETED | Created: 2026-09-17 07:58:49 | Elo: 2814.3
[2026-09-17 08:04:02] Ep 109975172 | Sub 56293351 | State: EpisodeState.COMPLETED | Created: 2026-09-17 07:58:50 | Elo: 2660.3
[2026-09-17 08:08:20] Ep 109976032 | Sub 56295589 | State: EpisodeState.COMPLETED | Created: 2026-09-17 08:02:49 | Elo: 2821.3
[2026-09-17 08:08:25] Ep 109976241 | Sub 56293351 | State: EpisodeState.COMPLETED | Created: 2026-09-17 08:02:50 | Elo: 2665.5
[2026-09-17 08:10:36] Ep 109977273 | Sub 56293351 | State: EpisodeState.COMPLETED | Created: 2026-09-17 08:06:47 | Elo: 2670.1
[2026-09-17 08:12:41] Ep 109977093 | Sub 56295589 | State: EpisodeState.COMPLETED | Created: 2026-09-17 08:06:47 | Elo: 2828.5
[2026-09-17 08:14:52] Ep 109978166 | Sub 56295589 | State: EpisodeState.COMPLETED | Created: 2026-09-17 08:10:47 | Elo: 2828.5
[2026-09-17 08:19:16] Ep 109979246 | Sub 56295589 | State: EpisodeState.COMPLETED | Created: 2026-09-17 08:14:48 | Elo: 2843.5
[2026-09-17 08:23:38] Ep 109980336 | Sub 56295589 | State: EpisodeState.COMPLETED | Created: 2026-09-17 08:18:49 | Elo: 2836.1
[2026-09-17 08:27:59] Ep 109981414 | Sub 56295589 | State: EpisodeState.COMPLETED | Created: 2026-09-17 08:22:47 | Elo: 2841.8
[2026-09-17 08:32:19] Ep 109982484 | Sub 56295589 | State: EpisodeState.COMPLETED | Created: 2026-09-17 08:26:47 | Elo: 2848.1
[2026-09-17 08:34:35] Ep 109983844 | Sub 56293351 | State: EpisodeState.COMPLETED | Created: 2026-09-17 08:30:48 | Elo: 2674.3
[2026-09-17 08:36:40] Ep 109983567 | Sub 56295589 | State: EpisodeState.COMPLETED | Created: 2026-09-17 08:30:48 | Elo: 2856.0
[2026-09-17 08:38:52] Ep 109984635 | Sub 56295589 | State: EpisodeState.COMPLETED | Created: 2026-09-17 08:34:46 | Elo: 2862.0
[2026-09-17 08:43:16] Ep 109985873 | Sub 56295589 | State: EpisodeState.COMPLETED | Created: 2026-09-17 08:38:48 | Elo: 2856.0
[2026-09-17 08:45:26] Ep 109985723 | Sub 56295589 | State: EpisodeState.COMPLETED | Created: 2026-09-17 08:38:48 | Elo: 2861.3
[2026-09-17 08:45:30] Ep 109985651 | Sub 56293351 | State: EpisodeState.COMPLETED | Created: 2026-09-17 08:38:48 | Elo: 2678.2
[2026-09-17 08:47:37] Ep 109986737 | Sub 56295589 | State: EpisodeState.COMPLETED | Created: 2026-09-17 08:42:48 | Elo: 2850.0
[2026-09-17 08:47:37] Ep 109987348 | Sub 56295589 | State: EpisodeState.COMPLETED | Created: 2026-09-17 08:42:49 | Elo: 2850.0
[2026-09-17 08:49:49] Ep 109987867 | Sub 56295589 | State: EpisodeState.COMPLETED | Created: 2026-09-17 08:46:49 | Elo: 2845.0
[2026-09-17 08:49:49] Ep 109986785 | Sub 56295589 | State: EpisodeState.COMPLETED | Created: 2026-09-17 08:42:48 | Elo: 2845.0
[2026-09-17 08:56:20] Ep 109988976 | Sub 56295589 | State: EpisodeState.COMPLETED | Created: 2026-09-17 08:50:51 | Elo: 2851.5
[2026-09-17 08:56:25] Ep 109989003 | Sub 56293351 | State: EpisodeState.COMPLETED | Created: 2026-09-17 08:50:51 | Elo: 2682.7
[2026-09-17 09:00:40] Ep 109990035 | Sub 56295589 | State: EpisodeState.COMPLETED | Created: 2026-09-17 08:55:01 | Elo: 2856.7
[2026-09-17 09:00:44] Ep 109990536 | Sub 56293351 | State: EpisodeState.COMPLETED | Created: 2026-09-17 08:55:03 | Elo: 2687.8
[2026-09-17 09:02:50] Ep 109991095 | Sub 56295589 | State: EpisodeState.COMPLETED | Created: 2026-09-17 08:58:57 | Elo: 2851.6
[2026-09-17 09:07:12] Ep 109992185 | Sub 56295589 | State: EpisodeState.COMPLETED | Created: 2026-09-17 09:02:51 | Elo: 2843.0
[2026-09-17 09:07:12] Ep 109992191 | Sub 56295589 | State: EpisodeState.COMPLETED | Created: 2026-09-17 09:02:51 | Elo: 2843.0
[2026-09-17 09:09:22] Ep 109993299 | Sub 56295589 | State: EpisodeState.COMPLETED | Created: 2026-09-17 09:06:50 | Elo: 2838.9
[2026-09-17 09:09:22] Ep 109993304 | Sub 56295589 | State: EpisodeState.COMPLETED | Created: 2026-09-17 09:06:50 | Elo: 2838.9
[2026-09-17 09:09:27] Ep 109993278 | Sub 56293351 | State: EpisodeState.COMPLETED | Created: 2026-09-17 09:06:50 | Elo: 2692.6
[2026-09-17 09:13:43] Ep 109994365 | Sub 56295589 | State: EpisodeState.COMPLETED | Created: 2026-09-17 09:10:50 | Elo: 2837.7
[2026-09-17 09:20:18] Ep 109995516 | Sub 56295589 | State: EpisodeState.COMPLETED | Created: 2026-09-17 09:14:50 | Elo: 2841.4
[2026-09-17 09:22:29] Ep 109996501 | Sub 56295589 | State: EpisodeState.COMPLETED | Created: 2026-09-17 09:18:51 | Elo: 2846.3
[2026-09-17 09:22:33] Ep 109996677 | Sub 56293351 | State: EpisodeState.COMPLETED | Created: 2026-09-17 09:18:51 | Elo: 2702.1
[2026-09-17 09:22:33] Ep 109996672 | Sub 56293351 | State: EpisodeState.COMPLETED | Created: 2026-09-17 09:18:51 | Elo: 2702.1
[2026-09-17 09:24:40] Ep 109996237 | Sub 56295589 | State: EpisodeState.COMPLETED | Created: 2026-09-17 09:18:50 | Elo: 2850.5
[2026-09-17 09:24:44] Ep 109996476 | Sub 56293351 | State: EpisodeState.COMPLETED | Created: 2026-09-17 09:18:51 | Elo: 2698.0
[2026-09-17 09:26:50] Ep 109997623 | Sub 56295589 | State: EpisodeState.COMPLETED | Created: 2026-09-17 09:22:48 | Elo: 2843.9
[2026-09-17 09:29:01] Ep 109998654 | Sub 56295589 | State: EpisodeState.COMPLETED | Created: 2026-09-17 09:26:48 | Elo: 2849.3
[2026-09-17 09:33:23] Ep 109999739 | Sub 56295589 | State: EpisodeState.COMPLETED | Created: 2026-09-17 09:30:48 | Elo: 2845.1
[2026-09-17 09:33:28] Ep 109999492 | Sub 56293351 | State: EpisodeState.COMPLETED | Created: 2026-09-17 09:30:48 | Elo: 2702.1
[2026-09-17 09:39:58] Ep 110000864 | Sub 56295589 | State: EpisodeState.COMPLETED | Created: 2026-09-17 09:34:49 | Elo: 2853.8
[2026-09-17 09:39:58] Ep 110001048 | Sub 56295589 | State: EpisodeState.COMPLETED | Created: 2026-09-17 09:34:50 | Elo: 2853.8
[2026-09-17 09:53:08] Ep 110005515 | Sub 56293351 | State: EpisodeState.COMPLETED | Created: 2026-09-17 09:50:49 | Elo: 2706.7
[2026-09-17 09:57:26] Ep 110005052 | Sub 56295589 | State: EpisodeState.COMPLETED | Created: 2026-09-17 09:50:48 | Elo: 2850.8
[2026-09-17 10:10:28] Ep 110008434 | Sub 56295589 | State: EpisodeState.COMPLETED | Created: 2026-09-17 10:02:50 | Elo: 2846.2
[2026-09-17 10:17:07] Ep 110011366 | Sub 56293351 | State: EpisodeState.COMPLETED | Created: 2026-09-17 10:14:49 | Elo: 2711.0
[2026-09-17 10:19:18] Ep 110011822 | Sub 56293351 | State: EpisodeState.COMPLETED | Created: 2026-09-17 10:14:50 | Elo: 2716.1
[2026-09-17 10:23:35] Ep 110012580 | Sub 56295589 | State: EpisodeState.COMPLETED | Created: 2026-09-17 10:18:51 | Elo: 2841.8
[2026-09-17 10:43:15] Ep 110017759 | Sub 56295589 | State: EpisodeState.COMPLETED | Created: 2026-09-17 10:38:50 | Elo: 2846.8
[2026-09-17 10:45:31] Ep 110018268 | Sub 56293351 | State: EpisodeState.COMPLETED | Created: 2026-09-17 10:38:51 | Elo: 2720.1
[2026-09-17 10:54:11] Ep 110020297 | Sub 56295589 | State: EpisodeState.COMPLETED | Created: 2026-09-17 10:46:50 | Elo: 2843.0
[2026-09-17 10:54:15] Ep 110021227 | Sub 56293351 | State: EpisodeState.COMPLETED | Created: 2026-09-17 10:50:49 | Elo: 2733.5
[2026-09-17 10:54:15] Ep 110021351 | Sub 56293351 | State: EpisodeState.COMPLETED | Created: 2026-09-17 10:50:49 | Elo: 2733.5
[2026-09-17 10:54:15] Ep 110021081 | Sub 56293351 | State: EpisodeState.COMPLETED | Created: 2026-09-17 10:50:49 | Elo: 2733.5
[2026-09-17 11:11:36] Ep 110025369 | Sub 56295589 | State: EpisodeState.COMPLETED | Created: 2026-09-17 11:06:51 | Elo: 2837.0
[2026-09-17 11:20:26] Ep 110027736 | Sub 56293351 | State: EpisodeState.COMPLETED | Created: 2026-09-17 11:14:50 | Elo: 2737.5
[2026-09-17 11:33:29] Ep 110031154 | Sub 56295589 | State: EpisodeState.COMPLETED | Created: 2026-09-17 11:26:50 | Elo: 2842.1
[2026-09-17 11:42:19] Ep 110034074 | Sub 56293351 | State: EpisodeState.COMPLETED | Created: 2026-09-17 11:38:57 | Elo: 2740.5
[2026-09-17 11:51:00] Ep 110036436 | Sub 56295589 | State: EpisodeState.COMPLETED | Created: 2026-09-17 11:46:55 | Elo: 2846.1
[2026-09-17 11:53:13] Ep 110036819 | Sub 56295589 | State: EpisodeState.COMPLETED | Created: 2026-09-17 11:50:50 | Elo: 2842.3
[2026-09-17 11:55:29] Ep 110037100 | Sub 56293351 | State: EpisodeState.COMPLETED | Created: 2026-09-17 11:50:51 | Elo: 2745.7
[2026-09-17 12:01:56] Ep 110038662 | Sub 56303867 | State: EpisodeState.COMPLETED | Created: 2026-09-17 11:58:18 | Elo: 600.0
[2026-09-17 12:06:18] Ep 110039878 | Sub 56303867 | State: EpisodeState.COMPLETED | Created: 2026-09-17 12:02:50 | Elo: 700.1
[2026-09-17 12:10:46] Ep 110041779 | Sub 56295589 | State: EpisodeState.COMPLETED | Created: 2026-09-17 12:06:52 | Elo: 2838.2
[2026-09-17 12:12:53] Ep 110040947 | Sub 56303867 | State: EpisodeState.COMPLETED | Created: 2026-09-17 12:06:50 | Elo: 826.3
[2026-09-17 12:15:03] Ep 110042015 | Sub 56303867 | State: EpisodeState.COMPLETED | Created: 2026-09-17 12:10:52 | Elo: 901.4
[2026-09-17 12:15:08] Ep 110042304 | Sub 56295589 | State: EpisodeState.COMPLETED | Created: 2026-09-17 12:10:53 | Elo: 2831.4
[2026-09-17 12:21:36] Ep 110043061 | Sub 56303867 | State: EpisodeState.COMPLETED | Created: 2026-09-17 12:14:48 | Elo: 962.8
[2026-09-17 12:23:46] Ep 110044137 | Sub 56303867 | State: EpisodeState.COMPLETED | Created: 2026-09-17 12:18:49 | Elo: 1096.6
[2026-09-17 12:25:56] Ep 110045189 | Sub 56303867 | State: EpisodeState.COMPLETED | Created: 2026-09-17 12:22:54 | Elo: 1176.1
[2026-09-17 12:28:06] Ep 110045188 | Sub 56303867 | State: EpisodeState.COMPLETED | Created: 2026-09-17 12:22:54 | Elo: 1258.3
[2026-09-17 12:30:17] Ep 110046244 | Sub 56303867 | State: EpisodeState.COMPLETED | Created: 2026-09-17 12:26:48 | Elo: 1371.8
[2026-09-17 12:34:39] Ep 110047301 | Sub 56303867 | State: EpisodeState.COMPLETED | Created: 2026-09-17 12:30:48 | Elo: 1454.6
[2026-09-17 12:34:44] Ep 110048257 | Sub 56295589 | State: EpisodeState.COMPLETED | Created: 2026-09-17 12:30:50 | Elo: 2835.5
[2026-09-17 12:41:13] Ep 110048366 | Sub 56303867 | State: EpisodeState.COMPLETED | Created: 2026-09-17 12:34:47 | Elo: 1563.0
[2026-09-17 12:45:37] Ep 110049435 | Sub 56303867 | State: EpisodeState.COMPLETED | Created: 2026-09-17 12:38:50 | Elo: 1651.1
[2026-09-17 12:45:42] Ep 110050312 | Sub 56295589 | State: EpisodeState.COMPLETED | Created: 2026-09-17 12:38:52 | Elo: 2831.1
[2026-09-17 12:47:47] Ep 110050496 | Sub 56303867 | State: EpisodeState.COMPLETED | Created: 2026-09-17 12:42:48 | Elo: 1760.0
[2026-09-17 12:52:09] Ep 110052220 | Sub 56303867 | State: EpisodeState.COMPLETED | Created: 2026-09-17 12:46:51 | Elo: 1882.6
[2026-09-17 12:54:20] Ep 110052667 | Sub 56303867 | State: EpisodeState.COMPLETED | Created: 2026-09-17 12:50:49 | Elo: 2042.1
[2026-09-17 12:54:20] Ep 110051564 | Sub 56303867 | State: EpisodeState.COMPLETED | Created: 2026-09-17 12:46:50 | Elo: 2042.1
[2026-09-17 12:56:30] Ep 110052625 | Sub 56303867 | State: EpisodeState.COMPLETED | Created: 2026-09-17 12:50:49 | Elo: 2094.3
[2026-09-17 13:00:51] Ep 110053702 | Sub 56303867 | State: EpisodeState.COMPLETED | Created: 2026-09-17 12:54:48 | Elo: 2150.1
[2026-09-17 13:03:01] Ep 110054788 | Sub 56303867 | State: EpisodeState.COMPLETED | Created: 2026-09-17 12:58:54 | Elo: 2270.7
[2026-09-17 13:05:17] Ep 110055298 | Sub 56295589 | State: EpisodeState.COMPLETED | Created: 2026-09-17 12:58:56 | Elo: 2835.6
[2026-09-17 13:09:33] Ep 110056982 | Sub 56303867 | State: EpisodeState.COMPLETED | Created: 2026-09-17 13:06:48 | Elo: 2374.7
[2026-09-17 13:09:33] Ep 110055899 | Sub 56303867 | State: EpisodeState.COMPLETED | Created: 2026-09-17 13:02:49 | Elo: 2374.7
[2026-09-17 13:13:55] Ep 110058112 | Sub 56303867 | State: EpisodeState.COMPLETED | Created: 2026-09-17 13:10:51 | Elo: 2411.7
[2026-09-17 13:16:11] Ep 110058844 | Sub 56295589 | State: EpisodeState.COMPLETED | Created: 2026-09-17 13:10:54 | Elo: 2840.4
[2026-09-17 13:18:17] Ep 110059199 | Sub 56303867 | State: EpisodeState.COMPLETED | Created: 2026-09-17 13:14:52 | Elo: 2440.2
[2026-09-17 13:24:50] Ep 110061350 | Sub 56303867 | State: EpisodeState.COMPLETED | Created: 2026-09-17 13:22:50 | Elo: 2489.3
[2026-09-17 13:24:50] Ep 110060277 | Sub 56303867 | State: EpisodeState.COMPLETED | Created: 2026-09-17 13:18:54 | Elo: 2489.3
[2026-09-17 13:31:23] Ep 110062433 | Sub 56303867 | State: EpisodeState.COMPLETED | Created: 2026-09-17 13:26:47 | Elo: 2534.1
[2026-09-17 13:31:28] Ep 110062981 | Sub 56295589 | State: EpisodeState.COMPLETED | Created: 2026-09-17 13:26:48 | Elo: 2843.1
[2026-09-17 13:35:48] Ep 110063696 | Sub 56303867 | State: EpisodeState.COMPLETED | Created: 2026-09-17 13:30:49 | Elo: 2585.5
[2026-09-17 13:35:48] Ep 110063508 | Sub 56303867 | State: EpisodeState.COMPLETED | Created: 2026-09-17 13:30:48 | Elo: 2585.5
[2026-09-17 13:40:12] Ep 110064699 | Sub 56303867 | State: EpisodeState.COMPLETED | Created: 2026-09-17 13:34:48 | Elo: 2629.0
[2026-09-17 13:40:12] Ep 110064595 | Sub 56303867 | State: EpisodeState.COMPLETED | Created: 2026-09-17 13:34:48 | Elo: 2629.0
[2026-09-17 13:42:22] Ep 110065666 | Sub 56303867 | State: EpisodeState.COMPLETED | Created: 2026-09-17 13:38:49 | Elo: 2595.4
[2026-09-17 13:44:34] Ep 110066760 | Sub 56303867 | State: EpisodeState.COMPLETED | Created: 2026-09-17 13:42:47 | Elo: 2619.7
[2026-09-17 13:46:52] Ep 110067375 | Sub 56295589 | State: EpisodeState.COMPLETED | Created: 2026-09-17 13:42:48 | Elo: 2838.7
[2026-09-17 13:51:11] Ep 110067846 | Sub 56303867 | State: EpisodeState.COMPLETED | Created: 2026-09-17 13:46:47 | Elo: 2641.9
[2026-09-17 13:51:16] Ep 110068005 | Sub 56295589 | State: EpisodeState.COMPLETED | Created: 2026-09-17 13:46:47 | Elo: 2834.7
[2026-09-17 13:53:22] Ep 110068921 | Sub 56303867 | State: EpisodeState.COMPLETED | Created: 2026-09-17 13:50:48 | Elo: 2656.8
[2026-09-17 13:55:35] Ep 110068990 | Sub 56303867 | State: EpisodeState.COMPLETED | Created: 2026-09-17 13:50:48 | Elo: 2669.1
[2026-09-17 13:57:47] Ep 110068964 | Sub 56303867 | State: EpisodeState.COMPLETED | Created: 2026-09-17 13:50:48 | Elo: 2680.7
[2026-09-17 14:00:00] Ep 110070024 | Sub 56303867 | State: EpisodeState.COMPLETED | Created: 2026-09-17 13:54:46 | Elo: 2696.5
[2026-09-17 14:04:25] Ep 110071099 | Sub 56303867 | State: EpisodeState.COMPLETED | Created: 2026-09-17 13:58:48 | Elo: 2708.3
[2026-09-17 14:08:50] Ep 110072167 | Sub 56303867 | State: EpisodeState.COMPLETED | Created: 2026-09-17 14:02:48 | Elo: 2719.5
[2026-09-17 14:11:01] Ep 110073247 | Sub 56303867 | State: EpisodeState.COMPLETED | Created: 2026-09-17 14:06:46 | Elo: 2730.8
[2026-09-17 14:13:16] Ep 110073930 | Sub 56295589 | State: EpisodeState.COMPLETED | Created: 2026-09-17 14:06:48 | Elo: 2830.8
[2026-09-17 14:17:34] Ep 110074335 | Sub 56303867 | State: EpisodeState.COMPLETED | Created: 2026-09-17 14:10:47 | Elo: 2743.3
[2026-09-17 14:19:47] Ep 110075399 | Sub 56303867 | State: EpisodeState.COMPLETED | Created: 2026-09-17 14:14:47 | Elo: 2728.0
[2026-09-17 14:22:00] Ep 110076477 | Sub 56303867 | State: EpisodeState.COMPLETED | Created: 2026-09-17 14:18:55 | Elo: 2738.3
[2026-09-17 14:28:39] Ep 110077575 | Sub 56303867 | State: EpisodeState.COMPLETED | Created: 2026-09-17 14:22:47 | Elo: 2725.5
[2026-09-17 14:30:51] Ep 110078640 | Sub 56303867 | State: EpisodeState.COMPLETED | Created: 2026-09-17 14:26:46 | Elo: 2737.5
[2026-09-17 14:37:29] Ep 110079730 | Sub 56303867 | State: EpisodeState.COMPLETED | Created: 2026-09-17 14:30:51 | Elo: 2743.1
[2026-09-17 14:37:34] Ep 110080128 | Sub 56295589 | State: EpisodeState.COMPLETED | Created: 2026-09-17 14:30:52 | Elo: 2827.4
[2026-09-17 14:39:40] Ep 110080796 | Sub 56303867 | State: EpisodeState.COMPLETED | Created: 2026-09-17 14:34:46 | Elo: 2753.9
[2026-09-17 14:41:53] Ep 110081882 | Sub 56303867 | State: EpisodeState.COMPLETED | Created: 2026-09-17 14:38:49 | Elo: 2761.0
[2026-09-17 14:44:11] Ep 110081910 | Sub 56295589 | State: EpisodeState.COMPLETED | Created: 2026-09-17 14:38:49 | Elo: 2822.4
[2026-09-17 14:46:18] Ep 110082977 | Sub 56303867 | State: EpisodeState.COMPLETED | Created: 2026-09-17 14:42:48 | Elo: 2769.2
[2026-09-17 14:48:29] Ep 110084053 | Sub 56303867 | State: EpisodeState.COMPLETED | Created: 2026-09-17 14:46:51 | Elo: 2761.6
[2026-09-17 14:50:47] Ep 110084349 | Sub 56295589 | State: EpisodeState.COMPLETED | Created: 2026-09-17 14:46:51 | Elo: 2818.1
[2026-09-17 14:57:19] Ep 110085135 | Sub 56303867 | State: EpisodeState.COMPLETED | Created: 2026-09-17 14:50:48 | Elo: 2770.2
[2026-09-17 14:59:31] Ep 110086205 | Sub 56303867 | State: EpisodeState.COMPLETED | Created: 2026-09-17 14:54:47 | Elo: 2777.3
[2026-09-17 15:01:43] Ep 110086015 | Sub 56303867 | State: EpisodeState.COMPLETED | Created: 2026-09-17 14:54:46 | Elo: 2782.4
[2026-09-17 15:03:55] Ep 110087283 | Sub 56303867 | State: EpisodeState.COMPLETED | Created: 2026-09-17 14:58:50 | Elo: 2776.5
[2026-09-17 15:08:19] Ep 110088380 | Sub 56303867 | State: EpisodeState.COMPLETED | Created: 2026-09-17 15:02:50 | Elo: 2784.9
[2026-09-17 15:10:35] Ep 110090023 | Sub 56295589 | State: EpisodeState.COMPLETED | Created: 2026-09-17 15:06:49 | Elo: 2814.5
[2026-09-17 15:12:42] Ep 110089816 | Sub 56303867 | State: EpisodeState.COMPLETED | Created: 2026-09-17 15:06:49 | Elo: 2796.1
[2026-09-17 15:12:42] Ep 110089456 | Sub 56303867 | State: EpisodeState.COMPLETED | Created: 2026-09-17 15:06:48 | Elo: 2796.1
[2026-09-17 15:14:53] Ep 110090538 | Sub 56303867 | State: EpisodeState.COMPLETED | Created: 2026-09-17 15:10:48 | Elo: 2802.0
[2026-09-17 15:19:14] Ep 110091587 | Sub 56303867 | State: EpisodeState.COMPLETED | Created: 2026-09-17 15:14:52 | Elo: 2808.6
[2026-09-17 15:23:40] Ep 110092705 | Sub 56303867 | State: EpisodeState.COMPLETED | Created: 2026-09-17 15:18:49 | Elo: 2800.0
[2026-09-17 15:28:06] Ep 110093796 | Sub 56303867 | State: EpisodeState.COMPLETED | Created: 2026-09-17 15:22:48 | Elo: 2795.6
[2026-09-17 15:30:19] Ep 110094893 | Sub 56303867 | State: EpisodeState.COMPLETED | Created: 2026-09-17 15:26:49 | Elo: 2800.4
[2026-09-17 15:34:45] Ep 110095968 | Sub 56303867 | State: EpisodeState.COMPLETED | Created: 2026-09-17 15:30:47 | Elo: 2805.6
[2026-09-17 15:34:50] Ep 110096367 | Sub 56295589 | State: EpisodeState.COMPLETED | Created: 2026-09-17 15:30:48 | Elo: 2808.8
[2026-09-17 15:41:22] Ep 110097014 | Sub 56303867 | State: EpisodeState.COMPLETED | Created: 2026-09-17 15:38:15 | Elo: 2799.5
[2026-09-17 15:43:32] Ep 110097072 | Sub 56303867 | State: EpisodeState.COMPLETED | Created: 2026-09-17 15:38:15 | Elo: 2792.7
[2026-09-17 15:47:56] Ep 110098164 | Sub 56303867 | State: EpisodeState.COMPLETED | Created: 2026-09-17 15:42:00 | Elo: 2799.2
[2026-09-17 15:50:08] Ep 110099219 | Sub 56303867 | State: EpisodeState.COMPLETED | Created: 2026-09-17 15:45:59 | Elo: 2804.9
[2026-09-17 15:52:20] Ep 110099610 | Sub 56303867 | State: EpisodeState.COMPLETED | Created: 2026-09-17 15:46:00 | Elo: 2799.2
[2026-09-17 15:54:32] Ep 110100327 | Sub 56303867 | State: EpisodeState.COMPLETED | Created: 2026-09-17 15:49:59 | Elo: 2805.0
[2026-09-17 15:58:57] Ep 110101430 | Sub 56303867 | State: EpisodeState.COMPLETED | Created: 2026-09-17 15:53:59 | Elo: 2800.0
[2026-09-17 16:01:08] Ep 110102513 | Sub 56303867 | State: EpisodeState.COMPLETED | Created: 2026-09-17 15:58:04 | Elo: 2804.2
[2026-09-17 16:01:14] Ep 110102357 | Sub 56295589 | State: EpisodeState.COMPLETED | Created: 2026-09-17 15:58:04 | Elo: 2812.1
[2026-09-17 16:01:14] Ep 110102957 | Sub 56295589 | State: EpisodeState.COMPLETED | Created: 2026-09-17 15:58:05 | Elo: 2812.1
[2026-09-17 16:05:32] Ep 110103606 | Sub 56303867 | State: EpisodeState.COMPLETED | Created: 2026-09-17 16:02:02 | Elo: 2800.2
[2026-09-17 16:09:55] Ep 110104662 | Sub 56303867 | State: EpisodeState.COMPLETED | Created: 2026-09-17 16:05:59 | Elo: 2800.3
[2026-09-17 16:09:55] Ep 110104699 | Sub 56303867 | State: EpisodeState.COMPLETED | Created: 2026-09-17 16:05:59 | Elo: 2800.3
[2026-09-17 16:10:00] Ep 110104024 | Sub 56295589 | State: EpisodeState.COMPLETED | Created: 2026-09-17 16:02:03 | Elo: 2812.7
[2026-09-17 16:14:20] Ep 110105789 | Sub 56303867 | State: EpisodeState.COMPLETED | Created: 2026-09-17 16:09:59 | Elo: 2805.1
[2026-09-17 16:16:31] Ep 110106875 | Sub 56303867 | State: EpisodeState.COMPLETED | Created: 2026-09-17 16:14:00 | Elo: 2813.4
[2026-09-17 16:16:31] Ep 110105816 | Sub 56303867 | State: EpisodeState.COMPLETED | Created: 2026-09-17 16:09:59 | Elo: 2813.4
[2026-09-17 16:23:03] Ep 110107954 | Sub 56303867 | State: EpisodeState.COMPLETED | Created: 2026-09-17 16:18:02 | Elo: 2817.0
[2026-09-17 16:27:25] Ep 110109018 | Sub 56303867 | State: EpisodeState.COMPLETED | Created: 2026-09-17 16:21:59 | Elo: 2811.9
[2026-09-17 16:27:30] Ep 110109326 | Sub 56295589 | State: EpisodeState.COMPLETED | Created: 2026-09-17 16:22:00 | Elo: 2816.8
[2026-09-17 16:29:36] Ep 110110158 | Sub 56303867 | State: EpisodeState.COMPLETED | Created: 2026-09-17 16:26:00 | Elo: 2807.3
[2026-09-17 16:49:40] Ep 110115694 | Sub 56303867 | State: EpisodeState.COMPLETED | Created: 2026-09-17 16:46:00 | Elo: 2811.0
[2026-09-17 16:51:56] Ep 110115800 | Sub 56295589 | State: EpisodeState.COMPLETED | Created: 2026-09-17 16:46:00 | Elo: 2812.9
[2026-09-17 16:56:12] Ep 110117343 | Sub 56303867 | State: EpisodeState.COMPLETED | Created: 2026-09-17 16:53:59 | Elo: 2814.4
[2026-09-17 17:02:51] Ep 110118586 | Sub 56295589 | State: EpisodeState.COMPLETED | Created: 2026-09-17 16:58:03 | Elo: 2809.2
[2026-09-17 17:07:13] Ep 110119519 | Sub 56295589 | State: EpisodeState.COMPLETED | Created: 2026-09-17 17:02:01 | Elo: 2812.6
[2026-09-17 17:29:02] Ep 110124223 | Sub 56303867 | State: EpisodeState.COMPLETED | Created: 2026-09-17 17:20:30 | Elo: 2821.3
[2026-09-17 17:29:02] Ep 110125101 | Sub 56303867 | State: EpisodeState.COMPLETED | Created: 2026-09-17 17:24:30 | Elo: 2821.3
[2026-09-17 17:31:17] Ep 110126336 | Sub 56295589 | State: EpisodeState.COMPLETED | Created: 2026-09-17 17:28:35 | Elo: 2807.8
[2026-09-17 17:53:06] Ep 110131749 | Sub 56303867 | State: EpisodeState.COMPLETED | Created: 2026-09-17 17:49:00 | Elo: 2826.2
[2026-09-17 17:55:22] Ep 110132857 | Sub 56295589 | State: EpisodeState.COMPLETED | Created: 2026-09-17 17:53:03 | Elo: 2803.5
[2026-09-17 18:08:29] Ep 110135132 | Sub 56295589 | State: EpisodeState.COMPLETED | Created: 2026-09-17 18:01:00 | Elo: 2807.0
[2026-09-17 18:17:09] Ep 110138442 | Sub 56303867 | State: EpisodeState.COMPLETED | Created: 2026-09-17 18:13:03 | Elo: 2821.6
[2026-09-17 18:21:33] Ep 110139587 | Sub 56303867 | State: EpisodeState.COMPLETED | Created: 2026-09-17 18:17:02 | Elo: 2826.3
[2026-09-17 18:28:13] Ep 110141735 | Sub 56295589 | State: EpisodeState.COMPLETED | Created: 2026-09-17 18:25:00 | Elo: 2811.6
[2026-09-17 18:41:20] Ep 110144811 | Sub 56295589 | State: EpisodeState.COMPLETED | Created: 2026-09-17 18:37:00 | Elo: 2807.2
[2026-09-17 18:43:27] Ep 110146370 | Sub 56303867 | State: EpisodeState.COMPLETED | Created: 2026-09-17 18:41:05 | Elo: 2822.0
[2026-09-17 18:45:38] Ep 110145868 | Sub 56303867 | State: EpisodeState.COMPLETED | Created: 2026-09-17 18:41:04 | Elo: 2826.5
[2026-09-17 19:01:04] Ep 110150095 | Sub 56295589 | State: EpisodeState.COMPLETED | Created: 2026-09-17 18:56:59 | Elo: 2803.8
[2026-09-17 19:03:18] Ep 110150703 | Sub 56295589 | State: EpisodeState.COMPLETED | Created: 2026-09-17 18:57:00 | Elo: 2794.5
[2026-09-17 19:03:18] Ep 110150331 | Sub 56295589 | State: EpisodeState.COMPLETED | Created: 2026-09-17 18:57:00 | Elo: 2794.5
[2026-09-17 19:09:48] Ep 110152611 | Sub 56303867 | State: EpisodeState.COMPLETED | Created: 2026-09-17 19:04:59 | Elo: 2830.9
[2026-09-17 19:14:10] Ep 110153536 | Sub 56303867 | State: EpisodeState.COMPLETED | Created: 2026-09-17 19:08:59 | Elo: 2826.1
[2026-09-17 19:18:38] Ep 110154791 | Sub 56295589 | State: EpisodeState.COMPLETED | Created: 2026-09-17 19:13:03 | Elo: 2797.6
[2026-09-17 19:29:31] Ep 110157773 | Sub 56303867 | State: EpisodeState.COMPLETED | Created: 2026-09-17 19:25:00 | Elo: 2831.2
[2026-09-17 19:40:32] Ep 110160512 | Sub 56295589 | State: EpisodeState.COMPLETED | Created: 2026-09-17 19:33:04 | Elo: 2793.9
[2026-09-17 19:44:50] Ep 110161514 | Sub 56303867 | State: EpisodeState.COMPLETED | Created: 2026-09-17 19:37:02 | Elo: 2835.3
[2026-09-17 19:44:55] Ep 110162504 | Sub 56295589 | State: EpisodeState.COMPLETED | Created: 2026-09-17 19:41:06 | Elo: 2797.7
[2026-09-17 19:58:07] Ep 110165600 | Sub 56295589 | State: EpisodeState.COMPLETED | Created: 2026-09-17 19:53:01 | Elo: 2801.5
[2026-09-17 20:00:15] Ep 110166994 | Sub 56303867 | State: EpisodeState.COMPLETED | Created: 2026-09-17 19:56:59 | Elo: 2831.5
[2026-09-17 20:02:31] Ep 110166691 | Sub 56295589 | State: EpisodeState.COMPLETED | Created: 2026-09-17 19:56:59 | Elo: 2796.8
[2026-09-17 20:17:50] Ep 110171590 | Sub 56295589 | State: EpisodeState.COMPLETED | Created: 2026-09-17 20:13:07 | Elo: 2800.6
[2026-09-17 20:22:09] Ep 110172283 | Sub 56303867 | State: EpisodeState.COMPLETED | Created: 2026-09-17 20:17:01 | Elo: 2836.0
[2026-09-17 20:37:34] Ep 110177049 | Sub 56295589 | State: EpisodeState.COMPLETED | Created: 2026-09-17 20:33:05 | Elo: 2792.3
[2026-09-17 20:37:34] Ep 110176778 | Sub 56295589 | State: EpisodeState.COMPLETED | Created: 2026-09-17 20:33:04 | Elo: 2792.3
[2026-09-17 20:39:42] Ep 110178015 | Sub 56303867 | State: EpisodeState.COMPLETED | Created: 2026-09-17 20:37:00 | Elo: 2845.5
[2026-09-17 20:39:42] Ep 110176993 | Sub 56303867 | State: EpisodeState.COMPLETED | Created: 2026-09-17 20:33:05 | Elo: 2845.5
[2026-09-17 20:39:46] Ep 110177715 | Sub 56295589 | State: EpisodeState.COMPLETED | Created: 2026-09-17 20:37:00 | Elo: 2787.5
[2026-09-17 20:41:53] Ep 110176656 | Sub 56303867 | State: EpisodeState.COMPLETED | Created: 2026-09-17 20:33:04 | Elo: 2840.4
[2026-09-17 20:46:20] Ep 110178527 | Sub 56295589 | State: EpisodeState.COMPLETED | Created: 2026-09-17 20:41:03 | Elo: 2784.9
[2026-09-17 20:48:25] Ep 110180304 | Sub 56303867 | State: EpisodeState.COMPLETED | Created: 2026-09-17 20:45:00 | Elo: 2836.6
[2026-09-17 20:50:42] Ep 110180227 | Sub 56295589 | State: EpisodeState.COMPLETED | Created: 2026-09-17 20:45:00 | Elo: 2784.9
[2026-09-17 20:57:11] Ep 110181809 | Sub 56303867 | State: EpisodeState.COMPLETED | Created: 2026-09-17 20:53:07 | Elo: 2832.0
[2026-09-17 21:03:49] Ep 110182986 | Sub 56295589 | State: EpisodeState.COMPLETED | Created: 2026-09-17 20:57:01 | Elo: 2777.0
[2026-09-17 21:08:06] Ep 110184490 | Sub 56303867 | State: EpisodeState.COMPLETED | Created: 2026-09-17 21:01:07 | Elo: 2828.6
[2026-09-17 21:12:30] Ep 110186209 | Sub 56303867 | State: EpisodeState.COMPLETED | Created: 2026-09-17 21:09:00 | Elo: 2824.4
[2026-09-17 21:16:57] Ep 110187835 | Sub 56295589 | State: EpisodeState.COMPLETED | Created: 2026-09-17 21:13:08 | Elo: 2780.8
[2026-09-17 21:23:34] Ep 110189780 | Sub 56295589 | State: EpisodeState.COMPLETED | Created: 2026-09-17 21:21:01 | Elo: 2778.0
[2026-09-17 21:27:51] Ep 110191161 | Sub 56303867 | State: EpisodeState.COMPLETED | Created: 2026-09-17 21:25:03 | Elo: 2819.5
[2026-09-17 21:27:58] Ep 110190481 | Sub 56295589 | State: EpisodeState.COMPLETED | Created: 2026-09-17 21:25:02 | Elo: 2781.7
[2026-09-17 21:32:21] Ep 110192426 | Sub 56295589 | State: EpisodeState.COMPLETED | Created: 2026-09-17 21:29:07 | Elo: 2786.2
[2026-09-17 21:34:32] Ep 110192086 | Sub 56295589 | State: EpisodeState.COMPLETED | Created: 2026-09-17 21:29:07 | Elo: 2789.3
[2026-09-17 21:36:39] Ep 110193040 | Sub 56303867 | State: EpisodeState.COMPLETED | Created: 2026-09-17 21:33:04 | Elo: 2822.7
[2026-09-17 21:41:02] Ep 110193411 | Sub 56303867 | State: EpisodeState.COMPLETED | Created: 2026-09-17 21:33:05 | Elo: 2818.1
[2026-09-17 21:45:25] Ep 110195192 | Sub 56303867 | State: EpisodeState.COMPLETED | Created: 2026-09-17 21:41:01 | Elo: 2822.9
[2026-09-17 21:54:16] Ep 110197396 | Sub 56295589 | State: EpisodeState.COMPLETED | Created: 2026-09-17 21:49:01 | Elo: 2793.2
[2026-09-17 21:56:22] Ep 110198563 | Sub 56303867 | State: EpisodeState.COMPLETED | Created: 2026-09-17 21:53:08 | Elo: 2817.6
[2026-09-17 22:05:13] Ep 110200584 | Sub 56295589 | State: EpisodeState.COMPLETED | Created: 2026-09-17 22:01:07 | Elo: 2797.7
[2026-09-17 22:07:25] Ep 110201512 | Sub 56295589 | State: EpisodeState.COMPLETED | Created: 2026-09-17 22:05:00 | Elo: 2793.1
[2026-09-17 22:13:53] Ep 110203132 | Sub 56303867 | State: EpisodeState.COMPLETED | Created: 2026-09-17 22:09:00 | Elo: 2821.3
[2026-09-17 22:13:58] Ep 110202423 | Sub 56295589 | State: EpisodeState.COMPLETED | Created: 2026-09-17 22:08:59 | Elo: 2797.2
[2026-09-17 22:29:19] Ep 110207162 | Sub 56295589 | State: EpisodeState.COMPLETED | Created: 2026-09-17 22:25:03 | Elo: 2802.4
[2026-09-17 22:31:25] Ep 110207202 | Sub 56303867 | State: EpisodeState.COMPLETED | Created: 2026-09-17 22:25:03 | Elo: 2824.8
[2026-09-17 22:42:26] Ep 110210783 | Sub 56295589 | State: EpisodeState.COMPLETED | Created: 2026-09-17 22:37:03 | Elo: 2797.4
[2026-09-17 22:44:33] Ep 110211711 | Sub 56303867 | State: EpisodeState.COMPLETED | Created: 2026-09-17 22:41:02 | Elo: 2829.1
[2026-09-17 22:46:44] Ep 110211138 | Sub 56303867 | State: EpisodeState.COMPLETED | Created: 2026-09-17 22:41:01 | Elo: 2824.5
[2026-09-17 22:48:55] Ep 110212123 | Sub 56303867 | State: EpisodeState.COMPLETED | Created: 2026-09-17 22:44:59 | Elo: 2819.0
[2026-09-17 22:55:31] Ep 110215080 | Sub 56295589 | State: EpisodeState.COMPLETED | Created: 2026-09-17 22:53:02 | Elo: 2801.8
[2026-09-17 23:06:24] Ep 110216784 | Sub 56303867 | State: EpisodeState.COMPLETED | Created: 2026-09-17 23:01:00 | Elo: 2822.9
[2026-09-17 23:10:46] Ep 110217582 | Sub 56303867 | State: EpisodeState.COMPLETED | Created: 2026-09-17 23:05:01 | Elo: 2818.5
[2026-09-17 23:17:24] Ep 110219969 | Sub 56295589 | State: EpisodeState.COMPLETED | Created: 2026-09-17 23:13:02 | Elo: 2801.8
[2026-09-17 23:19:31] Ep 110219900 | Sub 56303867 | State: EpisodeState.COMPLETED | Created: 2026-09-17 23:13:01 | Elo: 2818.4
[2026-09-17 23:19:31] Ep 110219617 | Sub 56303867 | State: EpisodeState.COMPLETED | Created: 2026-09-17 23:13:01 | Elo: 2818.4
[2026-09-17 23:30:33] Ep 110224410 | Sub 56295589 | State: EpisodeState.COMPLETED | Created: 2026-09-17 23:29:02 | Elo: 2807.1
[2026-09-17 23:32:39] Ep 110224561 | Sub 56303867 | State: EpisodeState.COMPLETED | Created: 2026-09-17 23:29:02 | Elo: 2814.6
[2026-09-17 23:34:49] Ep 110224359 | Sub 56303867 | State: EpisodeState.COMPLETED | Created: 2026-09-17 23:29:02 | Elo: 2809.4
[2026-09-17 23:34:54] Ep 110224345 | Sub 56295589 | State: EpisodeState.COMPLETED | Created: 2026-09-17 23:29:02 | Elo: 2807.0
[2026-09-17 23:45:48] Ep 110226074 | Sub 56303867 | State: EpisodeState.COMPLETED | Created: 2026-09-17 23:37:01 | Elo: 2805.0
[2026-09-17 23:45:53] Ep 110227090 | Sub 56295589 | State: EpisodeState.COMPLETED | Created: 2026-09-17 23:40:59 | Elo: 2801.4
[2026-09-17 23:47:59] Ep 110228719 | Sub 56303867 | State: EpisodeState.COMPLETED | Created: 2026-09-17 23:45:00 | Elo: 2809.5
[2026-09-17 23:50:16] Ep 110228629 | Sub 56295589 | State: EpisodeState.COMPLETED | Created: 2026-09-17 23:45:00 | Elo: 2796.8
[2026-09-17 23:52:23] Ep 110228605 | Sub 56303867 | State: EpisodeState.COMPLETED | Created: 2026-09-17 23:44:59 | Elo: 2814.9
[2026-09-17 23:56:46] Ep 110231215 | Sub 56303867 | State: EpisodeState.COMPLETED | Created: 2026-09-17 23:53:03 | Elo: 2819.2
[2026-09-18 00:05:37] Ep 110233110 | Sub 56295589 | State: EpisodeState.COMPLETED | Created: 2026-09-18 00:01:02 | Elo: 2800.9
[2026-09-18 00:18:41] Ep 110236324 | Sub 56303867 | State: EpisodeState.COMPLETED | Created: 2026-09-18 00:13:02 | Elo: 2823.2
[2026-09-18 00:20:58] Ep 110237743 | Sub 56295589 | State: EpisodeState.COMPLETED | Created: 2026-09-18 00:16:59 | Elo: 2795.9
[2026-09-18 00:36:13] Ep 110240995 | Sub 56303867 | State: EpisodeState.COMPLETED | Created: 2026-09-18 00:28:59 | Elo: 2819.3
[2026-09-18 00:40:41] Ep 110242887 | Sub 56295589 | State: EpisodeState.COMPLETED | Created: 2026-09-18 00:36:58 | Elo: 2799.6
[2026-09-18 00:45:05] Ep 110243882 | Sub 56295589 | State: EpisodeState.COMPLETED | Created: 2026-09-18 00:40:58 | Elo: 2803.6
[2026-09-18 00:51:32] Ep 110246078 | Sub 56303867 | State: EpisodeState.COMPLETED | Created: 2026-09-18 00:48:59 | Elo: 2822.6
[2026-09-18 00:55:55] Ep 110245766 | Sub 56303867 | State: EpisodeState.COMPLETED | Created: 2026-09-18 00:48:59 | Elo: 2825.7
[2026-09-18 01:02:25] Ep 110248578 | Sub 56317029 | State: EpisodeState.COMPLETED | Created: 2026-09-18 00:59:47 | Elo: 600.0
[2026-09-18 01:04:41] Ep 110248978 | Sub 56303867 | State: EpisodeState.COMPLETED | Created: 2026-09-18 01:01:02 | Elo: 2820.4
[2026-09-18 01:06:49] Ep 110249949 | Sub 56317029 | State: EpisodeState.COMPLETED | Created: 2026-09-18 01:04:59 | Elo: 672.8
[2026-09-18 01:11:13] Ep 110250883 | Sub 56317029 | State: EpisodeState.COMPLETED | Created: 2026-09-18 01:08:58 | Elo: 802.5
[2026-09-18 01:11:17] Ep 110249968 | Sub 56303867 | State: EpisodeState.COMPLETED | Created: 2026-09-18 01:04:59 | Elo: 2824.4
[2026-09-18 01:13:27] Ep 110251189 | Sub 56303867 | State: EpisodeState.COMPLETED | Created: 2026-09-18 01:08:58 | Elo: 2819.3
[2026-09-18 01:19:56] Ep 110251939 | Sub 56317029 | State: EpisodeState.COMPLETED | Created: 2026-09-18 01:13:02 | Elo: 860.6
[2026-09-18 01:22:08] Ep 110253007 | Sub 56317029 | State: EpisodeState.COMPLETED | Created: 2026-09-18 01:16:58 | Elo: 933.8
[2026-09-18 01:24:20] Ep 110254072 | Sub 56317029 | State: EpisodeState.COMPLETED | Created: 2026-09-18 01:20:57 | Elo: 1004.9
[2026-09-18 01:24:25] Ep 110254668 | Sub 56303867 | State: EpisodeState.COMPLETED | Created: 2026-09-18 01:20:58 | Elo: 2822.8
[2026-09-18 01:28:42] Ep 110255113 | Sub 56317029 | State: EpisodeState.COMPLETED | Created: 2026-09-18 01:24:58 | Elo: 1129.7
[2026-09-18 01:33:06] Ep 110256164 | Sub 56317029 | State: EpisodeState.COMPLETED | Created: 2026-09-18 01:28:58 | Elo: 1263.0
[2026-09-18 01:33:11] Ep 110256720 | Sub 56303867 | State: EpisodeState.COMPLETED | Created: 2026-09-18 01:28:59 | Elo: 2826.2
[2026-09-18 01:35:24] Ep 110258118 | Sub 56303867 | State: EpisodeState.COMPLETED | Created: 2026-09-18 01:33:05 | Elo: 2822.8
[2026-09-18 01:37:29] Ep 110257220 | Sub 56317029 | State: EpisodeState.COMPLETED | Created: 2026-09-18 01:33:03 | Elo: 1348.3
[2026-09-18 01:41:52] Ep 110258300 | Sub 56317029 | State: EpisodeState.COMPLETED | Created: 2026-09-18 01:36:57 | Elo: 1511.9
[2026-09-18 01:41:52] Ep 110258312 | Sub 56317029 | State: EpisodeState.COMPLETED | Created: 2026-09-18 01:36:57 | Elo: 1511.9
[2026-09-18 01:44:03] Ep 110259363 | Sub 56317029 | State: EpisodeState.COMPLETED | Created: 2026-09-18 01:40:58 | Elo: 1572.2
[2026-09-18 01:48:26] Ep 110260428 | Sub 56317029 | State: EpisodeState.COMPLETED | Created: 2026-09-18 01:44:58 | Elo: 1660.3
[2026-09-18 01:52:49] Ep 110261498 | Sub 56317029 | State: EpisodeState.COMPLETED | Created: 2026-09-18 01:49:00 | Elo: 1744.7
[2026-09-18 01:57:12] Ep 110262575 | Sub 56317029 | State: EpisodeState.COMPLETED | Created: 2026-09-18 01:53:00 | Elo: 1884.8
[2026-09-18 01:57:17] Ep 110262887 | Sub 56303867 | State: EpisodeState.COMPLETED | Created: 2026-09-18 01:53:00 | Elo: 2818.6
[2026-09-18 01:59:29] Ep 110263251 | Sub 56303867 | State: EpisodeState.COMPLETED | Created: 2026-09-18 01:53:01 | Elo: 2823.0
[2026-09-18 02:03:46] Ep 110264710 | Sub 56317029 | State: EpisodeState.COMPLETED | Created: 2026-09-18 02:00:57 | Elo: 2077.5
[2026-09-18 02:03:46] Ep 110263640 | Sub 56317029 | State: EpisodeState.COMPLETED | Created: 2026-09-18 01:56:58 | Elo: 2077.5
[2026-09-18 02:08:08] Ep 110265816 | Sub 56317029 | State: EpisodeState.COMPLETED | Created: 2026-09-18 02:04:57 | Elo: 2196.8
[2026-09-18 02:08:08] Ep 110265429 | Sub 56317029 | State: EpisodeState.COMPLETED | Created: 2026-09-18 02:00:59 | Elo: 2196.8
[2026-09-18 02:10:23] Ep 110266784 | Sub 56303867 | State: EpisodeState.COMPLETED | Created: 2026-09-18 02:04:59 | Elo: 2818.4
[2026-09-18 02:14:42] Ep 110266913 | Sub 56317029 | State: EpisodeState.COMPLETED | Created: 2026-09-18 02:08:57 | Elo: 2279.1
[2026-09-18 02:19:04] Ep 110267987 | Sub 56317029 | State: EpisodeState.COMPLETED | Created: 2026-09-18 02:13:00 | Elo: 2324.9
[2026-09-18 02:19:09] Ep 110268288 | Sub 56303867 | State: EpisodeState.COMPLETED | Created: 2026-09-18 02:13:00 | Elo: 2813.6
[2026-09-18 02:21:15] Ep 110269097 | Sub 56317029 | State: EpisodeState.COMPLETED | Created: 2026-09-18 02:17:28 | Elo: 2382.3
[2026-09-18 02:23:27] Ep 110270191 | Sub 56317029 | State: EpisodeState.COMPLETED | Created: 2026-09-18 02:21:28 | Elo: 2417.1
[2026-09-18 02:30:02] Ep 110271300 | Sub 56317029 | State: EpisodeState.COMPLETED | Created: 2026-09-18 02:25:29 | Elo: 2455.7
[2026-09-18 02:34:25] Ep 110272396 | Sub 56317029 | State: EpisodeState.COMPLETED | Created: 2026-09-18 02:29:29 | Elo: 2492.6
[2026-09-18 02:36:37] Ep 110273551 | Sub 56317029 | State: EpisodeState.COMPLETED | Created: 2026-09-18 02:33:34 | Elo: 2523.1
[2026-09-18 02:36:42] Ep 110273197 | Sub 56303867 | State: EpisodeState.COMPLETED | Created: 2026-09-18 02:29:31 | Elo: 2807.8
[2026-09-18 02:38:50] Ep 110273498 | Sub 56317029 | State: EpisodeState.COMPLETED | Created: 2026-09-18 02:33:34 | Elo: 2544.0
[2026-09-18 02:43:15] Ep 110274590 | Sub 56317029 | State: EpisodeState.COMPLETED | Created: 2026-09-18 02:37:32 | Elo: 2568.1
[2026-09-18 02:45:28] Ep 110275678 | Sub 56317029 | State: EpisodeState.COMPLETED | Created: 2026-09-18 02:41:34 | Elo: 2604.7
[2026-09-18 02:45:28] Ep 110276194 | Sub 56317029 | State: EpisodeState.COMPLETED | Created: 2026-09-18 02:41:35 | Elo: 2604.7
[2026-09-18 02:47:46] Ep 110277371 | Sub 56303867 | State: EpisodeState.COMPLETED | Created: 2026-09-18 02:45:35 | Elo: 2798.5
[2026-09-18 02:47:46] Ep 110275873 | Sub 56303867 | State: EpisodeState.COMPLETED | Created: 2026-09-18 02:41:35 | Elo: 2798.5
[2026-09-18 02:49:53] Ep 110276773 | Sub 56317029 | State: EpisodeState.COMPLETED | Created: 2026-09-18 02:45:33 | Elo: 2630.3
[2026-09-18 02:52:05] Ep 110276855 | Sub 56317029 | State: EpisodeState.COMPLETED | Created: 2026-09-18 02:45:33 | Elo: 2608.3
[2026-09-18 02:54:17] Ep 110277982 | Sub 56317029 | State: EpisodeState.COMPLETED | Created: 2026-09-18 02:49:33 | Elo: 2610.0
[2026-09-18 02:54:17] Ep 110277924 | Sub 56317029 | State: EpisodeState.COMPLETED | Created: 2026-09-18 02:49:33 | Elo: 2610.0
[2026-09-18 02:58:41] Ep 110278966 | Sub 56317029 | State: EpisodeState.COMPLETED | Created: 2026-09-18 02:53:39 | Elo: 2624.6
[2026-09-18 03:03:04] Ep 110280048 | Sub 56317029 | State: EpisodeState.COMPLETED | Created: 2026-09-18 02:57:32 | Elo: 2640.0
[2026-09-18 03:05:16] Ep 110281562 | Sub 56317029 | State: EpisodeState.COMPLETED | Created: 2026-09-18 03:01:50 | Elo: 2653.8
[2026-09-18 03:07:27] Ep 110281134 | Sub 56317029 | State: EpisodeState.COMPLETED | Created: 2026-09-18 03:01:49 | Elo: 2666.4
[2026-09-18 03:09:39] Ep 110282240 | Sub 56317029 | State: EpisodeState.COMPLETED | Created: 2026-09-18 03:05:38 | Elo: 2672.8
[2026-09-18 03:09:44] Ep 110282791 | Sub 56303867 | State: EpisodeState.COMPLETED | Created: 2026-09-18 03:05:39 | Elo: 2798.5
[2026-09-18 03:14:02] Ep 110283341 | Sub 56317029 | State: EpisodeState.COMPLETED | Created: 2026-09-18 03:09:40 | Elo: 2684.7
[2026-09-18 03:18:24] Ep 110284417 | Sub 56317029 | State: EpisodeState.COMPLETED | Created: 2026-09-18 03:13:38 | Elo: 2696.5
[2026-09-18 03:20:36] Ep 110285508 | Sub 56317029 | State: EpisodeState.COMPLETED | Created: 2026-09-18 03:17:32 | Elo: 2709.1
[2026-09-18 03:24:56] Ep 110286680 | Sub 56317029 | State: EpisodeState.COMPLETED | Created: 2026-09-18 03:21:32 | Elo: 2715.9
[2026-09-18 03:27:08] Ep 110286598 | Sub 56317029 | State: EpisodeState.COMPLETED | Created: 2026-09-18 03:21:32 | Elo: 2726.4
[2026-09-18 03:29:19] Ep 110287687 | Sub 56317029 | State: EpisodeState.COMPLETED | Created: 2026-09-18 03:25:31 | Elo: 2726.4
[2026-09-18 03:29:24] Ep 110288225 | Sub 56303867 | State: EpisodeState.COMPLETED | Created: 2026-09-18 03:25:32 | Elo: 2798.5
[2026-09-18 03:31:30] Ep 110287810 | Sub 56317029 | State: EpisodeState.COMPLETED | Created: 2026-09-18 03:25:31 | Elo: 2745.8
[2026-09-18 03:33:41] Ep 110288857 | Sub 56317029 | State: EpisodeState.COMPLETED | Created: 2026-09-18 03:29:32 | Elo: 2735.3
[2026-09-18 03:35:52] Ep 110288786 | Sub 56317029 | State: EpisodeState.COMPLETED | Created: 2026-09-18 03:29:32 | Elo: 2723.2
[2026-09-18 03:38:04] Ep 110289875 | Sub 56317029 | State: EpisodeState.COMPLETED | Created: 2026-09-18 03:33:34 | Elo: 2732.5
[2026-09-18 03:40:16] Ep 110290979 | Sub 56317029 | State: EpisodeState.COMPLETED | Created: 2026-09-18 03:37:31 | Elo: 2742.7
[2026-09-18 03:44:43] Ep 110292110 | Sub 56303867 | State: EpisodeState.COMPLETED | Created: 2026-09-18 03:41:31 | Elo: 2793.1
[2026-09-18 03:49:01] Ep 110293148 | Sub 56317029 | State: EpisodeState.COMPLETED | Created: 2026-09-18 03:45:32 | Elo: 2748.9
[2026-09-18 03:49:01] Ep 110293068 | Sub 56317029 | State: EpisodeState.COMPLETED | Created: 2026-09-18 03:45:31 | Elo: 2748.9
[2026-09-18 03:49:01] Ep 110292072 | Sub 56317029 | State: EpisodeState.COMPLETED | Created: 2026-09-18 03:41:31 | Elo: 2748.9
[2026-09-18 03:51:11] Ep 110293181 | Sub 56317029 | State: EpisodeState.COMPLETED | Created: 2026-09-18 03:45:32 | Elo: 2757.9
[2026-09-18 03:53:22] Ep 110294796 | Sub 56317029 | State: EpisodeState.COMPLETED | Created: 2026-09-18 03:49:33 | Elo: 2757.6
[2026-09-18 03:53:22] Ep 110294611 | Sub 56317029 | State: EpisodeState.COMPLETED | Created: 2026-09-18 03:49:33 | Elo: 2757.6
[2026-09-18 03:55:32] Ep 110294252 | Sub 56317029 | State: EpisodeState.COMPLETED | Created: 2026-09-18 03:49:32 | Elo: 2765.7
[2026-09-18 03:57:44] Ep 110295347 | Sub 56317029 | State: EpisodeState.COMPLETED | Created: 2026-09-18 03:53:35 | Elo: 2769.4
[2026-09-18 03:57:44] Ep 110295326 | Sub 56317029 | State: EpisodeState.COMPLETED | Created: 2026-09-18 03:53:35 | Elo: 2769.4
[2026-09-18 04:02:11] Ep 110296874 | Sub 56303867 | State: EpisodeState.COMPLETED | Created: 2026-09-18 03:57:38 | Elo: 2797.2
[2026-09-18 04:04:16] Ep 110297607 | Sub 56317029 | State: EpisodeState.COMPLETED | Created: 2026-09-18 04:01:34 | Elo: 2760.9
[2026-09-18 04:04:16] Ep 110297522 | Sub 56317029 | State: EpisodeState.COMPLETED | Created: 2026-09-18 04:01:34 | Elo: 2760.9
[2026-09-18 04:04:16] Ep 110296443 | Sub 56317029 | State: EpisodeState.COMPLETED | Created: 2026-09-18 03:57:37 | Elo: 2760.9
[2026-09-18 04:08:39] Ep 110298622 | Sub 56317029 | State: EpisodeState.COMPLETED | Created: 2026-09-18 04:05:33 | Elo: 2753.8
[2026-09-18 04:10:54] Ep 110298505 | Sub 56303867 | State: EpisodeState.COMPLETED | Created: 2026-09-18 04:05:33 | Elo: 2793.4
[2026-09-18 04:13:01] Ep 110299705 | Sub 56317029 | State: EpisodeState.COMPLETED | Created: 2026-09-18 04:09:34 | Elo: 2758.5
[2026-09-18 04:15:13] Ep 110299990 | Sub 56317029 | State: EpisodeState.COMPLETED | Created: 2026-09-18 04:09:35 | Elo: 2751.3
[2026-09-18 04:17:23] Ep 110300808 | Sub 56317029 | State: EpisodeState.COMPLETED | Created: 2026-09-18 04:13:34 | Elo: 2757.9
[2026-09-18 04:17:28] Ep 110300885 | Sub 56303867 | State: EpisodeState.COMPLETED | Created: 2026-09-18 04:13:34 | Elo: 2796.9
[2026-09-18 04:21:46] Ep 110301895 | Sub 56317029 | State: EpisodeState.COMPLETED | Created: 2026-09-18 04:17:35 | Elo: 2753.2
[2026-09-18 04:23:57] Ep 110302972 | Sub 56317029 | State: EpisodeState.COMPLETED | Created: 2026-09-18 04:21:33 | Elo: 2747.5
[2026-09-18 04:24:02] Ep 110301708 | Sub 56303867 | State: EpisodeState.COMPLETED | Created: 2026-09-18 04:17:34 | Elo: 2800.6
[2026-09-18 04:26:08] Ep 110302903 | Sub 56317029 | State: EpisodeState.COMPLETED | Created: 2026-09-18 04:21:32 | Elo: 2747.5
[2026-09-18 04:26:14] Ep 110302922 | Sub 56303867 | State: EpisodeState.COMPLETED | Created: 2026-09-18 04:21:32 | Elo: 2796.0
[2026-09-18 04:32:43] Ep 110305136 | Sub 56317029 | State: EpisodeState.COMPLETED | Created: 2026-09-18 04:29:32 | Elo: 2763.7
[2026-09-18 04:32:43] Ep 110304047 | Sub 56317029 | State: EpisodeState.COMPLETED | Created: 2026-09-18 04:25:32 | Elo: 2763.7
[2026-09-18 04:37:05] Ep 110306230 | Sub 56317029 | State: EpisodeState.COMPLETED | Created: 2026-09-18 04:33:35 | Elo: 2757.2
[2026-09-18 04:39:20] Ep 110305984 | Sub 56303867 | State: EpisodeState.COMPLETED | Created: 2026-09-18 04:33:34 | Elo: 2799.6
[2026-09-18 04:41:26] Ep 110307693 | Sub 56317029 | State: EpisodeState.COMPLETED | Created: 2026-09-18 04:37:33 | Elo: 2756.5
[2026-09-18 04:41:26] Ep 110307322 | Sub 56317029 | State: EpisodeState.COMPLETED | Created: 2026-09-18 04:37:32 | Elo: 2756.5
[2026-09-18 04:45:48] Ep 110308409 | Sub 56317029 | State: EpisodeState.COMPLETED | Created: 2026-09-18 04:41:32 | Elo: 2760.3
[2026-09-18 04:45:52] Ep 110308354 | Sub 56303867 | State: EpisodeState.COMPLETED | Created: 2026-09-18 04:41:32 | Elo: 2794.9
[2026-09-18 04:47:59] Ep 110309699 | Sub 56317029 | State: EpisodeState.COMPLETED | Created: 2026-09-18 04:45:32 | Elo: 2763.7
[2026-09-18 04:50:09] Ep 110309499 | Sub 56317029 | State: EpisodeState.COMPLETED | Created: 2026-09-18 04:45:32 | Elo: 2765.7
[2026-09-18 04:50:09] Ep 110309905 | Sub 56317029 | State: EpisodeState.COMPLETED | Created: 2026-09-18 04:45:32 | Elo: 2765.7
[2026-09-18 04:52:25] Ep 110309266 | Sub 56303867 | State: EpisodeState.COMPLETED | Created: 2026-09-18 04:45:31 | Elo: 2790.2
[2026-09-18 04:54:35] Ep 110310895 | Sub 56303867 | State: EpisodeState.COMPLETED | Created: 2026-09-18 04:49:33 | Elo: 2786.1
[2026-09-18 04:56:42] Ep 110310319 | Sub 56317029 | State: EpisodeState.COMPLETED | Created: 2026-09-18 04:49:32 | Elo: 2770.6
[2026-09-18 05:03:15] Ep 110312644 | Sub 56317029 | State: EpisodeState.COMPLETED | Created: 2026-09-18 04:57:33 | Elo: 2767.1
[2026-09-18 05:12:03] Ep 110314727 | Sub 56303867 | State: EpisodeState.COMPLETED | Created: 2026-09-18 05:05:33 | Elo: 2789.2
[2026-09-18 05:14:14] Ep 110315969 | Sub 56303867 | State: EpisodeState.COMPLETED | Created: 2026-09-18 05:09:31 | Elo: 2784.5
[2026-09-18 05:16:25] Ep 110316345 | Sub 56303867 | State: EpisodeState.COMPLETED | Created: 2026-09-18 05:09:32 | Elo: 2780.8
[2026-09-18 05:18:32] Ep 110316874 | Sub 56317029 | State: EpisodeState.COMPLETED | Created: 2026-09-18 05:13:32 | Elo: 2762.9
[2026-09-18 05:27:24] Ep 110320175 | Sub 56303867 | State: EpisodeState.COMPLETED | Created: 2026-09-18 05:25:31 | Elo: 2785.6
[2026-09-18 05:31:46] Ep 110320673 | Sub 56303867 | State: EpisodeState.COMPLETED | Created: 2026-09-18 05:25:32 | Elo: 2781.6
[2026-09-18 05:33:58] Ep 110321317 | Sub 56303867 | State: EpisodeState.COMPLETED | Created: 2026-09-18 05:29:32 | Elo: 2777.4
[2026-09-18 05:36:03] Ep 110321254 | Sub 56317029 | State: EpisodeState.COMPLETED | Created: 2026-09-18 05:29:31 | Elo: 2767.3
[2026-09-18 05:40:24] Ep 110322508 | Sub 56317029 | State: EpisodeState.COMPLETED | Created: 2026-09-18 05:33:34 | Elo: 2762.6
[2026-09-18 05:44:48] Ep 110324564 | Sub 56303867 | State: EpisodeState.COMPLETED | Created: 2026-09-18 05:41:33 | Elo: 2782.3
[2026-09-18 05:53:29] Ep 110326982 | Sub 56317029 | State: EpisodeState.COMPLETED | Created: 2026-09-18 05:49:33 | Elo: 2767.5
[2026-09-18 06:06:46] Ep 110330338 | Sub 56303867 | State: EpisodeState.COMPLETED | Created: 2026-09-18 06:01:32 | Elo: 2778.4
[2026-09-18 06:13:17] Ep 110332595 | Sub 56317029 | State: EpisodeState.COMPLETED | Created: 2026-09-18 06:09:32 | Elo: 2772.0
[2026-09-18 06:17:45] Ep 110333753 | Sub 56303867 | State: EpisodeState.COMPLETED | Created: 2026-09-18 06:13:32 | Elo: 2767.9
[2026-09-18 06:17:45] Ep 110333115 | Sub 56303867 | State: EpisodeState.COMPLETED | Created: 2026-09-18 06:13:31 | Elo: 2767.9
[2026-09-18 06:28:41] Ep 110336999 | Sub 56303867 | State: EpisodeState.COMPLETED | Created: 2026-09-18 06:25:31 | Elo: 2772.9
[2026-09-18 06:32:59] Ep 110337517 | Sub 56317029 | State: EpisodeState.COMPLETED | Created: 2026-09-18 06:29:30 | Elo: 2775.9
[2026-09-18 06:32:59] Ep 110338111 | Sub 56317029 | State: EpisodeState.COMPLETED | Created: 2026-09-18 06:29:31 | Elo: 2775.9
[2026-09-18 06:43:57] Ep 110340860 | Sub 56317029 | State: EpisodeState.COMPLETED | Created: 2026-09-18 06:41:31 | Elo: 2780.3
[2026-09-18 06:44:03] Ep 110340138 | Sub 56303867 | State: EpisodeState.COMPLETED | Created: 2026-09-18 06:37:32 | Elo: 2778.9
[2026-09-18 07:01:30] Ep 110345657 | Sub 56303867 | State: EpisodeState.COMPLETED | Created: 2026-09-18 06:57:31 | Elo: 2773.5
[2026-09-18 07:05:47] Ep 110346600 | Sub 56317029 | State: EpisodeState.COMPLETED | Created: 2026-09-18 07:01:31 | Elo: 2784.6
[2026-09-18 07:07:57] Ep 110346847 | Sub 56317029 | State: EpisodeState.COMPLETED | Created: 2026-09-18 07:01:32 | Elo: 2784.2
[2026-09-18 07:07:57] Ep 110346200 | Sub 56317029 | State: EpisodeState.COMPLETED | Created: 2026-09-18 07:01:31 | Elo: 2784.2
[2026-09-18 07:23:22] Ep 110351113 | Sub 56303867 | State: EpisodeState.COMPLETED | Created: 2026-09-18 07:17:32 | Elo: 2778.2
[2026-09-18 07:27:41] Ep 110351629 | Sub 56317029 | State: EpisodeState.COMPLETED | Created: 2026-09-18 07:21:30 | Elo: 2789.0
[2026-09-18 07:29:58] Ep 110352895 | Sub 56303867 | State: EpisodeState.COMPLETED | Created: 2026-09-18 07:25:32 | Elo: 2772.8
[2026-09-18 07:34:15] Ep 110353894 | Sub 56317029 | State: EpisodeState.COMPLETED | Created: 2026-09-18 07:29:31 | Elo: 2793.2
[2026-09-18 07:38:44] Ep 110354874 | Sub 56303867 | State: EpisodeState.COMPLETED | Created: 2026-09-18 07:33:34 | Elo: 2776.7
[2026-09-18 07:40:55] Ep 110355836 | Sub 56303867 | State: EpisodeState.COMPLETED | Created: 2026-09-18 07:37:30 | Elo: 2773.4
[2026-09-18 07:53:56] Ep 110359513 | Sub 56317029 | State: EpisodeState.COMPLETED | Created: 2026-09-18 07:49:31 | Elo: 2788.4
[2026-09-18 08:00:34] Ep 110361557 | Sub 56303867 | State: EpisodeState.COMPLETED | Created: 2026-09-18 07:57:32 | Elo: 2767.8
[2026-09-18 08:11:27] Ep 110363517 | Sub 56303867 | State: EpisodeState.COMPLETED | Created: 2026-09-18 08:05:31 | Elo: 2762.2
[2026-09-18 08:13:38] Ep 110364525 | Sub 56303867 | State: EpisodeState.COMPLETED | Created: 2026-09-18 08:09:31 | Elo: 2767.1
[2026-09-18 08:15:45] Ep 110365047 | Sub 56317029 | State: EpisodeState.COMPLETED | Created: 2026-09-18 08:09:32 | Elo: 2792.3
[2026-09-18 08:24:33] Ep 110368212 | Sub 56303867 | State: EpisodeState.COMPLETED | Created: 2026-09-18 08:21:31 | Elo: 2762.0
[2026-09-18 08:33:20] Ep 110370022 | Sub 56303867 | State: EpisodeState.COMPLETED | Created: 2026-09-18 08:29:31 | Elo: 2756.0
[2026-09-18 08:39:47] Ep 110371347 | Sub 56317029 | State: EpisodeState.COMPLETED | Created: 2026-09-18 08:33:32 | Elo: 2796.4
[2026-09-18 08:53:00] Ep 110375914 | Sub 56303867 | State: EpisodeState.COMPLETED | Created: 2026-09-18 08:49:31 | Elo: 2751.7
[2026-09-18 08:55:12] Ep 110375766 | Sub 56303867 | State: EpisodeState.COMPLETED | Created: 2026-09-18 08:49:31 | Elo: 2758.8
[2026-09-18 08:57:17] Ep 110377015 | Sub 56317029 | State: EpisodeState.COMPLETED | Created: 2026-09-18 08:53:36 | Elo: 2793.6
[2026-09-18 09:16:59] Ep 110382244 | Sub 56303867 | State: EpisodeState.COMPLETED | Created: 2026-09-18 09:13:34 | Elo: 2752.7
[2026-09-18 09:21:20] Ep 110382827 | Sub 56317029 | State: EpisodeState.COMPLETED | Created: 2026-09-18 09:17:37 | Elo: 2793.0
[2026-09-18 09:21:20] Ep 110383296 | Sub 56317029 | State: EpisodeState.COMPLETED | Created: 2026-09-18 09:17:38 | Elo: 2793.0
[2026-09-18 09:23:30] Ep 110383056 | Sub 56317029 | State: EpisodeState.COMPLETED | Created: 2026-09-18 09:17:37 | Elo: 2796.2
[2026-09-18 09:25:37] Ep 110383586 | Sub 56326472 | State: EpisodeState.COMPLETED | Created: 2026-09-18 09:20:03 | Elo: 600.0
[2026-09-18 09:32:13] Ep 110384832 | Sub 56326472 | State: EpisodeState.COMPLETED | Created: 2026-09-18 09:25:33 | Elo: 697.5
[2026-09-18 09:34:25] Ep 110385919 | Sub 56326472 | State: EpisodeState.COMPLETED | Created: 2026-09-18 09:29:34 | Elo: 779.9
[2026-09-18 09:41:03] Ep 110387000 | Sub 56326472 | State: EpisodeState.COMPLETED | Created: 2026-09-18 09:33:36 | Elo: 875.0
[2026-09-18 09:41:09] Ep 110388950 | Sub 56317029 | State: EpisodeState.COMPLETED | Created: 2026-09-18 09:37:35 | Elo: 2799.8
[2026-09-18 09:43:16] Ep 110388043 | Sub 56326472 | State: EpisodeState.COMPLETED | Created: 2026-09-18 09:37:33 | Elo: 967.8
[2026-09-18 09:45:28] Ep 110389117 | Sub 56326472 | State: EpisodeState.COMPLETED | Created: 2026-09-18 09:41:34 | Elo: 1052.6
[2026-09-18 09:49:52] Ep 110390170 | Sub 56326472 | State: EpisodeState.COMPLETED | Created: 2026-09-18 09:45:34 | Elo: 1172.7
[2026-09-18 09:52:04] Ep 110391201 | Sub 56326472 | State: EpisodeState.COMPLETED | Created: 2026-09-18 09:49:43 | Elo: 1266.8
[2026-09-18 09:58:38] Ep 110392297 | Sub 56326472 | State: EpisodeState.COMPLETED | Created: 2026-09-18 09:53:32 | Elo: 1370.5
[2026-09-18 10:00:49] Ep 110393368 | Sub 56326472 | State: EpisodeState.COMPLETED | Created: 2026-09-18 09:57:29 | Elo: 1445.4
[2026-09-18 10:05:09] Ep 110394423 | Sub 56326472 | State: EpisodeState.COMPLETED | Created: 2026-09-18 10:01:29 | Elo: 1567.3
[2026-09-18 10:09:31] Ep 110395495 | Sub 56326472 | State: EpisodeState.COMPLETED | Created: 2026-09-18 10:05:29 | Elo: 1648.4
[2026-09-18 10:11:47] Ep 110395123 | Sub 56317029 | State: EpisodeState.COMPLETED | Created: 2026-09-18 10:01:30 | Elo: 2796.1
[2026-09-18 10:16:05] Ep 110397660 | Sub 56326472 | State: EpisodeState.COMPLETED | Created: 2026-09-18 10:13:33 | Elo: 1620.2
[2026-09-18 10:16:05] Ep 110396576 | Sub 56326472 | State: EpisodeState.COMPLETED | Created: 2026-09-18 10:09:32 | Elo: 1620.2
[2026-09-18 10:18:22] Ep 110398121 | Sub 56317029 | State: EpisodeState.COMPLETED | Created: 2026-09-18 10:13:34 | Elo: 2786.3
[2026-09-18 10:18:22] Ep 110397954 | Sub 56317029 | State: EpisodeState.COMPLETED | Created: 2026-09-18 10:13:34 | Elo: 2786.3
[2026-09-18 10:24:50] Ep 110399873 | Sub 56326472 | State: EpisodeState.COMPLETED | Created: 2026-09-18 10:21:29 | Elo: 1732.5
[2026-09-18 10:24:50] Ep 110398796 | Sub 56326472 | State: EpisodeState.COMPLETED | Created: 2026-09-18 10:17:29 | Elo: 1732.5
[2026-09-18 10:31:21] Ep 110400987 | Sub 56326472 | State: EpisodeState.COMPLETED | Created: 2026-09-18 10:25:31 | Elo: 1784.2
[2026-09-18 10:35:42] Ep 110402069 | Sub 56326472 | State: EpisodeState.COMPLETED | Created: 2026-09-18 10:29:30 | Elo: 1824.5
[2026-09-18 10:37:58] Ep 110403935 | Sub 56317029 | State: EpisodeState.COMPLETED | Created: 2026-09-18 10:33:38 | Elo: 2782.5
[2026-09-18 10:40:05] Ep 110404282 | Sub 56326472 | State: EpisodeState.COMPLETED | Created: 2026-09-18 10:37:29 | Elo: 1893.2
[2026-09-18 10:40:05] Ep 110403149 | Sub 56326472 | State: EpisodeState.COMPLETED | Created: 2026-09-18 10:33:37 | Elo: 1893.2
[2026-09-18 10:42:15] Ep 110405091 | Sub 56326472 | State: EpisodeState.COMPLETED | Created: 2026-09-18 10:37:31 | Elo: 1924.1
[2026-09-18 10:44:26] Ep 110405448 | Sub 56326472 | State: EpisodeState.COMPLETED | Created: 2026-09-18 10:41:30 | Elo: 1983.8
[2026-09-18 10:44:26] Ep 110405761 | Sub 56326472 | State: EpisodeState.COMPLETED | Created: 2026-09-18 10:41:31 | Elo: 1983.8
[2026-09-18 10:44:30] Ep 110404826 | Sub 56317029 | State: EpisodeState.COMPLETED | Created: 2026-09-18 10:37:30 | Elo: 2778.0
[2026-09-18 10:48:48] Ep 110406516 | Sub 56326472 | State: EpisodeState.COMPLETED | Created: 2026-09-18 10:45:29 | Elo: 2021.8
[2026-09-18 10:53:11] Ep 110407600 | Sub 56326472 | State: EpisodeState.COMPLETED | Created: 2026-09-18 10:49:31 | Elo: 2043.9
[2026-09-18 10:55:22] Ep 110407720 | Sub 56326472 | State: EpisodeState.COMPLETED | Created: 2026-09-18 10:49:31 | Elo: 2060.0
[2026-09-18 10:57:33] Ep 110408698 | Sub 56326472 | State: EpisodeState.COMPLETED | Created: 2026-09-18 10:53:32 | Elo: 2082.2
[2026-09-18 10:57:38] Ep 110408831 | Sub 56317029 | State: EpisodeState.COMPLETED | Created: 2026-09-18 10:53:32 | Elo: 2772.7
[2026-09-18 11:04:09] Ep 110410870 | Sub 56326472 | State: EpisodeState.COMPLETED | Created: 2026-09-18 11:01:31 | Elo: 2125.4
[2026-09-18 11:04:09] Ep 110409778 | Sub 56326472 | State: EpisodeState.COMPLETED | Created: 2026-09-18 10:57:29 | Elo: 2125.4
[2026-09-18 11:08:31] Ep 110412000 | Sub 56326472 | State: EpisodeState.COMPLETED | Created: 2026-09-18 11:05:32 | Elo: 2141.6
[2026-09-18 11:15:05] Ep 110413074 | Sub 56326472 | State: EpisodeState.COMPLETED | Created: 2026-09-18 11:09:31 | Elo: 2154.9
[2026-09-18 11:17:21] Ep 110414801 | Sub 56317029 | State: EpisodeState.COMPLETED | Created: 2026-09-18 11:13:34 | Elo: 2781.2
[2026-09-18 11:17:21] Ep 110414253 | Sub 56317029 | State: EpisodeState.COMPLETED | Created: 2026-09-18 11:13:33 | Elo: 2781.2
[2026-09-18 11:19:26] Ep 110415251 | Sub 56326472 | State: EpisodeState.COMPLETED | Created: 2026-09-18 11:17:29 | Elo: 2183.5
[2026-09-18 11:19:26] Ep 110414159 | Sub 56326472 | State: EpisodeState.COMPLETED | Created: 2026-09-18 11:13:33 | Elo: 2183.5
[2026-09-18 11:23:49] Ep 110416359 | Sub 56326472 | State: EpisodeState.COMPLETED | Created: 2026-09-18 11:21:30 | Elo: 2194.4
[2026-09-18 11:30:23] Ep 110417457 | Sub 56326472 | State: EpisodeState.COMPLETED | Created: 2026-09-18 11:25:31 | Elo: 2208.5
[2026-09-18 11:32:33] Ep 110418541 | Sub 56326472 | State: EpisodeState.COMPLETED | Created: 2026-09-18 11:29:30 | Elo: 2225.7
[2026-09-18 11:36:56] Ep 110419633 | Sub 56326472 | State: EpisodeState.COMPLETED | Created: 2026-09-18 11:33:32 | Elo: 2215.0
[2026-09-18 11:41:21] Ep 110421150 | Sub 56317029 | State: EpisodeState.COMPLETED | Created: 2026-09-18 11:37:31 | Elo: 2777.3
[2026-09-18 11:43:28] Ep 110420733 | Sub 56326472 | State: EpisodeState.COMPLETED | Created: 2026-09-18 11:37:30 | Elo: 2225.3
[2026-09-18 11:45:39] Ep 110421818 | Sub 56326472 | State: EpisodeState.COMPLETED | Created: 2026-09-18 11:41:31 | Elo: 2231.8
[2026-09-18 11:45:44] Ep 110422447 | Sub 56317029 | State: EpisodeState.COMPLETED | Created: 2026-09-18 11:41:32 | Elo: 2781.3
[2026-09-18 11:47:50] Ep 110422923 | Sub 56326472 | State: EpisodeState.COMPLETED | Created: 2026-09-18 11:45:30 | Elo: 2222.7
[2026-09-18 11:47:54] Ep 110421930 | Sub 56317029 | State: EpisodeState.COMPLETED | Created: 2026-09-18 11:41:31 | Elo: 2777.2
[2026-09-18 11:52:12] Ep 110424007 | Sub 56326472 | State: EpisodeState.COMPLETED | Created: 2026-09-18 11:49:31 | Elo: 2236.3
[2026-09-18 11:56:36] Ep 110425110 | Sub 56326472 | State: EpisodeState.COMPLETED | Created: 2026-09-18 11:53:33 | Elo: 2248.4
[2026-09-18 12:00:58] Ep 110426379 | Sub 56326472 | State: EpisodeState.COMPLETED | Created: 2026-09-18 11:57:32 | Elo: 2255.1
[2026-09-18 12:03:08] Ep 110426684 | Sub 56326472 | State: EpisodeState.COMPLETED | Created: 2026-09-18 11:57:33 | Elo: 2253.3
[2026-09-18 12:03:08] Ep 110426196 | Sub 56326472 | State: EpisodeState.COMPLETED | Created: 2026-09-18 11:57:31 | Elo: 2253.3
[2026-09-18 12:05:18] Ep 110427286 | Sub 56326472 | State: EpisodeState.COMPLETED | Created: 2026-09-18 12:01:32 | Elo: 2259.6
[2026-09-18 12:09:44] Ep 110428754 | Sub 56317029 | State: EpisodeState.COMPLETED | Created: 2026-09-18 12:05:33 | Elo: 2782.4
[2026-09-18 12:11:49] Ep 110429501 | Sub 56326472 | State: EpisodeState.COMPLETED | Created: 2026-09-18 12:09:32 | Elo: 2272.4
[2026-09-18 12:11:49] Ep 110428759 | Sub 56326472 | State: EpisodeState.COMPLETED | Created: 2026-09-18 12:05:33 | Elo: 2272.4
[2026-09-18 12:11:49] Ep 110428409 | Sub 56326472 | State: EpisodeState.COMPLETED | Created: 2026-09-18 12:05:32 | Elo: 2272.4
[2026-09-18 12:20:38] Ep 110430601 | Sub 56326472 | State: EpisodeState.COMPLETED | Created: 2026-09-18 12:13:34 | Elo: 2277.2
[2026-09-18 12:20:42] Ep 110432318 | Sub 56317029 | State: EpisodeState.COMPLETED | Created: 2026-09-18 12:17:34 | Elo: 2778.8
[2026-09-18 12:22:47] Ep 110431680 | Sub 56326472 | State: EpisodeState.COMPLETED | Created: 2026-09-18 12:17:33 | Elo: 2286.3
[2026-09-18 12:27:11] Ep 110432783 | Sub 56326472 | State: EpisodeState.COMPLETED | Created: 2026-09-18 12:21:33 | Elo: 2293.1
[2026-09-18 12:29:22] Ep 110433872 | Sub 56326472 | State: EpisodeState.COMPLETED | Created: 2026-09-18 12:25:32 | Elo: 2299.5
[2026-09-18 12:29:26] Ep 110433759 | Sub 56317029 | State: EpisodeState.COMPLETED | Created: 2026-09-18 12:25:32 | Elo: 2782.8
[2026-09-18 12:33:43] Ep 110434969 | Sub 56326472 | State: EpisodeState.COMPLETED | Created: 2026-09-18 12:29:36 | Elo: 2305.9
[2026-09-18 12:38:06] Ep 110436054 | Sub 56326472 | State: EpisodeState.COMPLETED | Created: 2026-09-18 12:33:36 | Elo: 2312.9
[2026-09-18 12:42:28] Ep 110437135 | Sub 56326472 | State: EpisodeState.COMPLETED | Created: 2026-09-18 12:37:33 | Elo: 2319.0
[2026-09-18 12:46:50] Ep 110438215 | Sub 56326472 | State: EpisodeState.COMPLETED | Created: 2026-09-18 12:41:32 | Elo: 2324.6
[2026-09-18 12:51:13] Ep 110439312 | Sub 56326472 | State: EpisodeState.COMPLETED | Created: 2026-09-18 12:45:32 | Elo: 2330.5
[2026-09-18 12:51:18] Ep 110439788 | Sub 56317029 | State: EpisodeState.COMPLETED | Created: 2026-09-18 12:45:34 | Elo: 2786.4
[2026-09-18 12:53:24] Ep 110440402 | Sub 56326472 | State: EpisodeState.COMPLETED | Created: 2026-09-18 12:49:32 | Elo: 2336.7
[2026-09-18 12:59:56] Ep 110441238 | Sub 56326472 | State: EpisodeState.COMPLETED | Created: 2026-09-18 12:53:33 | Elo: 2339.6
[2026-09-18 12:59:56] Ep 110441489 | Sub 56326472 | State: EpisodeState.COMPLETED | Created: 2026-09-18 12:53:34 | Elo: 2339.6
[2026-09-18 13:04:16] Ep 110443677 | Sub 56326472 | State: EpisodeState.COMPLETED | Created: 2026-09-18 13:01:32 | Elo: 2351.2
[2026-09-18 13:04:16] Ep 110442571 | Sub 56326472 | State: EpisodeState.COMPLETED | Created: 2026-09-18 12:57:31 | Elo: 2351.2
[2026-09-18 13:06:30] Ep 110444183 | Sub 56317029 | State: EpisodeState.COMPLETED | Created: 2026-09-18 13:01:33 | Elo: 2790.9
[2026-09-18 13:10:47] Ep 110444788 | Sub 56326472 | State: EpisodeState.COMPLETED | Created: 2026-09-18 13:05:32 | Elo: 2347.5
[2026-09-18 13:12:58] Ep 110445889 | Sub 56326472 | State: EpisodeState.COMPLETED | Created: 2026-09-18 13:09:32 | Elo: 2353.6
[2026-09-18 13:13:03] Ep 110445825 | Sub 56317029 | State: EpisodeState.COMPLETED | Created: 2026-09-18 13:09:31 | Elo: 2795.2
[2026-09-18 13:17:19] Ep 110446977 | Sub 56326472 | State: EpisodeState.COMPLETED | Created: 2026-09-18 13:13:34 | Elo: 2359.0
[2026-09-18 13:17:24] Ep 110447183 | Sub 56317029 | State: EpisodeState.COMPLETED | Created: 2026-09-18 13:13:34 | Elo: 2791.3
[2026-09-18 13:21:41] Ep 110448062 | Sub 56326472 | State: EpisodeState.COMPLETED | Created: 2026-09-18 13:17:32 | Elo: 2366.5
[2026-09-18 13:23:52] Ep 110447957 | Sub 56326472 | State: EpisodeState.COMPLETED | Created: 2026-09-18 13:17:32 | Elo: 2372.1
[2026-09-18 13:28:12] Ep 110450252 | Sub 56326472 | State: EpisodeState.COMPLETED | Created: 2026-09-18 13:25:32 | Elo: 2382.8
[2026-09-18 13:28:12] Ep 110449153 | Sub 56326472 | State: EpisodeState.COMPLETED | Created: 2026-09-18 13:21:34 | Elo: 2382.8
[2026-09-18 13:30:23] Ep 110450515 | Sub 56326472 | State: EpisodeState.COMPLETED | Created: 2026-09-18 13:25:33 | Elo: 2387.0
[2026-09-18 13:32:34] Ep 110451358 | Sub 56326472 | State: EpisodeState.COMPLETED | Created: 2026-09-18 13:29:33 | Elo: 2391.4
[2026-09-18 13:32:39] Ep 110451582 | Sub 56317029 | State: EpisodeState.COMPLETED | Created: 2026-09-18 13:29:33 | Elo: 2796.1
[2026-09-18 13:36:56] Ep 110451730 | Sub 56326472 | State: EpisodeState.COMPLETED | Created: 2026-09-18 13:29:34 | Elo: 2396.4
[2026-09-18 13:37:02] Ep 110452296 | Sub 56317029 | State: EpisodeState.COMPLETED | Created: 2026-09-18 13:33:34 | Elo: 2790.5
[2026-09-18 13:39:08] Ep 110452455 | Sub 56326472 | State: EpisodeState.COMPLETED | Created: 2026-09-18 13:33:34 | Elo: 2400.4
[2026-09-18 13:41:19] Ep 110453540 | Sub 56326472 | State: EpisodeState.COMPLETED | Created: 2026-09-18 13:37:32 | Elo: 2406.1
[2026-09-18 13:45:43] Ep 110454831 | Sub 56326472 | State: EpisodeState.COMPLETED | Created: 2026-09-18 13:41:34 | Elo: 2411.5
[2026-09-18 13:52:16] Ep 110455278 | Sub 56326472 | State: EpisodeState.COMPLETED | Created: 2026-09-18 13:45:31 | Elo: 2408.3
[2026-09-18 13:56:42] Ep 110458162 | Sub 56317029 | State: EpisodeState.COMPLETED | Created: 2026-09-18 13:53:37 | Elo: 2794.7
[2026-09-18 14:11:49] Ep 110461376 | Sub 56326472 | State: EpisodeState.COMPLETED | Created: 2026-09-18 14:05:33 | Elo: 2413.3
[2026-09-18 14:22:52] Ep 110464491 | Sub 56317029 | State: EpisodeState.COMPLETED | Created: 2026-09-18 14:17:34 | Elo: 2790.7
[2026-09-18 14:29:20] Ep 110466641 | Sub 56326472 | State: EpisodeState.COMPLETED | Created: 2026-09-18 14:25:33 | Elo: 2418.1
[2026-09-18 14:44:44] Ep 110470984 | Sub 56317029 | State: EpisodeState.COMPLETED | Created: 2026-09-18 14:41:33 | Elo: 2795.0
[2026-09-18 14:49:02] Ep 110471704 | Sub 56326472 | State: EpisodeState.COMPLETED | Created: 2026-09-18 14:45:32 | Elo: 2414.8
[2026-09-18 14:53:28] Ep 110473023 | Sub 56317029 | State: EpisodeState.COMPLETED | Created: 2026-09-18 14:49:34 | Elo: 2800.2
[2026-09-18 15:08:44] Ep 110477698 | Sub 56326472 | State: EpisodeState.COMPLETED | Created: 2026-09-18 15:05:33 | Elo: 2419.1
[2026-09-18 15:13:06] Ep 110478464 | Sub 56326472 | State: EpisodeState.COMPLETED | Created: 2026-09-18 15:09:37 | Elo: 2423.7
[2026-09-18 15:13:11] Ep 110478801 | Sub 56317029 | State: EpisodeState.COMPLETED | Created: 2026-09-18 15:09:38 | Elo: 2805.7
[2026-09-18 15:32:43] Ep 110484312 | Sub 56326472 | State: EpisodeState.COMPLETED | Created: 2026-09-18 15:29:33 | Elo: 2426.9
[2026-09-18 15:37:10] Ep 110485247 | Sub 56317029 | State: EpisodeState.COMPLETED | Created: 2026-09-18 15:33:34 | Elo: 2806.4
[2026-09-18 15:37:10] Ep 110485221 | Sub 56317029 | State: EpisodeState.COMPLETED | Created: 2026-09-18 15:33:34 | Elo: 2806.4
[2026-09-18 15:48:07] Ep 110487157 | Sub 56317029 | State: EpisodeState.COMPLETED | Created: 2026-09-18 15:41:34 | Elo: 2810.7
[2026-09-18 15:52:27] Ep 110489254 | Sub 56317029 | State: EpisodeState.COMPLETED | Created: 2026-09-18 15:49:35 | Elo: 2815.0
[2026-09-18 15:58:55] Ep 110490766 | Sub 56326472 | State: EpisodeState.COMPLETED | Created: 2026-09-18 15:53:39 | Elo: 2431.4
[2026-09-18 16:18:40] Ep 110496046 | Sub 56317029 | State: EpisodeState.COMPLETED | Created: 2026-09-18 16:13:34 | Elo: 2819.4
[2026-09-18 16:20:51] Ep 110496631 | Sub 56317029 | State: EpisodeState.COMPLETED | Created: 2026-09-18 16:17:31 | Elo: 2814.0
[2026-09-18 16:25:09] Ep 110498124 | Sub 56326472 | State: EpisodeState.COMPLETED | Created: 2026-09-18 16:21:32 | Elo: 2435.9
[2026-09-18 16:40:25] Ep 110501971 | Sub 56326472 | State: EpisodeState.COMPLETED | Created: 2026-09-18 16:37:31 | Elo: 2442.3
[2026-09-18 16:44:52] Ep 110503655 | Sub 56317029 | State: EpisodeState.COMPLETED | Created: 2026-09-18 16:41:31 | Elo: 2809.6
[2026-09-18 16:49:09] Ep 110503963 | Sub 56326472 | State: EpisodeState.COMPLETED | Created: 2026-09-18 16:45:30 | Elo: 2445.3
[2026-09-18 17:02:23] Ep 110507718 | Sub 56317029 | State: EpisodeState.COMPLETED | Created: 2026-09-18 16:57:31 | Elo: 2805.0
[2026-09-18 17:13:14] Ep 110511155 | Sub 56326472 | State: EpisodeState.COMPLETED | Created: 2026-09-18 17:09:32 | Elo: 2448.3
[2026-09-18 17:26:23] Ep 110514523 | Sub 56317029 | State: EpisodeState.COMPLETED | Created: 2026-09-18 17:21:32 | Elo: 2800.4
[2026-09-18 17:30:44] Ep 110515282 | Sub 56317029 | State: EpisodeState.COMPLETED | Created: 2026-09-18 17:25:31 | Elo: 2796.6
[2026-09-18 17:37:14] Ep 110517773 | Sub 56326472 | State: EpisodeState.COMPLETED | Created: 2026-09-18 17:33:38 | Elo: 2451.2
[2026-09-18 17:37:18] Ep 110517483 | Sub 56317029 | State: EpisodeState.COMPLETED | Created: 2026-09-18 17:33:37 | Elo: 2799.7
[2026-09-18 17:41:41] Ep 110518431 | Sub 56317029 | State: EpisodeState.COMPLETED | Created: 2026-09-18 17:37:31 | Elo: 2804.2
[2026-09-18 17:48:09] Ep 110519289 | Sub 56326472 | State: EpisodeState.COMPLETED | Created: 2026-09-18 17:41:31 | Elo: 2455.4
[2026-09-18 18:01:21] Ep 110524374 | Sub 56317029 | State: EpisodeState.COMPLETED | Created: 2026-09-18 17:57:32 | Elo: 2799.3
[2026-09-18 18:05:39] Ep 110525356 | Sub 56326472 | State: EpisodeState.COMPLETED | Created: 2026-09-18 18:01:33 | Elo: 2460.5
[2026-09-18 18:07:50] Ep 110525376 | Sub 56326472 | State: EpisodeState.COMPLETED | Created: 2026-09-18 18:01:33 | Elo: 2465.0
[2026-09-18 18:18:45] Ep 110527866 | Sub 56326472 | State: EpisodeState.COMPLETED | Created: 2026-09-18 18:15:16 | Elo: 2470.0
[2026-09-18 18:27:40] Ep 110530703 | Sub 56317029 | State: EpisodeState.COMPLETED | Created: 2026-09-18 18:23:15 | Elo: 2795.6
[2026-09-18 18:29:47] Ep 110530802 | Sub 56326472 | State: EpisodeState.COMPLETED | Created: 2026-09-18 18:23:16 | Elo: 2479.9
[2026-09-18 18:29:47] Ep 110530096 | Sub 56326472 | State: EpisodeState.COMPLETED | Created: 2026-09-18 18:23:14 | Elo: 2479.9
[2026-09-18 18:34:11] Ep 110532113 | Sub 56326472 | State: EpisodeState.COMPLETED | Created: 2026-09-18 18:31:16 | Elo: 2483.8
[2026-09-18 18:40:45] Ep 110533551 | Sub 56326472 | State: EpisodeState.COMPLETED | Created: 2026-09-18 18:35:14 | Elo: 2487.3
[2026-09-18 18:47:24] Ep 110535758 | Sub 56317029 | State: EpisodeState.COMPLETED | Created: 2026-09-18 18:43:15 | Elo: 2800.4
[2026-09-18 18:58:17] Ep 110539389 | Sub 56326472 | State: EpisodeState.COMPLETED | Created: 2026-09-18 18:55:15 | Elo: 2491.2
[2026-09-18 19:07:10] Ep 110541579 | Sub 56317029 | State: EpisodeState.COMPLETED | Created: 2026-09-18 19:03:14 | Elo: 2803.9
[2026-09-18 19:09:17] Ep 110541591 | Sub 56326472 | State: EpisodeState.COMPLETED | Created: 2026-09-18 19:03:14 | Elo: 2496.0
[2026-09-18 19:26:56] Ep 110547020 | Sub 56317029 | State: EpisodeState.COMPLETED | Created: 2026-09-18 19:23:16 | Elo: 2798.9
[2026-09-18 19:29:03] Ep 110547030 | Sub 56326472 | State: EpisodeState.COMPLETED | Created: 2026-09-18 19:23:16 | Elo: 2492.0
[2026-09-18 19:33:31] Ep 110549053 | Sub 56317029 | State: EpisodeState.COMPLETED | Created: 2026-09-18 19:31:18 | Elo: 2794.9
[2026-09-18 19:37:51] Ep 110549465 | Sub 56326472 | State: EpisodeState.COMPLETED | Created: 2026-09-18 19:35:14 | Elo: 2496.1
[2026-09-18 19:46:34] Ep 110551935 | Sub 56326472 | State: EpisodeState.COMPLETED | Created: 2026-09-18 19:43:15 | Elo: 2491.7
[2026-09-18 19:55:26] Ep 110554550 | Sub 56317029 | State: EpisodeState.COMPLETED | Created: 2026-09-18 19:51:19 | Elo: 2799.4
[2026-09-18 19:57:33] Ep 110554907 | Sub 56326472 | State: EpisodeState.COMPLETED | Created: 2026-09-18 19:55:14 | Elo: 2486.5
[2026-09-18 19:59:51] Ep 110555442 | Sub 56317029 | State: EpisodeState.COMPLETED | Created: 2026-09-18 19:55:15 | Elo: 2804.2
[2026-09-18 20:01:58] Ep 110553699 | Sub 56326472 | State: EpisodeState.COMPLETED | Created: 2026-09-18 19:51:18 | Elo: 2482.7
[2026-09-18 20:06:19] Ep 110557703 | Sub 56326472 | State: EpisodeState.COMPLETED | Created: 2026-09-18 20:03:16 | Elo: 2486.9
[2026-09-18 20:19:37] Ep 110560766 | Sub 56317029 | State: EpisodeState.COMPLETED | Created: 2026-09-18 20:15:14 | Elo: 2807.2
[2026-09-18 20:28:19] Ep 110562960 | Sub 56326472 | State: EpisodeState.COMPLETED | Created: 2026-09-18 20:23:14 | Elo: 2491.4
[2026-09-18 20:34:57] Ep 110564791 | Sub 56317029 | State: EpisodeState.COMPLETED | Created: 2026-09-18 20:31:16 | Elo: 2803.1
[2026-09-18 20:37:08] Ep 110564800 | Sub 56317029 | State: EpisodeState.COMPLETED | Created: 2026-09-18 20:31:16 | Elo: 2808.0
[2026-09-18 20:48:00] Ep 110568135 | Sub 56326472 | State: EpisodeState.COMPLETED | Created: 2026-09-18 20:43:14 | Elo: 2487.3
[2026-09-18 20:50:18] Ep 110569539 | Sub 56317029 | State: EpisodeState.COMPLETED | Created: 2026-09-18 20:47:14 | Elo: 2803.3
[2026-09-18 20:52:30] Ep 110568945 | Sub 56317029 | State: EpisodeState.COMPLETED | Created: 2026-09-18 20:47:14 | Elo: 2798.7
[2026-09-18 21:03:23] Ep 110572713 | Sub 56326472 | State: EpisodeState.COMPLETED | Created: 2026-09-18 20:59:14 | Elo: 2492.2
[2026-09-18 21:12:15] Ep 110574184 | Sub 56317029 | State: EpisodeState.COMPLETED | Created: 2026-09-18 21:07:13 | Elo: 2803.5
[2026-09-18 21:12:15] Ep 110574572 | Sub 56317029 | State: EpisodeState.COMPLETED | Created: 2026-09-18 21:07:14 | Elo: 2803.5
[2026-09-18 21:18:44] Ep 110577173 | Sub 56326472 | State: EpisodeState.COMPLETED | Created: 2026-09-18 21:15:15 | Elo: 2497.9
[2026-09-18 21:27:36] Ep 110578704 | Sub 56317029 | State: EpisodeState.COMPLETED | Created: 2026-09-18 21:23:14 | Elo: 2803.7
[2026-09-18 21:29:47] Ep 110579073 | Sub 56317029 | State: EpisodeState.COMPLETED | Created: 2026-09-18 21:23:15 | Elo: 2799.9
[2026-09-18 21:34:05] Ep 110581553 | Sub 56326472 | State: EpisodeState.COMPLETED | Created: 2026-09-18 21:31:16 | Elo: 2502.6
[2026-09-18 21:34:09] Ep 110579649 | Sub 56317029 | State: EpisodeState.COMPLETED | Created: 2026-09-18 21:27:14 | Elo: 2794.4
[2026-09-18 21:45:05] Ep 110583932 | Sub 56317029 | State: EpisodeState.COMPLETED | Created: 2026-09-18 21:43:14 | Elo: 2797.2
[2026-09-18 21:47:12] Ep 110583938 | Sub 56326472 | State: EpisodeState.COMPLETED | Created: 2026-09-18 21:43:14 | Elo: 2499.7
[2026-09-18 21:49:29] Ep 110584349 | Sub 56317029 | State: EpisodeState.COMPLETED | Created: 2026-09-18 21:43:14 | Elo: 2791.9
[2026-09-18 22:04:44] Ep 110588642 | Sub 56326472 | State: EpisodeState.COMPLETED | Created: 2026-09-18 21:59:14 | Elo: 2503.8
[2026-09-18 22:04:50] Ep 110588760 | Sub 56317029 | State: EpisodeState.COMPLETED | Created: 2026-09-18 21:59:15 | Elo: 2787.8
[2026-09-18 22:11:25] Ep 110590907 | Sub 56317029 | State: EpisodeState.COMPLETED | Created: 2026-09-18 22:07:14 | Elo: 2792.3
[2026-09-18 22:17:55] Ep 110593047 | Sub 56326472 | State: EpisodeState.COMPLETED | Created: 2026-09-18 22:15:14 | Elo: 2509.2
[2026-09-18 22:20:12] Ep 110592637 | Sub 56317029 | State: EpisodeState.COMPLETED | Created: 2026-09-18 22:15:14 | Elo: 2786.9
[2026-09-18 22:22:18] Ep 110594093 | Sub 56326472 | State: EpisodeState.COMPLETED | Created: 2026-09-18 22:19:14 | Elo: 2504.8
[2026-09-18 22:24:29] Ep 110594335 | Sub 56326472 | State: EpisodeState.COMPLETED | Created: 2026-09-18 22:19:14 | Elo: 2500.7
[2026-09-18 22:26:46] Ep 110594786 | Sub 56317029 | State: EpisodeState.COMPLETED | Created: 2026-09-18 22:23:14 | Elo: 2790.4
[2026-09-18 22:31:09] Ep 110593828 | Sub 56317029 | State: EpisodeState.COMPLETED | Created: 2026-09-18 22:19:13 | Elo: 2786.1
[2026-09-18 22:39:52] Ep 110598606 | Sub 56326472 | State: EpisodeState.COMPLETED | Created: 2026-09-18 22:35:14 | Elo: 2497.3
[2026-09-18 22:42:03] Ep 110599644 | Sub 56326472 | State: EpisodeState.COMPLETED | Created: 2026-09-18 22:39:14 | Elo: 2493.1
[2026-09-18 22:44:19] Ep 110599396 | Sub 56317029 | State: EpisodeState.COMPLETED | Created: 2026-09-18 22:39:14 | Elo: 2781.7
[2026-09-18 22:53:04] Ep 110601557 | Sub 56317029 | State: EpisodeState.COMPLETED | Created: 2026-09-18 22:47:14 | Elo: 2775.4
[2026-09-18 22:57:24] Ep 110603939 | Sub 56326472 | State: EpisodeState.COMPLETED | Created: 2026-09-18 22:55:15 | Elo: 2498.6
[2026-09-18 23:06:13] Ep 110605957 | Sub 56317029 | State: EpisodeState.COMPLETED | Created: 2026-09-18 23:03:15 | Elo: 2779.5
[2026-09-18 23:14:52] Ep 110608334 | Sub 56326472 | State: EpisodeState.COMPLETED | Created: 2026-09-18 23:11:20 | Elo: 2494.4
[2026-09-18 23:14:57] Ep 110608113 | Sub 56317029 | State: EpisodeState.COMPLETED | Created: 2026-09-18 23:11:19 | Elo: 2774.2
[2026-09-18 23:30:14] Ep 110612696 | Sub 56326472 | State: EpisodeState.COMPLETED | Created: 2026-09-18 23:27:15 | Elo: 2498.4
[2026-09-18 23:30:19] Ep 110612512 | Sub 56317029 | State: EpisodeState.COMPLETED | Created: 2026-09-18 23:27:14 | Elo: 2778.3
[2026-09-18 23:47:46] Ep 110617031 | Sub 56326472 | State: EpisodeState.COMPLETED | Created: 2026-09-18 23:43:22 | Elo: 2503.9
[2026-09-18 23:50:02] Ep 110616880 | Sub 56317029 | State: EpisodeState.COMPLETED | Created: 2026-09-18 23:43:22 | Elo: 2773.3
[2026-09-18 23:52:13] Ep 110617560 | Sub 56317029 | State: EpisodeState.COMPLETED | Created: 2026-09-18 23:47:22 | Elo: 2776.9
[2026-09-18 23:58:44] Ep 110620373 | Sub 56326472 | State: EpisodeState.COMPLETED | Created: 2026-09-18 23:55:22 | Elo: 2499.3
[2026-09-18 23:58:49] Ep 110619832 | Sub 56317029 | State: EpisodeState.COMPLETED | Created: 2026-09-18 23:55:22 | Elo: 2776.9
[2026-09-19 00:14:03] Ep 110623136 | Sub 56326472 | State: EpisodeState.COMPLETED | Created: 2026-09-19 00:07:21 | Elo: 2503.2
[2026-09-19 00:14:07] Ep 110623157 | Sub 56317029 | State: EpisodeState.COMPLETED | Created: 2026-09-19 00:07:21 | Elo: 2776.4
[2026-09-19 00:29:23] Ep 110628018 | Sub 56326472 | State: EpisodeState.COMPLETED | Created: 2026-09-19 00:26:05 | Elo: 2512.0
[2026-09-19 00:29:23] Ep 110627507 | Sub 56326472 | State: EpisodeState.COMPLETED | Created: 2026-09-19 00:26:03 | Elo: 2512.0
[2026-09-19 00:31:38] Ep 110628023 | Sub 56317029 | State: EpisodeState.COMPLETED | Created: 2026-09-19 00:26:05 | Elo: 2782.2
[2026-09-19 00:33:50] Ep 110629160 | Sub 56317029 | State: EpisodeState.COMPLETED | Created: 2026-09-19 00:29:43 | Elo: 2777.6
[2026-09-19 00:38:07] Ep 110629785 | Sub 56326472 | State: EpisodeState.COMPLETED | Created: 2026-09-19 00:33:41 | Elo: 2516.6
[2026-09-19 00:42:33] Ep 110631260 | Sub 56317029 | State: EpisodeState.COMPLETED | Created: 2026-09-19 00:37:42 | Elo: 2778.1
[2026-09-19 00:42:33] Ep 110630801 | Sub 56317029 | State: EpisodeState.COMPLETED | Created: 2026-09-19 00:37:42 | Elo: 2778.1
[2026-09-19 00:44:40] Ep 110631824 | Sub 56326472 | State: EpisodeState.COMPLETED | Created: 2026-09-19 00:41:42 | Elo: 2511.8
[2026-09-19 00:55:45] Ep 110635863 | Sub 56317029 | State: EpisodeState.COMPLETED | Created: 2026-09-19 00:53:43 | Elo: 2781.5
[2026-09-19 00:57:55] Ep 110635850 | Sub 56317029 | State: EpisodeState.COMPLETED | Created: 2026-09-19 00:53:43 | Elo: 2776.8
[2026-09-19 01:02:13] Ep 110636742 | Sub 56326472 | State: EpisodeState.COMPLETED | Created: 2026-09-19 00:57:42 | Elo: 2508.5
[2026-09-19 01:02:19] Ep 110637028 | Sub 56317029 | State: EpisodeState.COMPLETED | Created: 2026-09-19 00:57:42 | Elo: 2780.6
[2026-09-19 01:04:30] Ep 110637404 | Sub 56317029 | State: EpisodeState.COMPLETED | Created: 2026-09-19 01:01:42 | Elo: 2780.6
[2026-09-19 01:06:42] Ep 110637944 | Sub 56317029 | State: EpisodeState.COMPLETED | Created: 2026-09-19 01:01:43 | Elo: 2779.8
[2026-09-19 01:15:22] Ep 110640637 | Sub 56326472 | State: EpisodeState.COMPLETED | Created: 2026-09-19 01:13:41 | Elo: 2513.0
[2026-09-19 01:19:45] Ep 110642512 | Sub 56326472 | State: EpisodeState.COMPLETED | Created: 2026-09-19 01:17:43 | Elo: 2512.5
[2026-09-19 01:19:45] Ep 110641283 | Sub 56326472 | State: EpisodeState.COMPLETED | Created: 2026-09-19 01:13:43 | Elo: 2512.5
[2026-09-19 01:22:00] Ep 110642493 | Sub 56317029 | State: EpisodeState.COMPLETED | Created: 2026-09-19 01:17:43 | Elo: 2775.1
[2026-09-19 01:41:36] Ep 110647569 | Sub 56326472 | State: EpisodeState.COMPLETED | Created: 2026-09-19 01:37:42 | Elo: 2517.6
[2026-09-19 01:41:41] Ep 110647553 | Sub 56317029 | State: EpisodeState.COMPLETED | Created: 2026-09-19 01:37:42 | Elo: 2779.6
[2026-09-19 01:57:00] Ep 110652202 | Sub 56326472 | State: EpisodeState.COMPLETED | Created: 2026-09-19 01:53:42 | Elo: 2522.6
[2026-09-19 01:59:16] Ep 110652174 | Sub 56317029 | State: EpisodeState.COMPLETED | Created: 2026-09-19 01:53:42 | Elo: 2771.2
[2026-09-19 01:59:16] Ep 110652124 | Sub 56317029 | State: EpisodeState.COMPLETED | Created: 2026-09-19 01:53:42 | Elo: 2771.2
[2026-09-19 02:08:03] Ep 110655239 | Sub 56317029 | State: EpisodeState.COMPLETED | Created: 2026-09-19 02:05:44 | Elo: 2766.9
[2026-09-19 02:16:43] Ep 110657423 | Sub 56326472 | State: EpisodeState.COMPLETED | Created: 2026-09-19 02:13:41 | Elo: 2526.8
[2026-09-19 02:23:21] Ep 110659918 | Sub 56317029 | State: EpisodeState.COMPLETED | Created: 2026-09-19 02:21:42 | Elo: 2766.9
[2026-09-19 02:27:46] Ep 110660613 | Sub 56326472 | State: EpisodeState.COMPLETED | Created: 2026-09-19 02:25:43 | Elo: 2532.9
[2026-09-19 02:32:15] Ep 110661730 | Sub 56317029 | State: EpisodeState.COMPLETED | Created: 2026-09-19 02:29:42 | Elo: 2759.5
[2026-09-19 02:38:47] Ep 110663265 | Sub 56317029 | State: EpisodeState.COMPLETED | Created: 2026-09-19 02:33:42 | Elo: 2756.0
[2026-09-19 02:45:16] Ep 110665323 | Sub 56326472 | State: EpisodeState.COMPLETED | Created: 2026-09-19 02:41:43 | Elo: 2538.0
[2026-09-19 02:58:27] Ep 110668421 | Sub 56317029 | State: EpisodeState.COMPLETED | Created: 2026-09-19 02:53:43 | Elo: 2751.0
[2026-09-19 03:00:38] Ep 110669390 | Sub 56317029 | State: EpisodeState.COMPLETED | Created: 2026-09-19 02:57:42 | Elo: 2756.3
[2026-09-19 03:02:50] Ep 110669667 | Sub 56317029 | State: EpisodeState.COMPLETED | Created: 2026-09-19 02:57:43 | Elo: 2759.6
[2026-09-19 03:07:08] Ep 110670495 | Sub 56326472 | State: EpisodeState.COMPLETED | Created: 2026-09-19 03:01:49 | Elo: 2544.1
[2026-09-19 03:22:26] Ep 110675178 | Sub 56326472 | State: EpisodeState.COMPLETED | Created: 2026-09-19 03:17:42 | Elo: 2536.5
[2026-09-19 03:22:26] Ep 110674336 | Sub 56326472 | State: EpisodeState.COMPLETED | Created: 2026-09-19 03:17:40 | Elo: 2536.5
[2026-09-19 03:22:30] Ep 110674888 | Sub 56317029 | State: EpisodeState.COMPLETED | Created: 2026-09-19 03:17:41 | Elo: 2755.7
[2026-09-19 03:29:00] Ep 110676642 | Sub 56326472 | State: EpisodeState.COMPLETED | Created: 2026-09-19 03:25:42 | Elo: 2541.6
[2026-09-19 03:31:11] Ep 110676548 | Sub 56326472 | State: EpisodeState.COMPLETED | Created: 2026-09-19 03:25:42 | Elo: 2536.5
[2026-09-19 03:35:38] Ep 110678401 | Sub 56317029 | State: EpisodeState.COMPLETED | Created: 2026-09-19 03:29:42 | Elo: 2759.2
[2026-09-19 03:37:49] Ep 110678826 | Sub 56317029 | State: EpisodeState.COMPLETED | Created: 2026-09-19 03:33:42 | Elo: 2754.2
[2026-09-19 03:46:29] Ep 110681858 | Sub 56326472 | State: EpisodeState.COMPLETED | Created: 2026-09-19 03:41:43 | Elo: 2541.8
[2026-09-19 03:50:52] Ep 110683134 | Sub 56326472 | State: EpisodeState.COMPLETED | Created: 2026-09-19 03:45:46 | Elo: 2546.9
[2026-09-19 03:53:09] Ep 110683613 | Sub 56317029 | State: EpisodeState.COMPLETED | Created: 2026-09-19 03:49:42 | Elo: 2754.2
[2026-09-19 03:55:21] Ep 110684165 | Sub 56317029 | State: EpisodeState.COMPLETED | Created: 2026-09-19 03:49:43 | Elo: 2745.3
[2026-09-19 03:59:39] Ep 110685129 | Sub 56326472 | State: EpisodeState.COMPLETED | Created: 2026-09-19 03:53:42 | Elo: 2550.6
[2026-09-19 04:10:40] Ep 110687887 | Sub 56317029 | State: EpisodeState.COMPLETED | Created: 2026-09-19 04:05:42 | Elo: 2750.2
[2026-09-19 04:12:52] Ep 110688254 | Sub 56317029 | State: EpisodeState.COMPLETED | Created: 2026-09-19 04:05:43 | Elo: 2754.4
[2026-09-19 04:19:18] Ep 110690554 | Sub 56326472 | State: EpisodeState.COMPLETED | Created: 2026-09-19 04:13:42 | Elo: 2545.6
[2026-09-19 04:23:40] Ep 110691500 | Sub 56326472 | State: EpisodeState.COMPLETED | Created: 2026-09-19 04:17:43 | Elo: 2540.7
[2026-09-19 04:28:05] Ep 110693698 | Sub 56317029 | State: EpisodeState.COMPLETED | Created: 2026-09-19 04:25:43 | Elo: 2750.1
[2026-09-19 04:36:50] Ep 110694564 | Sub 56317029 | State: EpisodeState.COMPLETED | Created: 2026-09-19 04:29:42 | Elo: 2746.4
[2026-09-19 04:41:08] Ep 110696786 | Sub 56326472 | State: EpisodeState.COMPLETED | Created: 2026-09-19 04:37:41 | Elo: 2544.9
[2026-09-19 04:41:13] Ep 110696813 | Sub 56317029 | State: EpisodeState.COMPLETED | Created: 2026-09-19 04:37:41 | Elo: 2740.6
[2026-09-19 04:52:09] Ep 110700543 | Sub 56317029 | State: EpisodeState.COMPLETED | Created: 2026-09-19 04:49:42 | Elo: 2745.7
[2026-09-19 04:56:29] Ep 110701043 | Sub 56326472 | State: EpisodeState.COMPLETED | Created: 2026-09-19 04:53:41 | Elo: 2549.2
[2026-09-19 05:05:14] Ep 110703473 | Sub 56326472 | State: EpisodeState.COMPLETED | Created: 2026-09-19 05:01:42 | Elo: 2552.8
[2026-09-19 05:16:11] Ep 110705986 | Sub 56317029 | State: EpisodeState.COMPLETED | Created: 2026-09-19 05:09:44 | Elo: 2741.7
[2026-09-19 05:20:29] Ep 110706764 | Sub 56326472 | State: EpisodeState.COMPLETED | Created: 2026-09-19 05:13:42 | Elo: 2557.9
[2026-09-19 05:22:39] Ep 110707582 | Sub 56326472 | State: EpisodeState.COMPLETED | Created: 2026-09-19 05:17:41 | Elo: 2552.3
[2026-09-19 05:24:56] Ep 110707731 | Sub 56317029 | State: EpisodeState.COMPLETED | Created: 2026-09-19 05:17:41 | Elo: 2738.3
[2026-09-19 05:27:02] Ep 110708615 | Sub 56326472 | State: EpisodeState.COMPLETED | Created: 2026-09-19 05:21:44 | Elo: 2557.1
[2026-09-19 05:27:07] Ep 110708719 | Sub 56317029 | State: EpisodeState.COMPLETED | Created: 2026-09-19 05:21:44 | Elo: 2734.6
[2026-09-19 05:29:18] Ep 110708503 | Sub 56317029 | State: EpisodeState.COMPLETED | Created: 2026-09-19 05:21:44 | Elo: 2731.1
[2026-09-19 05:31:24] Ep 110709996 | Sub 56326472 | State: EpisodeState.COMPLETED | Created: 2026-09-19 05:25:43 | Elo: 2561.4
[2026-09-19 05:35:50] Ep 110712047 | Sub 56317029 | State: EpisodeState.COMPLETED | Created: 2026-09-19 05:33:42 | Elo: 2736.8
[2026-09-19 05:40:06] Ep 110711934 | Sub 56326472 | State: EpisodeState.COMPLETED | Created: 2026-09-19 05:33:42 | Elo: 2558.2
[2026-09-19 05:44:32] Ep 110714261 | Sub 56317029 | State: EpisodeState.COMPLETED | Created: 2026-09-19 05:41:41 | Elo: 2741.0
[2026-09-19 05:59:48] Ep 110718023 | Sub 56326472 | State: EpisodeState.COMPLETED | Created: 2026-09-19 05:53:45 | Elo: 2563.1
[2026-09-19 05:59:53] Ep 110717744 | Sub 56317029 | State: EpisodeState.COMPLETED | Created: 2026-09-19 05:53:45 | Elo: 2744.9
[2026-09-19 06:08:35] Ep 110721012 | Sub 56326472 | State: EpisodeState.COMPLETED | Created: 2026-09-19 06:05:42 | Elo: 2561.5
[2026-09-19 06:08:35] Ep 110721064 | Sub 56326472 | State: EpisodeState.COMPLETED | Created: 2026-09-19 06:05:42 | Elo: 2561.5
[2026-09-19 06:10:46] Ep 110720415 | Sub 56326472 | State: EpisodeState.COMPLETED | Created: 2026-09-19 06:05:41 | Elo: 2557.4
[2026-09-19 06:17:22] Ep 110723276 | Sub 56317029 | State: EpisodeState.COMPLETED | Created: 2026-09-19 06:13:44 | Elo: 2748.8
[2026-09-19 06:30:24] Ep 110726623 | Sub 56326472 | State: EpisodeState.COMPLETED | Created: 2026-09-19 06:25:43 | Elo: 2553.8
[2026-09-19 06:36:59] Ep 110728186 | Sub 56326472 | State: EpisodeState.COMPLETED | Created: 2026-09-19 06:33:41 | Elo: 2548.8
[2026-09-19 06:37:03] Ep 110728861 | Sub 56317029 | State: EpisodeState.COMPLETED | Created: 2026-09-19 06:33:42 | Elo: 2752.0
[2026-09-19 06:45:49] Ep 110729862 | Sub 56317029 | State: EpisodeState.COMPLETED | Created: 2026-09-19 06:37:42 | Elo: 2747.0
[2026-09-19 06:56:38] Ep 110734296 | Sub 56326472 | State: EpisodeState.COMPLETED | Created: 2026-09-19 06:53:42 | Elo: 2552.4
[2026-09-19 07:00:59] Ep 110735549 | Sub 56351518 | State: EpisodeState.COMPLETED | Created: 2026-09-19 06:57:49 | Elo: 600.0
[2026-09-19 07:05:20] Ep 110735764 | Sub 56351518 | State: EpisodeState.COMPLETED | Created: 2026-09-19 07:01:41 | Elo: 725.0
[2026-09-19 07:09:41] Ep 110736807 | Sub 56351518 | State: EpisodeState.COMPLETED | Created: 2026-09-19 07:05:42 | Elo: 828.5
[2026-09-19 07:14:04] Ep 110737873 | Sub 56351518 | State: EpisodeState.COMPLETED | Created: 2026-09-19 07:09:40 | Elo: 911.9
[2026-09-19 07:20:35] Ep 110738953 | Sub 56351518 | State: EpisodeState.COMPLETED | Created: 2026-09-19 07:13:41 | Elo: 982.1
[2026-09-19 07:22:52] Ep 110740676 | Sub 56326472 | State: EpisodeState.COMPLETED | Created: 2026-09-19 07:17:41 | Elo: 2552.4
[2026-09-19 07:24:57] Ep 110741679 | Sub 56351518 | State: EpisodeState.COMPLETED | Created: 2026-09-19 07:21:42 | Elo: 1184.5
[2026-09-19 07:24:57] Ep 110740041 | Sub 56351518 | State: EpisodeState.COMPLETED | Created: 2026-09-19 07:17:40 | Elo: 1184.5
[2026-09-19 07:27:10] Ep 110741132 | Sub 56351518 | State: EpisodeState.COMPLETED | Created: 2026-09-19 07:21:41 | Elo: 1242.2
[2026-09-19 07:31:32] Ep 110742290 | Sub 56351518 | State: EpisodeState.COMPLETED | Created: 2026-09-19 07:25:51 | Elo: 1305.8
[2026-09-19 07:35:55] Ep 110743288 | Sub 56351518 | State: EpisodeState.COMPLETED | Created: 2026-09-19 07:29:41 | Elo: 1377.4
[2026-09-19 07:38:07] Ep 110744359 | Sub 56351518 | State: EpisodeState.COMPLETED | Created: 2026-09-19 07:33:41 | Elo: 1469.5
[2026-09-19 07:40:18] Ep 110745429 | Sub 56351518 | State: EpisodeState.COMPLETED | Created: 2026-09-19 07:37:41 | Elo: 1598.3
[2026-09-19 07:42:34] Ep 110745813 | Sub 56326472 | State: EpisodeState.COMPLETED | Created: 2026-09-19 07:37:41 | Elo: 2554.1
[2026-09-19 07:44:41] Ep 110746493 | Sub 56351518 | State: EpisodeState.COMPLETED | Created: 2026-09-19 07:41:41 | Elo: 1689.3
[2026-09-19 07:44:46] Ep 110747478 | Sub 56326472 | State: EpisodeState.COMPLETED | Created: 2026-09-19 07:41:42 | Elo: 2550.0
[2026-09-19 07:49:01] Ep 110747584 | Sub 56351518 | State: EpisodeState.COMPLETED | Created: 2026-09-19 07:45:43 | Elo: 1750.7
[2026-09-19 07:53:27] Ep 110749510 | Sub 56326472 | State: EpisodeState.COMPLETED | Created: 2026-09-19 07:49:42 | Elo: 2550.6
[2026-09-19 07:53:27] Ep 110748912 | Sub 56326472 | State: EpisodeState.COMPLETED | Created: 2026-09-19 07:49:41 | Elo: 2550.6
[2026-09-19 07:55:33] Ep 110748662 | Sub 56351518 | State: EpisodeState.COMPLETED | Created: 2026-09-19 07:49:40 | Elo: 1853.6
[2026-09-19 07:55:38] Ep 110748924 | Sub 56326472 | State: EpisodeState.COMPLETED | Created: 2026-09-19 07:49:41 | Elo: 2545.5
[2026-09-19 07:57:43] Ep 110749819 | Sub 56351518 | State: EpisodeState.COMPLETED | Created: 2026-09-19 07:53:41 | Elo: 1935.1
[2026-09-19 07:59:59] Ep 110750339 | Sub 56326472 | State: EpisodeState.COMPLETED | Created: 2026-09-19 07:53:42 | Elo: 2549.8
[2026-09-19 08:02:05] Ep 110750905 | Sub 56351518 | State: EpisodeState.COMPLETED | Created: 2026-09-19 07:57:40 | Elo: 1935.1
[2026-09-19 08:06:27] Ep 110752914 | Sub 56351518 | State: EpisodeState.COMPLETED | Created: 2026-09-19 08:01:42 | Elo: 1983.1
[2026-09-19 08:08:38] Ep 110753153 | Sub 56351518 | State: EpisodeState.COMPLETED | Created: 2026-09-19 08:05:42 | Elo: 2091.5
[2026-09-19 08:08:38] Ep 110752005 | Sub 56351518 | State: EpisodeState.COMPLETED | Created: 2026-09-19 08:01:40 | Elo: 2091.5
[2026-09-19 08:10:48] Ep 110753973 | Sub 56351518 | State: EpisodeState.COMPLETED | Created: 2026-09-19 08:05:43 | Elo: 2138.0
[2026-09-19 08:15:12] Ep 110754297 | Sub 56351518 | State: EpisodeState.COMPLETED | Created: 2026-09-19 08:09:40 | Elo: 2182.1
[2026-09-19 08:17:22] Ep 110756308 | Sub 56351518 | State: EpisodeState.COMPLETED | Created: 2026-09-19 08:13:42 | Elo: 2256.2
[2026-09-19 08:17:22] Ep 110755392 | Sub 56351518 | State: EpisodeState.COMPLETED | Created: 2026-09-19 08:13:41 | Elo: 2256.2
[2026-09-19 08:19:32] Ep 110755489 | Sub 56351518 | State: EpisodeState.COMPLETED | Created: 2026-09-19 08:13:41 | Elo: 2207.0
[2026-09-19 08:21:46] Ep 110757086 | Sub 56326472 | State: EpisodeState.COMPLETED | Created: 2026-09-19 08:17:42 | Elo: 2546.2
[2026-09-19 08:23:52] Ep 110756525 | Sub 56351518 | State: EpisodeState.COMPLETED | Created: 2026-09-19 08:17:41 | Elo: 2238.0
[2026-09-19 08:23:57] Ep 110756592 | Sub 56326472 | State: EpisodeState.COMPLETED | Created: 2026-09-19 08:17:41 | Elo: 2551.6
[2026-09-19 08:26:04] Ep 110757624 | Sub 56351518 | State: EpisodeState.COMPLETED | Created: 2026-09-19 08:21:41 | Elo: 2258.9
[2026-09-19 08:28:15] Ep 110758726 | Sub 56351518 | State: EpisodeState.COMPLETED | Created: 2026-09-19 08:25:45 | Elo: 2289.4
[2026-09-19 08:34:47] Ep 110759824 | Sub 56351518 | State: EpisodeState.COMPLETED | Created: 2026-09-19 08:29:44 | Elo: 2310.6
[2026-09-19 08:36:59] Ep 110760919 | Sub 56351518 | State: EpisodeState.COMPLETED | Created: 2026-09-19 08:33:44 | Elo: 2335.3
[2026-09-19 08:37:03] Ep 110760913 | Sub 56326472 | State: EpisodeState.COMPLETED | Created: 2026-09-19 08:33:43 | Elo: 2547.9
[2026-09-19 08:43:29] Ep 110762830 | Sub 56351518 | State: EpisodeState.COMPLETED | Created: 2026-09-19 08:37:43 | Elo: 2341.2
[2026-09-19 08:43:29] Ep 110762019 | Sub 56351518 | State: EpisodeState.COMPLETED | Created: 2026-09-19 08:37:41 | Elo: 2341.2
[2026-09-19 08:45:41] Ep 110763118 | Sub 56351518 | State: EpisodeState.COMPLETED | Created: 2026-09-19 08:41:42 | Elo: 2354.9
[2026-09-19 08:45:45] Ep 110763331 | Sub 56326472 | State: EpisodeState.COMPLETED | Created: 2026-09-19 08:41:42 | Elo: 2543.1
[2026-09-19 08:50:02] Ep 110764244 | Sub 56351518 | State: EpisodeState.COMPLETED | Created: 2026-09-19 08:45:45 | Elo: 2368.8
[2026-09-19 08:56:34] Ep 110765357 | Sub 56351518 | State: EpisodeState.COMPLETED | Created: 2026-09-19 08:49:41 | Elo: 2382.5
[2026-09-19 08:58:45] Ep 110766367 | Sub 56351518 | State: EpisodeState.COMPLETED | Created: 2026-09-19 08:54:02 | Elo: 2363.6
[2026-09-19 09:03:07] Ep 110767518 | Sub 56351518 | State: EpisodeState.COMPLETED | Created: 2026-09-19 08:57:45 | Elo: 2382.5
[2026-09-19 09:03:11] Ep 110767775 | Sub 56326472 | State: EpisodeState.COMPLETED | Created: 2026-09-19 08:57:45 | Elo: 2547.0
[2026-09-19 09:05:16] Ep 110768603 | Sub 56351518 | State: EpisodeState.COMPLETED | Created: 2026-09-19 09:01:42 | Elo: 2373.1
[2026-09-19 09:07:28] Ep 110768626 | Sub 56351518 | State: EpisodeState.COMPLETED | Created: 2026-09-19 09:01:42 | Elo: 2387.4
[2026-09-19 09:07:32] Ep 110768769 | Sub 56326472 | State: EpisodeState.COMPLETED | Created: 2026-09-19 09:01:43 | Elo: 2551.2
[2026-09-19 09:11:49] Ep 110769724 | Sub 56351518 | State: EpisodeState.COMPLETED | Created: 2026-09-19 09:05:44 | Elo: 2397.4
[2026-09-19 09:13:59] Ep 110770816 | Sub 56351518 | State: EpisodeState.COMPLETED | Created: 2026-09-19 09:09:41 | Elo: 2401.2
[2026-09-19 09:13:59] Ep 110770832 | Sub 56351518 | State: EpisodeState.COMPLETED | Created: 2026-09-19 09:09:41 | Elo: 2401.2
[2026-09-19 09:16:16] Ep 110772407 | Sub 56326472 | State: EpisodeState.COMPLETED | Created: 2026-09-19 09:13:42 | Elo: 2556.3
[2026-09-19 09:18:22] Ep 110771920 | Sub 56351518 | State: EpisodeState.COMPLETED | Created: 2026-09-19 09:13:41 | Elo: 2410.2
[2026-09-19 09:18:26] Ep 110772529 | Sub 56326472 | State: EpisodeState.COMPLETED | Created: 2026-09-19 09:13:42 | Elo: 2558.0
[2026-09-19 09:18:26] Ep 110772500 | Sub 56326472 | State: EpisodeState.COMPLETED | Created: 2026-09-19 09:13:42 | Elo: 2558.0
[2026-09-19 09:20:33] Ep 110772460 | Sub 56351518 | State: EpisodeState.COMPLETED | Created: 2026-09-19 09:13:42 | Elo: 2418.1
[2026-09-19 09:22:44] Ep 110773012 | Sub 56351518 | State: EpisodeState.COMPLETED | Created: 2026-09-19 09:17:41 | Elo: 2408.4
[2026-09-19 09:24:56] Ep 110774126 | Sub 56351518 | State: EpisodeState.COMPLETED | Created: 2026-09-19 09:21:41 | Elo: 2398.1
[2026-09-19 09:29:18] Ep 110775228 | Sub 56351518 | State: EpisodeState.COMPLETED | Created: 2026-09-19 09:25:42 | Elo: 2409.2
[2026-09-19 09:33:40] Ep 110776333 | Sub 56351518 | State: EpisodeState.COMPLETED | Created: 2026-09-19 09:29:41 | Elo: 2422.6
[2026-09-19 09:40:13] Ep 110777430 | Sub 56351518 | State: EpisodeState.COMPLETED | Created: 2026-09-19 09:33:41 | Elo: 2415.6
[2026-09-19 09:42:23] Ep 110778545 | Sub 56351518 | State: EpisodeState.COMPLETED | Created: 2026-09-19 09:37:46 | Elo: 2425.2
[2026-09-19 09:42:27] Ep 110779130 | Sub 56326472 | State: EpisodeState.COMPLETED | Created: 2026-09-19 09:37:48 | Elo: 2562.2
[2026-09-19 09:46:43] Ep 110779652 | Sub 56351518 | State: EpisodeState.COMPLETED | Created: 2026-09-19 09:41:42 | Elo: 2417.2
[2026-09-19 09:51:05] Ep 110780751 | Sub 56351518 | State: EpisodeState.COMPLETED | Created: 2026-09-19 09:45:42 | Elo: 2426.4
[2026-09-19 09:53:16] Ep 110781794 | Sub 56351518 | State: EpisodeState.COMPLETED | Created: 2026-09-19 09:49:41 | Elo: 2438.8
[2026-09-19 09:53:16] Ep 110781850 | Sub 56351518 | State: EpisodeState.COMPLETED | Created: 2026-09-19 09:49:41 | Elo: 2438.8
[2026-09-19 09:57:37] Ep 110782976 | Sub 56351518 | State: EpisodeState.COMPLETED | Created: 2026-09-19 09:53:41 | Elo: 2446.2
[2026-09-19 09:59:47] Ep 110784070 | Sub 56351518 | State: EpisodeState.COMPLETED | Created: 2026-09-19 09:57:41 | Elo: 2445.8
[2026-09-19 09:59:47] Ep 110783578 | Sub 56351518 | State: EpisodeState.COMPLETED | Created: 2026-09-19 09:53:42 | Elo: 2445.8
[2026-09-19 10:06:19] Ep 110785179 | Sub 56351518 | State: EpisodeState.COMPLETED | Created: 2026-09-19 10:01:42 | Elo: 2451.3
[2026-09-19 10:06:23] Ep 110785724 | Sub 56326472 | State: EpisodeState.COMPLETED | Created: 2026-09-19 10:01:43 | Elo: 2557.8
[2026-09-19 10:08:30] Ep 110786274 | Sub 56351518 | State: EpisodeState.COMPLETED | Created: 2026-09-19 10:05:43 | Elo: 2455.7
[2026-09-19 10:10:45] Ep 110786420 | Sub 56326472 | State: EpisodeState.COMPLETED | Created: 2026-09-19 10:05:44 | Elo: 2553.1
[2026-09-19 10:15:03] Ep 110787362 | Sub 56351518 | State: EpisodeState.COMPLETED | Created: 2026-09-19 10:09:41 | Elo: 2460.2
[2026-09-19 10:19:24] Ep 110788458 | Sub 56351518 | State: EpisodeState.COMPLETED | Created: 2026-09-19 10:13:41 | Elo: 2454.8
[2026-09-19 10:21:35] Ep 110789566 | Sub 56351518 | State: EpisodeState.COMPLETED | Created: 2026-09-19 10:17:41 | Elo: 2460.2
[2026-09-19 10:28:08] Ep 110790662 | Sub 56351518 | State: EpisodeState.COMPLETED | Created: 2026-09-19 10:21:42 | Elo: 2464.8
[2026-09-19 10:30:20] Ep 110791751 | Sub 56351518 | State: EpisodeState.COMPLETED | Created: 2026-09-19 10:25:44 | Elo: 2458.9
[2026-09-19 10:32:35] Ep 110793285 | Sub 56326472 | State: EpisodeState.COMPLETED | Created: 2026-09-19 10:29:42 | Elo: 2548.9
[2026-09-19 10:34:41] Ep 110792847 | Sub 56351518 | State: EpisodeState.COMPLETED | Created: 2026-09-19 10:29:42 | Elo: 2467.2
[2026-09-19 10:34:45] Ep 110793212 | Sub 56326472 | State: EpisodeState.COMPLETED | Created: 2026-09-19 10:29:42 | Elo: 2544.6
[2026-09-19 10:36:51] Ep 110794216 | Sub 56351518 | State: EpisodeState.COMPLETED | Created: 2026-09-19 10:33:42 | Elo: 2456.1
[2026-09-19 10:36:51] Ep 110793950 | Sub 56351518 | State: EpisodeState.COMPLETED | Created: 2026-09-19 10:33:41 | Elo: 2456.1
[2026-09-19 10:41:13] Ep 110795061 | Sub 56351518 | State: EpisodeState.COMPLETED | Created: 2026-09-19 10:37:41 | Elo: 2462.6
[2026-09-19 10:43:25] Ep 110795476 | Sub 56351518 | State: EpisodeState.COMPLETED | Created: 2026-09-19 10:37:42 | Elo: 2466.9
[2026-09-19 10:47:47] Ep 110796174 | Sub 56351518 | State: EpisodeState.COMPLETED | Created: 2026-09-19 10:41:42 | Elo: 2472.1
[2026-09-19 10:50:02] Ep 110797271 | Sub 56326472 | State: EpisodeState.COMPLETED | Created: 2026-09-19 10:45:49 | Elo: 2547.8
[2026-09-19 10:52:09] Ep 110797316 | Sub 56351518 | State: EpisodeState.COMPLETED | Created: 2026-09-19 10:45:49 | Elo: 2467.4
[2026-09-19 10:54:20] Ep 110798362 | Sub 56351518 | State: EpisodeState.COMPLETED | Created: 2026-09-19 10:49:42 | Elo: 2473.6
[2026-09-19 10:58:41] Ep 110799466 | Sub 56351518 | State: EpisodeState.COMPLETED | Created: 2026-09-19 10:53:42 | Elo: 2468.3
[2026-09-19 11:00:52] Ep 110800567 | Sub 56351518 | State: EpisodeState.COMPLETED | Created: 2026-09-19 10:57:44 | Elo: 2462.5
[2026-09-19 11:05:13] Ep 110801665 | Sub 56351518 | State: EpisodeState.COMPLETED | Created: 2026-09-19 11:01:42 | Elo: 2469.0
[2026-09-19 11:09:36] Ep 110802758 | Sub 56351518 | State: EpisodeState.COMPLETED | Created: 2026-09-19 11:05:44 | Elo: 2464.2
[2026-09-19 11:14:00] Ep 110804241 | Sub 56351518 | State: EpisodeState.COMPLETED | Created: 2026-09-19 11:09:43 | Elo: 2458.8
[2026-09-19 11:14:00] Ep 110804129 | Sub 56351518 | State: EpisodeState.COMPLETED | Created: 2026-09-19 11:09:43 | Elo: 2458.8
[2026-09-19 11:14:00] Ep 110803854 | Sub 56351518 | State: EpisodeState.COMPLETED | Created: 2026-09-19 11:09:42 | Elo: 2458.8
[2026-09-19 11:14:04] Ep 110804006 | Sub 56326472 | State: EpisodeState.COMPLETED | Created: 2026-09-19 11:09:42 | Elo: 2542.3
[2026-09-19 11:16:11] Ep 110803966 | Sub 56351518 | State: EpisodeState.COMPLETED | Created: 2026-09-19 11:09:42 | Elo: 2453.3
[2026-09-19 11:20:37] Ep 110805768 | Sub 56326472 | State: EpisodeState.COMPLETED | Created: 2026-09-19 11:17:42 | Elo: 2538.0
[2026-09-19 11:31:26] Ep 110808318 | Sub 56351518 | State: EpisodeState.COMPLETED | Created: 2026-09-19 11:25:47 | Elo: 2449.6
[2026-09-19 11:35:46] Ep 110809240 | Sub 56351518 | State: EpisodeState.COMPLETED | Created: 2026-09-19 11:29:42 | Elo: 2446.5
[2026-09-19 11:42:22] Ep 110812252 | Sub 56326472 | State: EpisodeState.COMPLETED | Created: 2026-09-19 11:37:44 | Elo: 2542.5
[2026-09-19 11:48:54] Ep 110813594 | Sub 56326472 | State: EpisodeState.COMPLETED | Created: 2026-09-19 11:45:42 | Elo: 2537.6
[2026-09-19 11:53:17] Ep 110815509 | Sub 56326472 | State: EpisodeState.COMPLETED | Created: 2026-09-19 11:49:43 | Elo: 2534.5
[2026-09-19 11:55:23] Ep 110815484 | Sub 56351518 | State: EpisodeState.COMPLETED | Created: 2026-09-19 11:49:43 | Elo: 2453.7
[2026-09-19 11:55:23] Ep 110814630 | Sub 56351518 | State: EpisodeState.COMPLETED | Created: 2026-09-19 11:49:41 | Elo: 2453.7
[2026-09-19 12:04:06] Ep 110817687 | Sub 56351518 | State: EpisodeState.COMPLETED | Created: 2026-09-19 11:57:43 | Elo: 2458.7
[2026-09-19 12:04:10] Ep 110816933 | Sub 56326472 | State: EpisodeState.COMPLETED | Created: 2026-09-19 11:57:41 | Elo: 2530.1
[2026-09-19 12:12:50] Ep 110818845 | Sub 56358210 | State: EpisodeState.COMPLETED | Created: 2026-09-19 12:05:21 | Elo: 600.0
[2026-09-19 12:17:12] Ep 110821179 | Sub 56358210 | State: EpisodeState.COMPLETED | Created: 2026-09-19 12:13:42 | Elo: 721.8
[2026-09-19 12:17:17] Ep 110821175 | Sub 56351518 | State: EpisodeState.COMPLETED | Created: 2026-09-19 12:13:42 | Elo: 2454.8
[2026-09-19 12:21:34] Ep 110822261 | Sub 56358210 | State: EpisodeState.COMPLETED | Created: 2026-09-19 12:17:41 | Elo: 824.0
[2026-09-19 12:23:46] Ep 110823345 | Sub 56358210 | State: EpisodeState.COMPLETED | Created: 2026-09-19 12:21:41 | Elo: 957.3
[2026-09-19 12:30:20] Ep 110824424 | Sub 56358210 | State: EpisodeState.COMPLETED | Created: 2026-09-19 12:25:43 | Elo: 1067.5
[2026-09-19 12:32:31] Ep 110825508 | Sub 56358210 | State: EpisodeState.COMPLETED | Created: 2026-09-19 12:29:41 | Elo: 1067.5
[2026-09-19 12:36:52] Ep 110826591 | Sub 56358210 | State: EpisodeState.COMPLETED | Created: 2026-09-19 12:33:41 | Elo: 1277.0
[2026-09-19 12:39:08] Ep 110827533 | Sub 56351518 | State: EpisodeState.COMPLETED | Created: 2026-09-19 12:33:43 | Elo: 2449.7
[2026-09-19 12:43:26] Ep 110828747 | Sub 56358210 | State: EpisodeState.COMPLETED | Created: 2026-09-19 12:41:41 | Elo: 1501.4
[2026-09-19 12:43:26] Ep 110827670 | Sub 56358210 | State: EpisodeState.COMPLETED | Created: 2026-09-19 12:37:43 | Elo: 1501.4
[2026-09-19 12:50:01] Ep 110829862 | Sub 56358210 | State: EpisodeState.COMPLETED | Created: 2026-09-19 12:45:46 | Elo: 1629.2
[2026-09-19 12:52:12] Ep 110830921 | Sub 56358210 | State: EpisodeState.COMPLETED | Created: 2026-09-19 12:49:43 | Elo: 1715.7
[2026-09-19 12:56:33] Ep 110832010 | Sub 56358210 | State: EpisodeState.COMPLETED | Created: 2026-09-19 12:53:41 | Elo: 1816.3
[2026-09-19 13:03:09] Ep 110833099 | Sub 56358210 | State: EpisodeState.COMPLETED | Created: 2026-09-19 12:57:41 | Elo: 1922.8
[2026-09-19 13:03:13] Ep 110834042 | Sub 56351518 | State: EpisodeState.COMPLETED | Created: 2026-09-19 12:57:43 | Elo: 2453.1
[2026-09-19 13:05:20] Ep 110834194 | Sub 56358210 | State: EpisodeState.COMPLETED | Created: 2026-09-19 13:01:41 | Elo: 1760.7
[2026-09-19 13:09:39] Ep 110835312 | Sub 56358210 | State: EpisodeState.COMPLETED | Created: 2026-09-19 13:05:44 | Elo: 1871.8
[2026-09-19 13:14:02] Ep 110836422 | Sub 56358210 | State: EpisodeState.COMPLETED | Created: 2026-09-19 13:09:41 | Elo: 1872.8
[2026-09-19 13:14:02] Ep 110837233 | Sub 56358210 | State: EpisodeState.COMPLETED | Created: 2026-09-19 13:09:42 | Elo: 1872.8
[2026-09-19 13:16:13] Ep 110837581 | Sub 56358210 | State: EpisodeState.COMPLETED | Created: 2026-09-19 13:13:44 | Elo: 1942.9
[2026-09-19 13:22:46] Ep 110838701 | Sub 56358210 | State: EpisodeState.COMPLETED | Created: 2026-09-19 13:17:41 | Elo: 1995.6
[2026-09-19 13:24:57] Ep 110840588 | Sub 56358210 | State: EpisodeState.COMPLETED | Created: 2026-09-19 13:21:43 | Elo: 2033.0
[2026-09-19 13:27:07] Ep 110839798 | Sub 56358210 | State: EpisodeState.COMPLETED | Created: 2026-09-19 13:21:41 | Elo: 2038.3
[2026-09-19 13:27:07] Ep 110839667 | Sub 56358210 | State: EpisodeState.COMPLETED | Created: 2026-09-19 13:21:41 | Elo: 2038.3
[2026-09-19 13:27:12] Ep 110840605 | Sub 56351518 | State: EpisodeState.COMPLETED | Created: 2026-09-19 13:21:43 | Elo: 2450.1
[2026-09-19 13:31:30] Ep 110840935 | Sub 56358210 | State: EpisodeState.COMPLETED | Created: 2026-09-19 13:25:42 | Elo: 2066.8
[2026-09-19 13:33:42] Ep 110842113 | Sub 56358210 | State: EpisodeState.COMPLETED | Created: 2026-09-19 13:29:42 | Elo: 2043.1
[2026-09-19 13:35:54] Ep 110841962 | Sub 56358210 | State: EpisodeState.COMPLETED | Created: 2026-09-19 13:29:41 | Elo: 2029.4
[2026-09-19 13:40:16] Ep 110844307 | Sub 56358210 | State: EpisodeState.COMPLETED | Created: 2026-09-19 13:37:41 | Elo: 2058.6
[2026-09-19 13:40:16] Ep 110843215 | Sub 56358210 | State: EpisodeState.COMPLETED | Created: 2026-09-19 13:33:41 | Elo: 2058.6
[2026-09-19 13:44:39] Ep 110845414 | Sub 56358210 | State: EpisodeState.COMPLETED | Created: 2026-09-19 13:41:41 | Elo: 2080.3
[2026-09-19 13:44:39] Ep 110844112 | Sub 56358210 | State: EpisodeState.COMPLETED | Created: 2026-09-19 13:37:41 | Elo: 2080.3
[2026-09-19 13:49:02] Ep 110846520 | Sub 56358210 | State: EpisodeState.COMPLETED | Created: 2026-09-19 13:45:43 | Elo: 2097.5
[2026-09-19 13:51:17] Ep 110847206 | Sub 56351518 | State: EpisodeState.COMPLETED | Created: 2026-09-19 13:45:44 | Elo: 2450.1
[2026-09-19 13:53:22] Ep 110847623 | Sub 56358210 | State: EpisodeState.COMPLETED | Created: 2026-09-19 13:49:41 | Elo: 2116.0
[2026-09-19 13:59:56] Ep 110848734 | Sub 56358210 | State: EpisodeState.COMPLETED | Created: 2026-09-19 13:53:41 | Elo: 2129.1
[2026-09-19 14:04:16] Ep 110851511 | Sub 56358210 | State: EpisodeState.COMPLETED | Created: 2026-09-19 14:01:43 | Elo: 2153.4
[2026-09-19 14:04:16] Ep 110849841 | Sub 56358210 | State: EpisodeState.COMPLETED | Created: 2026-09-19 13:57:43 | Elo: 2153.4
[2026-09-19 14:04:21] Ep 110850289 | Sub 56351518 | State: EpisodeState.COMPLETED | Created: 2026-09-19 13:57:44 | Elo: 2449.5
[2026-09-19 14:08:39] Ep 110852061 | Sub 56358210 | State: EpisodeState.COMPLETED | Created: 2026-09-19 14:05:43 | Elo: 2177.8
[2026-09-19 14:08:39] Ep 110850948 | Sub 56358210 | State: EpisodeState.COMPLETED | Created: 2026-09-19 14:01:42 | Elo: 2177.8
[2026-09-19 14:13:05] Ep 110853582 | Sub 56351518 | State: EpisodeState.COMPLETED | Created: 2026-09-19 14:09:42 | Elo: 2449.5
[2026-09-19 14:15:12] Ep 110853167 | Sub 56358210 | State: EpisodeState.COMPLETED | Created: 2026-09-19 14:09:41 | Elo: 2169.1
[2026-09-19 14:19:36] Ep 110854265 | Sub 56358210 | State: EpisodeState.COMPLETED | Created: 2026-09-19 14:13:44 | Elo: 2181.7
[2026-09-19 14:23:58] Ep 110856475 | Sub 56358210 | State: EpisodeState.COMPLETED | Created: 2026-09-19 14:21:41 | Elo: 2187.5
[2026-09-19 14:23:58] Ep 110855807 | Sub 56358210 | State: EpisodeState.COMPLETED | Created: 2026-09-19 14:17:42 | Elo: 2187.5
[2026-09-19 14:23:58] Ep 110855375 | Sub 56358210 | State: EpisodeState.COMPLETED | Created: 2026-09-19 14:17:41 | Elo: 2187.5
[2026-09-19 14:24:02] Ep 110856065 | Sub 56351518 | State: EpisodeState.COMPLETED | Created: 2026-09-19 14:17:42 | Elo: 2448.8
[2026-09-19 14:28:18] Ep 110857580 | Sub 56358210 | State: EpisodeState.COMPLETED | Created: 2026-09-19 14:25:43 | Elo: 2200.4
[2026-09-19 14:32:41] Ep 110858690 | Sub 56358210 | State: EpisodeState.COMPLETED | Created: 2026-09-19 14:29:42 | Elo: 2193.1
[2026-09-19 14:32:41] Ep 110859208 | Sub 56358210 | State: EpisodeState.COMPLETED | Created: 2026-09-19 14:29:43 | Elo: 2193.1
[2026-09-19 14:32:41] Ep 110857490 | Sub 56358210 | State: EpisodeState.COMPLETED | Created: 2026-09-19 14:25:43 | Elo: 2193.1
[2026-09-19 14:34:58] Ep 110858710 | Sub 56351518 | State: EpisodeState.COMPLETED | Created: 2026-09-19 14:29:42 | Elo: 2444.1
[2026-09-19 14:39:15] Ep 110860219 | Sub 56358210 | State: EpisodeState.COMPLETED | Created: 2026-09-19 14:33:48 | Elo: 2201.2
[2026-09-19 14:41:24] Ep 110860915 | Sub 56358210 | State: EpisodeState.COMPLETED | Created: 2026-09-19 14:37:41 | Elo: 2218.5
[2026-09-19 14:41:24] Ep 110859811 | Sub 56358210 | State: EpisodeState.COMPLETED | Created: 2026-09-19 14:33:48 | Elo: 2218.5
[2026-09-19 14:47:55] Ep 110862029 | Sub 56358210 | State: EpisodeState.COMPLETED | Created: 2026-09-19 14:41:43 | Elo: 2226.7
[2026-09-19 14:50:06] Ep 110863121 | Sub 56358210 | State: EpisodeState.COMPLETED | Created: 2026-09-19 14:45:46 | Elo: 2234.4
[2026-09-19 14:54:27] Ep 110864226 | Sub 56358210 | State: EpisodeState.COMPLETED | Created: 2026-09-19 14:49:42 | Elo: 2239.1
[2026-09-19 14:56:37] Ep 110865324 | Sub 56358210 | State: EpisodeState.COMPLETED | Created: 2026-09-19 14:53:42 | Elo: 2247.6
[2026-09-19 14:56:41] Ep 110865599 | Sub 56351518 | State: EpisodeState.COMPLETED | Created: 2026-09-19 14:53:43 | Elo: 2448.3
[2026-09-19 15:00:59] Ep 110866416 | Sub 56358210 | State: EpisodeState.COMPLETED | Created: 2026-09-19 14:57:41 | Elo: 2241.0
[2026-09-19 15:03:09] Ep 110866423 | Sub 56358210 | State: EpisodeState.COMPLETED | Created: 2026-09-19 14:57:41 | Elo: 2247.5
[2026-09-19 15:07:32] Ep 110868427 | Sub 56358210 | State: EpisodeState.COMPLETED | Created: 2026-09-19 15:05:42 | Elo: 2251.1
[2026-09-19 15:07:32] Ep 110867530 | Sub 56358210 | State: EpisodeState.COMPLETED | Created: 2026-09-19 15:01:42 | Elo: 2251.1
[2026-09-19 15:09:42] Ep 110869189 | Sub 56358210 | State: EpisodeState.COMPLETED | Created: 2026-09-19 15:05:43 | Elo: 2259.4
[2026-09-19 15:11:52] Ep 110868631 | Sub 56358210 | State: EpisodeState.COMPLETED | Created: 2026-09-19 15:05:42 | Elo: 2267.2
[2026-09-19 15:14:04] Ep 110869759 | Sub 56358210 | State: EpisodeState.COMPLETED | Created: 2026-09-19 15:09:42 | Elo: 2275.1
[2026-09-19 15:20:40] Ep 110870723 | Sub 56358210 | State: EpisodeState.COMPLETED | Created: 2026-09-19 15:13:41 | Elo: 2262.7
[2026-09-19 15:20:40] Ep 110870752 | Sub 56358210 | State: EpisodeState.COMPLETED | Created: 2026-09-19 15:13:42 | Elo: 2262.7
[2026-09-19 15:20:40] Ep 110870856 | Sub 56358210 | State: EpisodeState.COMPLETED | Created: 2026-09-19 15:13:42 | Elo: 2262.7
[2026-09-19 15:22:52] Ep 110871972 | Sub 56358210 | State: EpisodeState.COMPLETED | Created: 2026-09-19 15:17:42 | Elo: 2275.7
[2026-09-19 15:22:57] Ep 110871592 | Sub 56351518 | State: EpisodeState.COMPLETED | Created: 2026-09-19 15:17:41 | Elo: 2446.9
[2026-09-19 15:22:57] Ep 110872361 | Sub 56351518 | State: EpisodeState.COMPLETED | Created: 2026-09-19 15:17:42 | Elo: 2446.9
[2026-09-19 15:25:03] Ep 110873088 | Sub 56358210 | State: EpisodeState.COMPLETED | Created: 2026-09-19 15:21:42 | Elo: 2271.1
[2026-09-19 15:29:25] Ep 110874186 | Sub 56358210 | State: EpisodeState.COMPLETED | Created: 2026-09-19 15:25:43 | Elo: 2275.9
[2026-09-19 15:33:47] Ep 110875279 | Sub 56358210 | State: EpisodeState.COMPLETED | Created: 2026-09-19 15:29:41 | Elo: 2280.6
[2026-09-19 15:38:09] Ep 110876382 | Sub 56358210 | State: EpisodeState.COMPLETED | Created: 2026-09-19 15:33:42 | Elo: 2284.9
[2026-09-19 15:40:20] Ep 110877473 | Sub 56358210 | State: EpisodeState.COMPLETED | Created: 2026-09-19 15:37:42 | Elo: 2290.9
[2026-09-19 15:44:46] Ep 110877460 | Sub 56351518 | State: EpisodeState.COMPLETED | Created: 2026-09-19 15:37:42 | Elo: 2450.8
[2026-09-19 15:46:52] Ep 110878574 | Sub 56358210 | State: EpisodeState.COMPLETED | Created: 2026-09-19 15:41:42 | Elo: 2286.1
[2026-09-19 15:51:13] Ep 110879673 | Sub 56358210 | State: EpisodeState.COMPLETED | Created: 2026-09-19 15:45:43 | Elo: 2291.2
[2026-09-19 15:53:29] Ep 110880384 | Sub 56351518 | State: EpisodeState.COMPLETED | Created: 2026-09-19 15:49:41 | Elo: 2444.8
[2026-09-19 15:55:40] Ep 110881898 | Sub 56358210 | State: EpisodeState.COMPLETED | Created: 2026-09-19 15:53:41 | Elo: 2299.2
[2026-09-19 15:55:40] Ep 110880781 | Sub 56358210 | State: EpisodeState.COMPLETED | Created: 2026-09-19 15:49:42 | Elo: 2299.2
[2026-09-19 15:57:51] Ep 110881778 | Sub 56358210 | State: EpisodeState.COMPLETED | Created: 2026-09-19 15:53:41 | Elo: 2293.0
[2026-09-19 16:02:14] Ep 110883017 | Sub 56358210 | State: EpisodeState.COMPLETED | Created: 2026-09-19 15:57:42 | Elo: 2298.3
[2026-09-19 16:06:37] Ep 110884119 | Sub 56358210 | State: EpisodeState.COMPLETED | Created: 2026-09-19 16:01:42 | Elo: 2302.4
[2026-09-19 16:08:54] Ep 110884837 | Sub 56351518 | State: EpisodeState.COMPLETED | Created: 2026-09-19 16:05:41 | Elo: 2441.9
[2026-09-19 16:10:59] Ep 110885219 | Sub 56358210 | State: EpisodeState.COMPLETED | Created: 2026-09-19 16:05:42 | Elo: 2307.7
[2026-09-19 16:15:22] Ep 110887551 | Sub 56358210 | State: EpisodeState.COMPLETED | Created: 2026-09-19 16:13:42 | Elo: 2307.7
[2026-09-19 16:17:32] Ep 110886314 | Sub 56358210 | State: EpisodeState.COMPLETED | Created: 2026-09-19 16:09:42 | Elo: 2310.0
[2026-09-19 16:19:49] Ep 110887344 | Sub 56351518 | State: EpisodeState.COMPLETED | Created: 2026-09-19 16:13:41 | Elo: 2446.5
[2026-09-19 16:39:23] Ep 110892779 | Sub 56358210 | State: EpisodeState.COMPLETED | Created: 2026-09-19 16:33:42 | Elo: 2313.8
[2026-09-19 16:41:39] Ep 110893765 | Sub 56351518 | State: EpisodeState.COMPLETED | Created: 2026-09-19 16:37:42 | Elo: 2453.8
[2026-09-19 16:41:39] Ep 110894200 | Sub 56351518 | State: EpisodeState.COMPLETED | Created: 2026-09-19 16:37:43 | Elo: 2453.8
[2026-09-19 16:56:53] Ep 110898033 | Sub 56358210 | State: EpisodeState.COMPLETED | Created: 2026-09-19 16:53:41 | Elo: 2322.5
[2026-09-19 16:56:53] Ep 110897859 | Sub 56358210 | State: EpisodeState.COMPLETED | Created: 2026-09-19 16:53:40 | Elo: 2322.5
[2026-09-19 16:59:11] Ep 110898530 | Sub 56351518 | State: EpisodeState.COMPLETED | Created: 2026-09-19 16:53:41 | Elo: 2458.5
[2026-09-19 17:10:08] Ep 110901387 | Sub 56351518 | State: EpisodeState.COMPLETED | Created: 2026-09-19 17:05:42 | Elo: 2454.2
[2026-09-19 17:21:00] Ep 110905059 | Sub 56358210 | State: EpisodeState.COMPLETED | Created: 2026-09-19 17:17:42 | Elo: 2326.1
[2026-09-19 17:23:12] Ep 110905292 | Sub 56358210 | State: EpisodeState.COMPLETED | Created: 2026-09-19 17:17:42 | Elo: 2330.2
[2026-09-19 17:29:47] Ep 110907281 | Sub 56358210 | State: EpisodeState.COMPLETED | Created: 2026-09-19 17:25:48 | Elo: 2326.3
[2026-09-19 17:34:10] Ep 110908555 | Sub 56358210 | State: EpisodeState.COMPLETED | Created: 2026-09-19 17:29:43 | Elo: 2321.6
[2026-09-19 17:36:26] Ep 110908350 | Sub 56351518 | State: EpisodeState.COMPLETED | Created: 2026-09-19 17:29:42 | Elo: 2458.5
[2026-09-19 17:58:16] Ep 110914924 | Sub 56358210 | State: EpisodeState.COMPLETED | Created: 2026-09-19 17:53:44 | Elo: 2326.2
[2026-09-19 17:58:21] Ep 110914971 | Sub 56351518 | State: EpisodeState.COMPLETED | Created: 2026-09-19 17:53:44 | Elo: 2454.6
[2026-09-19 18:07:00] Ep 110916467 | Sub 56358210 | State: EpisodeState.COMPLETED | Created: 2026-09-19 18:01:42 | Elo: 2321.9
[2026-09-19 18:22:25] Ep 110921520 | Sub 56351518 | State: EpisodeState.COMPLETED | Created: 2026-09-19 18:17:42 | Elo: 2455.5
[2026-09-19 18:22:25] Ep 110921477 | Sub 56351518 | State: EpisodeState.COMPLETED | Created: 2026-09-19 18:17:42 | Elo: 2455.5
[2026-09-19 18:26:43] Ep 110922765 | Sub 56358210 | State: EpisodeState.COMPLETED | Created: 2026-09-19 18:21:43 | Elo: 2316.9
[2026-09-19 18:39:52] Ep 110925577 | Sub 56358210 | State: EpisodeState.COMPLETED | Created: 2026-09-19 18:33:42 | Elo: 2312.6
[2026-09-19 18:46:34] Ep 110928005 | Sub 56351518 | State: EpisodeState.COMPLETED | Created: 2026-09-19 18:41:42 | Elo: 2452.1
[2026-09-19 18:53:02] Ep 110930141 | Sub 56358210 | State: EpisodeState.COMPLETED | Created: 2026-09-19 18:49:42 | Elo: 2318.0
[2026-09-19 18:55:14] Ep 110930517 | Sub 56358210 | State: EpisodeState.COMPLETED | Created: 2026-09-19 18:49:43 | Elo: 2317.4
[2026-09-19 18:55:14] Ep 110929904 | Sub 56358210 | State: EpisodeState.COMPLETED | Created: 2026-09-19 18:49:42 | Elo: 2317.4
[2026-09-19 19:04:03] Ep 110933749 | Sub 56351518 | State: EpisodeState.COMPLETED | Created: 2026-09-19 19:01:48 | Elo: 2457.2
[2026-09-19 19:06:14] Ep 110933251 | Sub 56351518 | State: EpisodeState.COMPLETED | Created: 2026-09-19 19:01:47 | Elo: 2457.2
[2026-09-19 19:19:21] Ep 110937294 | Sub 56358210 | State: EpisodeState.COMPLETED | Created: 2026-09-19 19:17:41 | Elo: 2325.0
[2026-09-19 19:19:21] Ep 110936719 | Sub 56358210 | State: EpisodeState.COMPLETED | Created: 2026-09-19 19:13:42 | Elo: 2325.0
[2026-09-19 19:26:02] Ep 110938597 | Sub 56351518 | State: EpisodeState.COMPLETED | Created: 2026-09-19 19:21:41 | Elo: 2448.0
[2026-09-19 19:37:01] Ep 110942156 | Sub 56351518 | State: EpisodeState.COMPLETED | Created: 2026-09-19 19:33:41 | Elo: 2445.7
[2026-09-19 19:39:09] Ep 110942274 | Sub 56358210 | State: EpisodeState.COMPLETED | Created: 2026-09-19 19:33:42 | Elo: 2328.7
[2026-09-19 19:41:21] Ep 110942738 | Sub 56358210 | State: EpisodeState.COMPLETED | Created: 2026-09-19 19:37:41 | Elo: 2325.0
[2026-09-19 19:45:43] Ep 110943896 | Sub 56358210 | State: EpisodeState.COMPLETED | Created: 2026-09-19 19:41:41 | Elo: 2330.2
[2026-09-19 19:50:05] Ep 110945702 | Sub 56358210 | State: EpisodeState.COMPLETED | Created: 2026-09-19 19:45:44 | Elo: 2333.1
[2026-09-19 19:56:44] Ep 110947986 | Sub 56351518 | State: EpisodeState.COMPLETED | Created: 2026-09-19 19:53:42 | Elo: 2449.7
[2026-09-19 19:58:54] Ep 110947675 | Sub 56351518 | State: EpisodeState.COMPLETED | Created: 2026-09-19 19:53:42 | Elo: 2454.8
[2026-09-19 20:01:07] Ep 110948357 | Sub 56351518 | State: EpisodeState.COMPLETED | Created: 2026-09-19 19:57:41 | Elo: 2450.4
[2026-09-19 20:09:48] Ep 110951061 | Sub 56358210 | State: EpisodeState.COMPLETED | Created: 2026-09-19 20:05:44 | Elo: 2336.9
[2026-09-19 20:14:11] Ep 110951559 | Sub 56358210 | State: EpisodeState.COMPLETED | Created: 2026-09-19 20:09:41 | Elo: 2332.8
[2026-09-19 20:16:25] Ep 110953372 | Sub 56351518 | State: EpisodeState.COMPLETED | Created: 2026-09-19 20:13:42 | Elo: 2454.2
[2026-09-19 20:31:41] Ep 110956555 | Sub 56358210 | State: EpisodeState.COMPLETED | Created: 2026-09-19 20:25:43 | Elo: 2337.9
[2026-09-19 20:31:46] Ep 110956034 | Sub 56351518 | State: EpisodeState.COMPLETED | Created: 2026-09-19 20:25:42 | Elo: 2450.1
[2026-09-19 20:36:03] Ep 110957926 | Sub 56358210 | State: EpisodeState.COMPLETED | Created: 2026-09-19 20:33:41 | Elo: 2334.7
[2026-09-19 20:36:08] Ep 110957650 | Sub 56351518 | State: EpisodeState.COMPLETED | Created: 2026-09-19 20:29:43 | Elo: 2454.0
[2026-09-19 20:40:31] Ep 110958088 | Sub 56351518 | State: EpisodeState.COMPLETED | Created: 2026-09-19 20:33:41 | Elo: 2449.3
[2026-09-19 20:42:38] Ep 110959502 | Sub 56358210 | State: EpisodeState.COMPLETED | Created: 2026-09-19 20:37:41 | Elo: 2330.7
[2026-09-19 20:49:12] Ep 110961940 | Sub 56358210 | State: EpisodeState.COMPLETED | Created: 2026-09-19 20:45:44 | Elo: 2335.2
[2026-09-19 20:53:41] Ep 110963111 | Sub 56351518 | State: EpisodeState.COMPLETED | Created: 2026-09-19 20:49:42 | Elo: 2454.3
[2026-09-19 20:57:59] Ep 110964326 | Sub 56358210 | State: EpisodeState.COMPLETED | Created: 2026-09-19 20:53:43 | Elo: 2342.1
[2026-09-19 20:58:04] Ep 110962638 | Sub 56351518 | State: EpisodeState.COMPLETED | Created: 2026-09-19 20:49:41 | Elo: 2450.5
[2026-09-19 21:02:26] Ep 110964594 | Sub 56351518 | State: EpisodeState.COMPLETED | Created: 2026-09-19 20:57:41 | Elo: 2447.2
[2026-09-19 21:17:40] Ep 110969688 | Sub 56358210 | State: EpisodeState.COMPLETED | Created: 2026-09-19 21:13:42 | Elo: 2352.7
[2026-09-19 21:17:40] Ep 110969522 | Sub 56358210 | State: EpisodeState.COMPLETED | Created: 2026-09-19 21:13:42 | Elo: 2352.7
[2026-09-19 21:19:56] Ep 110969796 | Sub 56351518 | State: EpisodeState.COMPLETED | Created: 2026-09-19 21:13:42 | Elo: 2451.9
[2026-09-19 21:26:32] Ep 110971380 | Sub 56351518 | State: EpisodeState.COMPLETED | Created: 2026-09-19 21:21:41 | Elo: 2448.8
[2026-09-19 21:37:25] Ep 110974909 | Sub 56358210 | State: EpisodeState.COMPLETED | Created: 2026-09-19 21:33:42 | Elo: 2348.6
[2026-09-19 21:41:53] Ep 110976293 | Sub 56351518 | State: EpisodeState.COMPLETED | Created: 2026-09-19 21:37:42 | Elo: 2445.7
[2026-09-19 21:44:05] Ep 110976269 | Sub 56351518 | State: EpisodeState.COMPLETED | Created: 2026-09-19 21:37:42 | Elo: 2449.8
[2026-09-19 21:52:52] Ep 110979412 | Sub 56351518 | State: EpisodeState.COMPLETED | Created: 2026-09-19 21:49:42 | Elo: 2454.0
[2026-09-19 21:57:11] Ep 110979594 | Sub 56358210 | State: EpisodeState.COMPLETED | Created: 2026-09-19 21:49:42 | Elo: 2351.7
[2026-09-19 22:12:40] Ep 110984054 | Sub 56351518 | State: EpisodeState.COMPLETED | Created: 2026-09-19 22:05:42 | Elo: 2457.5
[2026-09-19 22:14:46] Ep 110984733 | Sub 56358210 | State: EpisodeState.COMPLETED | Created: 2026-09-19 22:09:42 | Elo: 2347.4
[2026-09-19 22:16:58] Ep 110985341 | Sub 56358210 | State: EpisodeState.COMPLETED | Created: 2026-09-19 22:13:41 | Elo: 2342.4
[2026-09-19 22:28:00] Ep 110988373 | Sub 56351518 | State: EpisodeState.COMPLETED | Created: 2026-09-19 22:21:42 | Elo: 2452.8
[2026-09-19 22:36:42] Ep 110991592 | Sub 56358210 | State: EpisodeState.COMPLETED | Created: 2026-09-19 22:33:42 | Elo: 2352.4
[2026-09-19 22:36:42] Ep 110990381 | Sub 56358210 | State: EpisodeState.COMPLETED | Created: 2026-09-19 22:29:41 | Elo: 2352.4
[2026-09-19 22:41:10] Ep 110992331 | Sub 56351518 | State: EpisodeState.COMPLETED | Created: 2026-09-19 22:37:41 | Elo: 2456.4
[2026-09-19 22:43:21] Ep 110992836 | Sub 56351518 | State: EpisodeState.COMPLETED | Created: 2026-09-19 22:37:42 | Elo: 2461.2
[2026-09-19 22:45:28] Ep 110993904 | Sub 56358210 | State: EpisodeState.COMPLETED | Created: 2026-09-19 22:41:42 | Elo: 2355.9
[2026-09-19 22:54:15] Ep 110995202 | Sub 56358210 | State: EpisodeState.COMPLETED | Created: 2026-09-19 22:49:41 | Elo: 2351.2
[2026-09-19 22:56:31] Ep 110995230 | Sub 56351518 | State: EpisodeState.COMPLETED | Created: 2026-09-19 22:49:41 | Elo: 2466.6
[2026-09-19 23:03:06] Ep 110997952 | Sub 56351518 | State: EpisodeState.COMPLETED | Created: 2026-09-19 22:57:42 | Elo: 2471.8
[2026-09-19 23:07:28] Ep 110998520 | Sub 56351518 | State: EpisodeState.COMPLETED | Created: 2026-09-19 23:01:41 | Elo: 2467.2
[2026-09-19 23:09:35] Ep 110999819 | Sub 56358210 | State: EpisodeState.COMPLETED | Created: 2026-09-19 23:05:43 | Elo: 2355.7
[2026-09-19 23:11:46] Ep 111000082 | Sub 56358210 | State: EpisodeState.COMPLETED | Created: 2026-09-19 23:05:43 | Elo: 2360.0
[2026-09-19 23:11:51] Ep 111000166 | Sub 56351518 | State: EpisodeState.COMPLETED | Created: 2026-09-19 23:05:43 | Elo: 2471.2
[2026-09-19 23:24:53] Ep 111004557 | Sub 56358210 | State: EpisodeState.COMPLETED | Created: 2026-09-19 23:21:42 | Elo: 2364.7
[2026-09-19 23:24:58] Ep 111004619 | Sub 56351518 | State: EpisodeState.COMPLETED | Created: 2026-09-19 23:21:42 | Elo: 2467.4
[2026-09-19 23:27:04] Ep 111003975 | Sub 56358210 | State: EpisodeState.COMPLETED | Created: 2026-09-19 23:21:41 | Elo: 2359.9
[2026-09-19 23:40:15] Ep 111009064 | Sub 56351518 | State: EpisodeState.COMPLETED | Created: 2026-09-19 23:37:50 | Elo: 2463.4
[2026-09-19 23:42:23] Ep 111008999 | Sub 56358210 | State: EpisodeState.COMPLETED | Created: 2026-09-19 23:37:50 | Elo: 2356.1
[2026-09-19 23:44:40] Ep 111009671 | Sub 56351518 | State: EpisodeState.COMPLETED | Created: 2026-09-19 23:41:46 | Elo: 2459.1
[2026-09-19 23:51:14] Ep 111011751 | Sub 56351518 | State: EpisodeState.COMPLETED | Created: 2026-09-19 23:49:45 | Elo: 2459.1
[2026-09-19 23:57:43] Ep 111013419 | Sub 56358210 | State: EpisodeState.COMPLETED | Created: 2026-09-19 23:53:48 | Elo: 2360.8
[2026-09-20 00:02:11] Ep 111014263 | Sub 56351518 | State: EpisodeState.COMPLETED | Created: 2026-09-19 23:57:46 | Elo: 2461.1
[2026-09-20 00:06:30] Ep 111015875 | Sub 56358210 | State: EpisodeState.COMPLETED | Created: 2026-09-20 00:01:48 | Elo: 2356.6
[2026-09-20 00:13:07] Ep 111017229 | Sub 56351518 | State: EpisodeState.COMPLETED | Created: 2026-09-20 00:09:46 | Elo: 2464.1
[2026-09-20 00:17:26] Ep 111018793 | Sub 56358210 | State: EpisodeState.COMPLETED | Created: 2026-09-20 00:13:46 | Elo: 2361.2
[2026-09-20 00:19:37] Ep 111019827 | Sub 56358210 | State: EpisodeState.COMPLETED | Created: 2026-09-20 00:17:47 | Elo: 2356.0
[2026-09-20 00:26:12] Ep 111020467 | Sub 56358210 | State: EpisodeState.COMPLETED | Created: 2026-09-20 00:21:46 | Elo: 2352.2
[2026-09-20 00:32:51] Ep 111022176 | Sub 56351518 | State: EpisodeState.COMPLETED | Created: 2026-09-20 00:25:48 | Elo: 2459.5
[2026-09-20 00:41:30] Ep 111025502 | Sub 56358210 | State: EpisodeState.COMPLETED | Created: 2026-09-20 00:37:47 | Elo: 2356.9
[2026-09-20 00:45:59] Ep 111026856 | Sub 56351518 | State: EpisodeState.COMPLETED | Created: 2026-09-20 00:41:48 | Elo: 2450.0
[2026-09-20 00:45:59] Ep 111026847 | Sub 56351518 | State: EpisodeState.COMPLETED | Created: 2026-09-20 00:41:48 | Elo: 2450.0
[2026-09-20 01:03:26] Ep 111030799 | Sub 56358210 | State: EpisodeState.COMPLETED | Created: 2026-09-20 00:57:45 | Elo: 2362.2
[2026-09-20 01:03:31] Ep 111031182 | Sub 56351518 | State: EpisodeState.COMPLETED | Created: 2026-09-20 00:57:46 | Elo: 2443.2
[2026-09-20 01:03:31] Ep 111030550 | Sub 56351518 | State: EpisodeState.COMPLETED | Created: 2026-09-20 00:57:45 | Elo: 2443.2
[2026-09-20 01:16:33] Ep 111035617 | Sub 56358210 | State: EpisodeState.COMPLETED | Created: 2026-09-20 01:13:49 | Elo: 2366.6
[2026-09-20 01:21:01] Ep 111036475 | Sub 56351518 | State: EpisodeState.COMPLETED | Created: 2026-09-20 01:17:46 | Elo: 2446.9
[2026-09-20 01:23:07] Ep 111036417 | Sub 56358210 | State: EpisodeState.COMPLETED | Created: 2026-09-20 01:17:46 | Elo: 2371.7
[2026-09-20 01:23:11] Ep 111036414 | Sub 56351518 | State: EpisodeState.COMPLETED | Created: 2026-09-20 01:17:46 | Elo: 2442.4
[2026-09-20 01:27:33] Ep 111037819 | Sub 56351518 | State: EpisodeState.COMPLETED | Created: 2026-09-20 01:21:46 | Elo: 2437.3
[2026-09-20 01:31:52] Ep 111038674 | Sub 56358210 | State: EpisodeState.COMPLETED | Created: 2026-09-20 01:25:46 | Elo: 2376.6
[2026-09-20 01:47:13] Ep 111043179 | Sub 56351518 | State: EpisodeState.COMPLETED | Created: 2026-09-20 01:41:46 | Elo: 2432.7
[2026-09-20 01:49:20] Ep 111044102 | Sub 56358210 | State: EpisodeState.COMPLETED | Created: 2026-09-20 01:45:46 | Elo: 2381.0
[2026-09-20 01:53:43] Ep 111045170 | Sub 56358210 | State: EpisodeState.COMPLETED | Created: 2026-09-20 01:49:45 | Elo: 2376.4
[2026-09-20 01:55:59] Ep 111044994 | Sub 56351518 | State: EpisodeState.COMPLETED | Created: 2026-09-20 01:49:45 | Elo: 2424.0
[2026-09-20 01:55:59] Ep 111044732 | Sub 56351518 | State: EpisodeState.COMPLETED | Created: 2026-09-20 01:49:45 | Elo: 2424.0
[2026-09-20 02:06:56] Ep 111048683 | Sub 56351518 | State: EpisodeState.COMPLETED | Created: 2026-09-20 02:01:46 | Elo: 2429.2
[2026-09-20 02:11:19] Ep 111049069 | Sub 56351518 | State: EpisodeState.COMPLETED | Created: 2026-09-20 02:05:45 | Elo: 2426.5
[2026-09-20 02:15:36] Ep 111050658 | Sub 56358210 | State: EpisodeState.COMPLETED | Created: 2026-09-20 02:09:46 | Elo: 2371.3
[2026-09-20 02:26:40] Ep 111054304 | Sub 56351518 | State: EpisodeState.COMPLETED | Created: 2026-09-20 02:21:47 | Elo: 2423.7
[2026-09-20 02:28:46] Ep 111053918 | Sub 56358210 | State: EpisodeState.COMPLETED | Created: 2026-09-20 02:21:46 | Elo: 2375.7
[2026-09-20 02:30:58] Ep 111055412 | Sub 56358210 | State: EpisodeState.COMPLETED | Created: 2026-09-20 02:25:48 | Elo: 2372.0
[2026-09-20 02:37:30] Ep 111056781 | Sub 56358210 | State: EpisodeState.COMPLETED | Created: 2026-09-20 02:33:44 | Elo: 2366.9
[2026-09-20 02:46:14] Ep 111059108 | Sub 56358210 | State: EpisodeState.COMPLETED | Created: 2026-09-20 02:41:45 | Elo: 2363.4
[2026-09-20 02:46:19] Ep 111059711 | Sub 56351518 | State: EpisodeState.COMPLETED | Created: 2026-09-20 02:41:47 | Elo: 2428.3
[2026-09-20 03:05:58] Ep 111065025 | Sub 56358210 | State: EpisodeState.COMPLETED | Created: 2026-09-20 03:01:59 | Elo: 2371.0
[2026-09-20 03:05:58] Ep 111065131 | Sub 56358210 | State: EpisodeState.COMPLETED | Created: 2026-09-20 03:02:00 | Elo: 2371.0
[2026-09-20 03:10:21] Ep 111066372 | Sub 56358210 | State: EpisodeState.COMPLETED | Created: 2026-09-20 03:05:52 | Elo: 2375.6
[2026-09-20 03:10:25] Ep 111065987 | Sub 56351518 | State: EpisodeState.COMPLETED | Created: 2026-09-20 03:05:51 | Elo: 2432.6
[2026-09-20 03:12:32] Ep 111066756 | Sub 56358210 | State: EpisodeState.COMPLETED | Created: 2026-09-20 03:09:53 | Elo: 2370.2
[2026-09-20 03:14:48] Ep 111067443 | Sub 56351518 | State: EpisodeState.COMPLETED | Created: 2026-09-20 03:09:54 | Elo: 2431.0
[2026-09-20 03:14:48] Ep 111066779 | Sub 56351518 | State: EpisodeState.COMPLETED | Created: 2026-09-20 03:09:53 | Elo: 2431.0
[2026-09-20 03:25:45] Ep 111069852 | Sub 56351518 | State: EpisodeState.COMPLETED | Created: 2026-09-20 03:21:45 | Elo: 2427.2
[2026-09-20 03:34:25] Ep 111072717 | Sub 56358210 | State: EpisodeState.COMPLETED | Created: 2026-09-20 03:29:46 | Elo: 2365.7
[2026-09-20 03:34:30] Ep 111072415 | Sub 56351518 | State: EpisodeState.COMPLETED | Created: 2026-09-20 03:29:45 | Elo: 2422.6
[2026-09-20 03:36:35] Ep 111073113 | Sub 56358210 | State: EpisodeState.COMPLETED | Created: 2026-09-20 03:33:44 | Elo: 2362.6
[2026-09-20 03:54:11] Ep 111078316 | Sub 56351518 | State: EpisodeState.COMPLETED | Created: 2026-09-20 03:49:50 | Elo: 2425.5
[2026-09-20 03:58:30] Ep 111079395 | Sub 56358210 | State: EpisodeState.COMPLETED | Created: 2026-09-20 03:53:46 | Elo: 2358.4
[2026-09-20 04:02:54] Ep 111080458 | Sub 56358210 | State: EpisodeState.COMPLETED | Created: 2026-09-20 03:57:46 | Elo: 2353.7
[2026-09-20 04:18:17] Ep 111084787 | Sub 56351518 | State: EpisodeState.COMPLETED | Created: 2026-09-20 04:13:46 | Elo: 2421.2
[2026-09-20 04:22:40] Ep 111085217 | Sub 56351518 | State: EpisodeState.COMPLETED | Created: 2026-09-20 04:17:45 | Elo: 2417.6
[2026-09-20 04:26:57] Ep 111086960 | Sub 56358210 | State: EpisodeState.COMPLETED | Created: 2026-09-20 04:21:46 | Elo: 2350.5
[2026-09-20 04:35:43] Ep 111089425 | Sub 56358210 | State: EpisodeState.COMPLETED | Created: 2026-09-20 04:29:47 | Elo: 2360.9
[2026-09-20 04:35:43] Ep 111089317 | Sub 56358210 | State: EpisodeState.COMPLETED | Created: 2026-09-20 04:29:47 | Elo: 2360.9
[2026-09-20 04:42:19] Ep 111091496 | Sub 56351518 | State: EpisodeState.COMPLETED | Created: 2026-09-20 04:37:47 | Elo: 2421.7
[2026-09-20 04:48:47] Ep 111093880 | Sub 56380718 | State: EpisodeState.COMPLETED | Created: 2026-09-20 04:46:25 | Elo: 600.0
[2026-09-20 04:53:09] Ep 111094072 | Sub 56380718 | State: EpisodeState.COMPLETED | Created: 2026-09-20 04:49:45 | Elo: 715.6
[2026-09-20 04:57:36] Ep 111095790 | Sub 56358210 | State: EpisodeState.COMPLETED | Created: 2026-09-20 04:53:46 | Elo: 2366.1
[2026-09-20 04:59:43] Ep 111095132 | Sub 56380718 | State: EpisodeState.COMPLETED | Created: 2026-09-20 04:53:45 | Elo: 836.2
[2026-09-20 04:59:48] Ep 111095707 | Sub 56358210 | State: EpisodeState.COMPLETED | Created: 2026-09-20 04:53:46 | Elo: 2360.6
[2026-09-20 05:04:05] Ep 111096237 | Sub 56380718 | State: EpisodeState.COMPLETED | Created: 2026-09-20 04:57:45 | Elo: 927.1
[2026-09-20 05:06:16] Ep 111097327 | Sub 56380718 | State: EpisodeState.COMPLETED | Created: 2026-09-20 05:01:45 | Elo: 1051.9
[2026-09-20 05:08:26] Ep 111098377 | Sub 56380718 | State: EpisodeState.COMPLETED | Created: 2026-09-20 05:05:45 | Elo: 1145.9
[2026-09-20 05:12:46] Ep 111099460 | Sub 56380718 | State: EpisodeState.COMPLETED | Created: 2026-09-20 05:09:44 | Elo: 1267.3
[2026-09-20 05:12:51] Ep 111100338 | Sub 56358210 | State: EpisodeState.COMPLETED | Created: 2026-09-20 05:09:46 | Elo: 2364.2
[2026-09-20 05:17:08] Ep 111100550 | Sub 56380718 | State: EpisodeState.COMPLETED | Created: 2026-09-20 05:13:44 | Elo: 1399.5
[2026-09-20 05:21:30] Ep 111101627 | Sub 56380718 | State: EpisodeState.COMPLETED | Created: 2026-09-20 05:17:44 | Elo: 1519.1
[2026-09-20 05:25:53] Ep 111102717 | Sub 56380718 | State: EpisodeState.COMPLETED | Created: 2026-09-20 05:21:45 | Elo: 1641.3
[2026-09-20 05:30:15] Ep 111103805 | Sub 56380718 | State: EpisodeState.COMPLETED | Created: 2026-09-20 05:25:47 | Elo: 1702.5
[2026-09-20 05:34:37] Ep 111104898 | Sub 56380718 | State: EpisodeState.COMPLETED | Created: 2026-09-20 05:29:45 | Elo: 1817.9
[2026-09-20 05:36:49] Ep 111106426 | Sub 56380718 | State: EpisodeState.COMPLETED | Created: 2026-09-20 05:33:45 | Elo: 1878.6
[2026-09-20 05:36:53] Ep 111106635 | Sub 56358210 | State: EpisodeState.COMPLETED | Created: 2026-09-20 05:33:45 | Elo: 2368.2
[2026-09-20 05:41:10] Ep 111105992 | Sub 56380718 | State: EpisodeState.COMPLETED | Created: 2026-09-20 05:33:44 | Elo: 1949.1
[2026-09-20 05:43:21] Ep 111107086 | Sub 56380718 | State: EpisodeState.COMPLETED | Created: 2026-09-20 05:37:44 | Elo: 2014.4
[2026-09-20 05:45:32] Ep 111108185 | Sub 56380718 | State: EpisodeState.COMPLETED | Created: 2026-09-20 05:41:44 | Elo: 2115.6
[2026-09-20 05:49:54] Ep 111109308 | Sub 56380718 | State: EpisodeState.COMPLETED | Created: 2026-09-20 05:45:46 | Elo: 2019.8
[2026-09-20 05:49:59] Ep 111109346 | Sub 56358210 | State: EpisodeState.COMPLETED | Created: 2026-09-20 05:45:46 | Elo: 2372.4
[2026-09-20 05:54:16] Ep 111110428 | Sub 56380718 | State: EpisodeState.COMPLETED | Created: 2026-09-20 05:49:45 | Elo: 2086.1
[2026-09-20 05:58:39] Ep 111111544 | Sub 56380718 | State: EpisodeState.COMPLETED | Created: 2026-09-20 05:53:45 | Elo: 2023.6
[2026-09-20 06:00:51] Ep 111112662 | Sub 56380718 | State: EpisodeState.COMPLETED | Created: 2026-09-20 05:57:44 | Elo: 2069.0
[2026-09-20 06:05:13] Ep 111113871 | Sub 56380718 | State: EpisodeState.COMPLETED | Created: 2026-09-20 06:01:46 | Elo: 2115.5
[2026-09-20 06:07:24] Ep 111113803 | Sub 56380718 | State: EpisodeState.COMPLETED | Created: 2026-09-20 06:01:46 | Elo: 2151.0
[2026-09-20 06:09:40] Ep 111115652 | Sub 56358210 | State: EpisodeState.COMPLETED | Created: 2026-09-20 06:05:49 | Elo: 2382.2
[2026-09-20 06:09:40] Ep 111115500 | Sub 56358210 | State: EpisodeState.COMPLETED | Created: 2026-09-20 06:05:49 | Elo: 2382.2
[2026-09-20 06:11:46] Ep 111114957 | Sub 56380718 | State: EpisodeState.COMPLETED | Created: 2026-09-20 06:05:48 | Elo: 2187.5
[2026-09-20 06:16:07] Ep 111117175 | Sub 56380718 | State: EpisodeState.COMPLETED | Created: 2026-09-20 06:13:44 | Elo: 2136.9
[2026-09-20 06:16:07] Ep 111116071 | Sub 56380718 | State: EpisodeState.COMPLETED | Created: 2026-09-20 06:09:45 | Elo: 2136.9
[2026-09-20 06:22:38] Ep 111118283 | Sub 56380718 | State: EpisodeState.COMPLETED | Created: 2026-09-20 06:17:44 | Elo: 2167.3
[2026-09-20 06:27:04] Ep 111119615 | Sub 56358210 | State: EpisodeState.COMPLETED | Created: 2026-09-20 06:21:45 | Elo: 2387.0
[2026-09-20 06:29:10] Ep 111120479 | Sub 56380718 | State: EpisodeState.COMPLETED | Created: 2026-09-20 06:25:44 | Elo: 2252.1
[2026-09-20 06:29:10] Ep 111120731 | Sub 56380718 | State: EpisodeState.COMPLETED | Created: 2026-09-20 06:25:45 | Elo: 2252.1
[2026-09-20 06:29:10] Ep 111119394 | Sub 56380718 | State: EpisodeState.COMPLETED | Created: 2026-09-20 06:21:45 | Elo: 2252.1
[2026-09-20 06:33:30] Ep 111121640 | Sub 56380718 | State: EpisodeState.COMPLETED | Created: 2026-09-20 06:29:45 | Elo: 2270.3
[2026-09-20 06:35:41] Ep 111121451 | Sub 56380718 | State: EpisodeState.COMPLETED | Created: 2026-09-20 06:29:44 | Elo: 2252.9
[2026-09-20 06:40:04] Ep 111122726 | Sub 56380718 | State: EpisodeState.COMPLETED | Created: 2026-09-20 06:33:44 | Elo: 2268.7
[2026-09-20 06:40:08] Ep 111123928 | Sub 56358210 | State: EpisodeState.COMPLETED | Created: 2026-09-20 06:37:45 | Elo: 2387.0
[2026-09-20 06:42:15] Ep 111123829 | Sub 56380718 | State: EpisodeState.COMPLETED | Created: 2026-09-20 06:37:45 | Elo: 2282.2
[2026-09-20 06:42:19] Ep 111124453 | Sub 56358210 | State: EpisodeState.COMPLETED | Created: 2026-09-20 06:37:46 | Elo: 2395.1
[2026-09-20 06:46:38] Ep 111125016 | Sub 56380718 | State: EpisodeState.COMPLETED | Created: 2026-09-20 06:41:45 | Elo: 2297.3
[2026-09-20 06:48:49] Ep 111126046 | Sub 56380718 | State: EpisodeState.COMPLETED | Created: 2026-09-20 06:45:46 | Elo: 2295.7
[2026-09-20 06:48:49] Ep 111124938 | Sub 56380718 | State: EpisodeState.COMPLETED | Created: 2026-09-20 06:41:45 | Elo: 2295.7
[2026-09-20 06:48:53] Ep 111125485 | Sub 56358210 | State: EpisodeState.COMPLETED | Created: 2026-09-20 06:41:46 | Elo: 2400.8
[2026-09-20 06:53:10] Ep 111127179 | Sub 56380718 | State: EpisodeState.COMPLETED | Created: 2026-09-20 06:49:45 | Elo: 2312.0
[2026-09-20 06:57:32] Ep 111128311 | Sub 56380718 | State: EpisodeState.COMPLETED | Created: 2026-09-20 06:53:48 | Elo: 2326.3
[2026-09-20 07:01:55] Ep 111129408 | Sub 56380718 | State: EpisodeState.COMPLETED | Created: 2026-09-20 06:57:46 | Elo: 2339.4
[2026-09-20 07:06:16] Ep 111130479 | Sub 56380718 | State: EpisodeState.COMPLETED | Created: 2026-09-20 07:01:48 | Elo: 2352.8
[2026-09-20 07:10:38] Ep 111131628 | Sub 56380718 | State: EpisodeState.COMPLETED | Created: 2026-09-20 07:05:50 | Elo: 2360.5
[2026-09-20 07:10:42] Ep 111132092 | Sub 56358210 | State: EpisodeState.COMPLETED | Created: 2026-09-20 07:05:51 | Elo: 2405.0
[2026-09-20 07:15:00] Ep 111132735 | Sub 56380718 | State: EpisodeState.COMPLETED | Created: 2026-09-20 07:09:45 | Elo: 2371.4
[2026-09-20 07:19:22] Ep 111133843 | Sub 56380718 | State: EpisodeState.COMPLETED | Created: 2026-09-20 07:13:45 | Elo: 2389.8
[2026-09-20 07:19:22] Ep 111134570 | Sub 56380718 | State: EpisodeState.COMPLETED | Created: 2026-09-20 07:13:46 | Elo: 2389.8
[2026-09-20 07:23:44] Ep 111134957 | Sub 56380718 | State: EpisodeState.COMPLETED | Created: 2026-09-20 07:17:45 | Elo: 2399.1
[2026-09-20 07:23:48] Ep 111135837 | Sub 56358210 | State: EpisodeState.COMPLETED | Created: 2026-09-20 07:21:45 | Elo: 2402.4
[2026-09-20 07:25:54] Ep 111135834 | Sub 56380718 | State: EpisodeState.COMPLETED | Created: 2026-09-20 07:21:45 | Elo: 2403.2
[2026-09-20 07:25:54] Ep 111136074 | Sub 56380718 | State: EpisodeState.COMPLETED | Created: 2026-09-20 07:21:45 | Elo: 2403.2
[2026-09-20 07:30:14] Ep 111137186 | Sub 56380718 | State: EpisodeState.COMPLETED | Created: 2026-09-20 07:25:46 | Elo: 2413.0
[2026-09-20 07:30:19] Ep 111137601 | Sub 56358210 | State: EpisodeState.COMPLETED | Created: 2026-09-20 07:25:47 | Elo: 2397.0
[2026-09-20 07:32:26] Ep 111138301 | Sub 56380718 | State: EpisodeState.COMPLETED | Created: 2026-09-20 07:29:45 | Elo: 2424.3
[2026-09-20 07:36:46] Ep 111139409 | Sub 56380718 | State: EpisodeState.COMPLETED | Created: 2026-09-20 07:33:45 | Elo: 2432.5
[2026-09-20 07:41:07] Ep 111140521 | Sub 56380718 | State: EpisodeState.COMPLETED | Created: 2026-09-20 07:37:46 | Elo: 2426.0
[2026-09-20 07:47:40] Ep 111142712 | Sub 56380718 | State: EpisodeState.COMPLETED | Created: 2026-09-20 07:45:48 | Elo: 2429.0
[2026-09-20 07:47:40] Ep 111141621 | Sub 56380718 | State: EpisodeState.COMPLETED | Created: 2026-09-20 07:41:45 | Elo: 2429.0
[2026-09-20 07:52:04] Ep 111144150 | Sub 56358210 | State: EpisodeState.COMPLETED | Created: 2026-09-20 07:49:49 | Elo: 2402.0
[2026-09-20 07:54:11] Ep 111143827 | Sub 56380718 | State: EpisodeState.COMPLETED | Created: 2026-09-20 07:49:48 | Elo: 2436.4
[2026-09-20 07:56:22] Ep 111144941 | Sub 56380718 | State: EpisodeState.COMPLETED | Created: 2026-09-20 07:53:45 | Elo: 2443.8
[2026-09-20 08:00:43] Ep 111146055 | Sub 56380718 | State: EpisodeState.COMPLETED | Created: 2026-09-20 07:57:45 | Elo: 2453.8
[2026-09-20 08:02:54] Ep 111146151 | Sub 56380718 | State: EpisodeState.COMPLETED | Created: 2026-09-20 07:57:45 | Elo: 2448.8
[2026-09-20 08:07:14] Ep 111147167 | Sub 56380718 | State: EpisodeState.COMPLETED | Created: 2026-09-20 08:01:45 | Elo: 2454.4
[2026-09-20 08:09:26] Ep 111148282 | Sub 56380718 | State: EpisodeState.COMPLETED | Created: 2026-09-20 08:05:48 | Elo: 2462.0
[2026-09-20 08:11:36] Ep 111149410 | Sub 56380718 | State: EpisodeState.COMPLETED | Created: 2026-09-20 08:09:45 | Elo: 2467.3
[2026-09-20 08:18:09] Ep 111150516 | Sub 56380718 | State: EpisodeState.COMPLETED | Created: 2026-09-20 08:13:45 | Elo: 2473.5
[2026-09-20 08:18:13] Ep 111150762 | Sub 56358210 | State: EpisodeState.COMPLETED | Created: 2026-09-20 08:13:46 | Elo: 2406.6
[2026-09-20 08:20:20] Ep 111150644 | Sub 56380718 | State: EpisodeState.COMPLETED | Created: 2026-09-20 08:13:46 | Elo: 2477.6
[2026-09-20 08:22:31] Ep 111151626 | Sub 56380718 | State: EpisodeState.COMPLETED | Created: 2026-09-20 08:17:45 | Elo: 2467.0
[2026-09-20 08:22:31] Ep 111151492 | Sub 56380718 | State: EpisodeState.COMPLETED | Created: 2026-09-20 08:17:45 | Elo: 2467.0
[2026-09-20 08:26:54] Ep 111152748 | Sub 56380718 | State: EpisodeState.COMPLETED | Created: 2026-09-20 08:21:46 | Elo: 2473.1
[2026-09-20 08:26:58] Ep 111152403 | Sub 56358210 | State: EpisodeState.COMPLETED | Created: 2026-09-20 08:21:45 | Elo: 2397.1
[2026-09-20 08:26:58] Ep 111152483 | Sub 56358210 | State: EpisodeState.COMPLETED | Created: 2026-09-20 08:21:45 | Elo: 2397.1
[2026-09-20 08:31:18] Ep 111153848 | Sub 56380718 | State: EpisodeState.COMPLETED | Created: 2026-09-20 08:25:47 | Elo: 2478.4
[2026-09-20 08:33:33] Ep 111155179 | Sub 56358210 | State: EpisodeState.COMPLETED | Created: 2026-09-20 08:29:46 | Elo: 2400.4
[2026-09-20 08:35:40] Ep 111154967 | Sub 56380718 | State: EpisodeState.COMPLETED | Created: 2026-09-20 08:29:45 | Elo: 2484.5
[2026-09-20 08:40:04] Ep 111157179 | Sub 56380718 | State: EpisodeState.COMPLETED | Created: 2026-09-20 08:37:45 | Elo: 2495.5
[2026-09-20 08:40:04] Ep 111156066 | Sub 56380718 | State: EpisodeState.COMPLETED | Created: 2026-09-20 08:33:45 | Elo: 2495.5
[2026-09-20 08:46:38] Ep 111158294 | Sub 56380718 | State: EpisodeState.COMPLETED | Created: 2026-09-20 08:41:46 | Elo: 2499.8
[2026-09-20 08:51:01] Ep 111159397 | Sub 56380718 | State: EpisodeState.COMPLETED | Created: 2026-09-20 08:45:46 | Elo: 2506.5
[2026-09-20 08:53:12] Ep 111160522 | Sub 56380718 | State: EpisodeState.COMPLETED | Created: 2026-09-20 08:49:45 | Elo: 2512.0
[2026-09-20 08:55:24] Ep 111160705 | Sub 56380718 | State: EpisodeState.COMPLETED | Created: 2026-09-20 08:49:46 | Elo: 2516.4
[2026-09-20 08:57:35] Ep 111161629 | Sub 56380718 | State: EpisodeState.COMPLETED | Created: 2026-09-20 08:53:50 | Elo: 2520.1
[2026-09-20 08:57:40] Ep 111161452 | Sub 56358210 | State: EpisodeState.COMPLETED | Created: 2026-09-20 08:53:49 | Elo: 2396.0
[2026-09-20 08:59:50] Ep 111161866 | Sub 56358210 | State: EpisodeState.COMPLETED | Created: 2026-09-20 08:53:50 | Elo: 2386.7
[2026-09-20 08:59:50] Ep 111161230 | Sub 56358210 | State: EpisodeState.COMPLETED | Created: 2026-09-20 08:53:49 | Elo: 2386.7
[2026-09-20 09:01:57] Ep 111162749 | Sub 56380718 | State: EpisodeState.COMPLETED | Created: 2026-09-20 08:57:54 | Elo: 2525.0
[2026-09-20 09:04:07] Ep 111162911 | Sub 56380718 | State: EpisodeState.COMPLETED | Created: 2026-09-20 08:57:54 | Elo: 2530.3
[2026-09-20 09:06:19] Ep 111163851 | Sub 56380718 | State: EpisodeState.COMPLETED | Created: 2026-09-20 09:01:49 | Elo: 2535.4
[2026-09-20 09:10:40] Ep 111164963 | Sub 56380718 | State: EpisodeState.COMPLETED | Created: 2026-09-20 09:05:52 | Elo: 2544.3
[2026-09-20 09:10:40] Ep 111164928 | Sub 56380718 | State: EpisodeState.COMPLETED | Created: 2026-09-20 09:05:52 | Elo: 2544.3
[2026-09-20 09:21:41] Ep 111168449 | Sub 56358210 | State: EpisodeState.COMPLETED | Created: 2026-09-20 09:17:51 | Elo: 2392.3
[2026-09-20 09:23:52] Ep 111168689 | Sub 56358210 | State: EpisodeState.COMPLETED | Created: 2026-09-20 09:17:52 | Elo: 2387.7
[2026-09-20 09:30:19] Ep 111170804 | Sub 56380718 | State: EpisodeState.COMPLETED | Created: 2026-09-20 09:25:47 | Elo: 2549.0
[2026-09-20 09:41:17] Ep 111173608 | Sub 56358210 | State: EpisodeState.COMPLETED | Created: 2026-09-20 09:37:45 | Elo: 2384.5
[2026-09-20 09:43:24] Ep 111173635 | Sub 56380718 | State: EpisodeState.COMPLETED | Created: 2026-09-20 09:37:45 | Elo: 2553.2
[2026-09-20 09:45:39] Ep 111174528 | Sub 56358210 | State: EpisodeState.COMPLETED | Created: 2026-09-20 09:41:45 | Elo: 2379.1
[2026-09-20 09:49:55] Ep 111175734 | Sub 56380718 | State: EpisodeState.COMPLETED | Created: 2026-09-20 09:45:50 | Elo: 2557.4
[2026-09-20 10:02:59] Ep 111179459 | Sub 56380718 | State: EpisodeState.COMPLETED | Created: 2026-09-20 09:57:46 | Elo: 2562.1
[2026-09-20 10:09:35] Ep 111181659 | Sub 56358210 | State: EpisodeState.COMPLETED | Created: 2026-09-20 10:05:49 | Elo: 2382.8
[2026-09-20 10:13:56] Ep 111182565 | Sub 56358210 | State: EpisodeState.COMPLETED | Created: 2026-09-20 10:09:45 | Elo: 2377.0
[2026-09-20 10:29:08] Ep 111186154 | Sub 56380718 | State: EpisodeState.COMPLETED | Created: 2026-09-20 10:21:52 | Elo: 2557.6
[2026-09-20 10:37:56] Ep 111189469 | Sub 56358210 | State: EpisodeState.COMPLETED | Created: 2026-09-20 10:33:46 | Elo: 2372.2
[2026-09-20 10:50:55] Ep 111192883 | Sub 56380718 | State: EpisodeState.COMPLETED | Created: 2026-09-20 10:45:48 | Elo: 2552.8
[2026-09-20 10:59:45] Ep 111196160 | Sub 56358210 | State: EpisodeState.COMPLETED | Created: 2026-09-20 10:57:48 | Elo: 2368.0
[2026-09-20 11:12:46] Ep 111199542 | Sub 56380718 | State: EpisodeState.COMPLETED | Created: 2026-09-20 11:09:47 | Elo: 2557.8
[2026-09-20 11:12:51] Ep 111199508 | Sub 56358210 | State: EpisodeState.COMPLETED | Created: 2026-09-20 11:09:47 | Elo: 2372.9
[2026-09-20 11:23:39] Ep 111201323 | Sub 56380718 | State: EpisodeState.COMPLETED | Created: 2026-09-20 11:17:46 | Elo: 2562.8
[2026-09-20 11:36:46] Ep 111204583 | Sub 56380718 | State: EpisodeState.COMPLETED | Created: 2026-09-20 11:29:45 | Elo: 2567.1
[2026-09-20 11:39:02] Ep 111206227 | Sub 56358210 | State: EpisodeState.COMPLETED | Created: 2026-09-20 11:33:47 | Elo: 2369.3
[2026-09-20 11:45:36] Ep 111207878 | Sub 56358210 | State: EpisodeState.COMPLETED | Created: 2026-09-20 11:41:46 | Elo: 2366.1
[2026-09-20 12:00:52] Ep 111211609 | Sub 56380718 | State: EpisodeState.COMPLETED | Created: 2026-09-20 11:53:48 | Elo: 2570.4
[2026-09-20 12:11:46] Ep 111214570 | Sub 56380718 | State: EpisodeState.COMPLETED | Created: 2026-09-20 12:05:47 | Elo: 2566.1
[2026-09-20 12:11:52] Ep 111214947 | Sub 56358210 | State: EpisodeState.COMPLETED | Created: 2026-09-20 12:05:48 | Elo: 2361.4
[2026-09-20 12:27:04] Ep 111218898 | Sub 56380718 | State: EpisodeState.COMPLETED | Created: 2026-09-20 12:21:45 | Elo: 2561.0
[2026-09-20 12:27:08] Ep 111218709 | Sub 56358210 | State: EpisodeState.COMPLETED | Created: 2026-09-20 12:21:45 | Elo: 2356.9
[2026-09-20 12:31:29] Ep 111219903 | Sub 56358210 | State: EpisodeState.COMPLETED | Created: 2026-09-20 12:25:47 | Elo: 2352.5
[2026-09-20 12:38:02] Ep 111221950 | Sub 56358210 | State: EpisodeState.COMPLETED | Created: 2026-09-20 12:33:46 | Elo: 2349.3
[2026-09-20 12:48:53] Ep 111225946 | Sub 56380718 | State: EpisodeState.COMPLETED | Created: 2026-09-20 12:45:49 | Elo: 2566.3
[2026-09-20 12:51:04] Ep 111225449 | Sub 56380718 | State: EpisodeState.COMPLETED | Created: 2026-09-20 12:45:47 | Elo: 2561.4
[2026-09-20 12:53:15] Ep 111226708 | Sub 56380718 | State: EpisodeState.COMPLETED | Created: 2026-09-20 12:49:46 | Elo: 2566.0
[2026-09-20 13:02:02] Ep 111229227 | Sub 56358210 | State: EpisodeState.COMPLETED | Created: 2026-09-20 12:57:47 | Elo: 2346.2
[2026-09-20 13:12:58] Ep 111231966 | Sub 56358210 | State: EpisodeState.COMPLETED | Created: 2026-09-20 13:09:45 | Elo: 2340.9
[2026-09-20 13:15:09] Ep 111232048 | Sub 56358210 | State: EpisodeState.COMPLETED | Created: 2026-09-20 13:09:45 | Elo: 2337.2
[2026-09-20 13:17:14] Ep 111232326 | Sub 56380718 | State: EpisodeState.COMPLETED | Created: 2026-09-20 13:09:46 | Elo: 2571.2
[2026-09-20 13:25:59] Ep 111235409 | Sub 56380718 | State: EpisodeState.COMPLETED | Created: 2026-09-20 13:21:46 | Elo: 2565.8
[2026-09-20 13:32:32] Ep 111237205 | Sub 56395527 | State: EpisodeState.COMPLETED | Created: 2026-09-20 13:27:13 | Elo: 600.0
[2026-09-20 13:37:00] Ep 111238900 | Sub 56380718 | State: EpisodeState.COMPLETED | Created: 2026-09-20 13:33:46 | Elo: 2570.9
[2026-09-20 13:39:07] Ep 111238470 | Sub 56395527 | State: EpisodeState.COMPLETED | Created: 2026-09-20 13:33:45 | Elo: 699.2
[2026-09-20 13:41:18] Ep 111239588 | Sub 56395527 | State: EpisodeState.COMPLETED | Created: 2026-09-20 13:37:45 | Elo: 790.4
[2026-09-20 13:47:51] Ep 111240667 | Sub 56395527 | State: EpisodeState.COMPLETED | Created: 2026-09-20 13:41:45 | Elo: 865.5
[2026-09-20 13:50:03] Ep 111241779 | Sub 56395527 | State: EpisodeState.COMPLETED | Created: 2026-09-20 13:45:49 | Elo: 956.0
[2026-09-20 13:54:23] Ep 111242860 | Sub 56395527 | State: EpisodeState.COMPLETED | Created: 2026-09-20 13:49:45 | Elo: 1034.5
[2026-09-20 13:56:33] Ep 111243945 | Sub 56395527 | State: EpisodeState.COMPLETED | Created: 2026-09-20 13:53:45 | Elo: 1140.9
[2026-09-20 14:03:06] Ep 111245039 | Sub 56395527 | State: EpisodeState.COMPLETED | Created: 2026-09-20 13:57:45 | Elo: 1229.2
[2026-09-20 14:03:10] Ep 111245794 | Sub 56380718 | State: EpisodeState.COMPLETED | Created: 2026-09-20 13:57:46 | Elo: 2570.8
[2026-09-20 14:03:10] Ep 111245449 | Sub 56380718 | State: EpisodeState.COMPLETED | Created: 2026-09-20 13:57:46 | Elo: 2570.8
[2026-09-20 14:05:16] Ep 111246141 | Sub 56395527 | State: EpisodeState.COMPLETED | Created: 2026-09-20 14:01:45 | Elo: 1334.7
[2026-09-20 14:09:37] Ep 111247222 | Sub 56395527 | State: EpisodeState.COMPLETED | Created: 2026-09-20 14:05:47 | Elo: 1461.5
[2026-09-20 14:14:00] Ep 111248331 | Sub 56395527 | State: EpisodeState.COMPLETED | Created: 2026-09-20 14:09:45 | Elo: 1648.3
[2026-09-20 14:14:00] Ep 111248719 | Sub 56395527 | State: EpisodeState.COMPLETED | Created: 2026-09-20 14:09:46 | Elo: 1648.3
[2026-09-20 14:16:12] Ep 111249425 | Sub 56395527 | State: EpisodeState.COMPLETED | Created: 2026-09-20 14:13:45 | Elo: 1749.9
[2026-09-20 14:20:39] Ep 111251438 | Sub 56380718 | State: EpisodeState.COMPLETED | Created: 2026-09-20 14:17:46 | Elo: 2573.7
[2026-09-20 14:22:46] Ep 111250527 | Sub 56395527 | State: EpisodeState.COMPLETED | Created: 2026-09-20 14:17:44 | Elo: 1856.2
[2026-09-20 14:24:58] Ep 111252467 | Sub 56395527 | State: EpisodeState.COMPLETED | Created: 2026-09-20 14:21:46 | Elo: 2044.4
[2026-09-20 14:24:58] Ep 111251621 | Sub 56395527 | State: EpisodeState.COMPLETED | Created: 2026-09-20 14:21:45 | Elo: 2044.4
[2026-09-20 14:25:03] Ep 111251840 | Sub 56380718 | State: EpisodeState.COMPLETED | Created: 2026-09-20 14:21:45 | Elo: 2577.8
[2026-09-20 14:31:30] Ep 111252735 | Sub 56395527 | State: EpisodeState.COMPLETED | Created: 2026-09-20 14:25:46 | Elo: 2138.5
[2026-09-20 14:35:53] Ep 111253834 | Sub 56395527 | State: EpisodeState.COMPLETED | Created: 2026-09-20 14:29:45 | Elo: 2199.3
[2026-09-20 14:40:14] Ep 111254968 | Sub 56395527 | State: EpisodeState.COMPLETED | Created: 2026-09-20 14:33:45 | Elo: 2268.2
[2026-09-20 14:42:26] Ep 111256115 | Sub 56395527 | State: EpisodeState.COMPLETED | Created: 2026-09-20 14:37:45 | Elo: 2341.7
[2026-09-20 14:42:31] Ep 111256787 | Sub 56380718 | State: EpisodeState.COMPLETED | Created: 2026-09-20 14:37:46 | Elo: 2582.5
[2026-09-20 14:44:38] Ep 111257236 | Sub 56395527 | State: EpisodeState.COMPLETED | Created: 2026-09-20 14:41:45 | Elo: 2214.9
[2026-09-20 14:44:38] Ep 111257517 | Sub 56395527 | State: EpisodeState.COMPLETED | Created: 2026-09-20 14:41:45 | Elo: 2214.9
[2026-09-20 14:51:11] Ep 111258426 | Sub 56395527 | State: EpisodeState.COMPLETED | Created: 2026-09-20 14:45:48 | Elo: 2264.3
[2026-09-20 14:53:23] Ep 111260132 | Sub 56395527 | State: EpisodeState.COMPLETED | Created: 2026-09-20 14:49:46 | Elo: 2294.1
[2026-09-20 14:55:35] Ep 111259537 | Sub 56395527 | State: EpisodeState.COMPLETED | Created: 2026-09-20 14:49:45 | Elo: 2320.8
[2026-09-20 14:55:40] Ep 111260353 | Sub 56380718 | State: EpisodeState.COMPLETED | Created: 2026-09-20 14:49:46 | Elo: 2585.7
[2026-09-20 14:57:45] Ep 111260666 | Sub 56395527 | State: EpisodeState.COMPLETED | Created: 2026-09-20 14:53:47 | Elo: 2294.3
[2026-09-20 15:02:09] Ep 111262001 | Sub 56395527 | State: EpisodeState.COMPLETED | Created: 2026-09-20 14:57:45 | Elo: 2268.6
[2026-09-20 15:02:13] Ep 111262191 | Sub 56380718 | State: EpisodeState.COMPLETED | Created: 2026-09-20 14:57:46 | Elo: 2589.7
[2026-09-20 15:04:19] Ep 111262880 | Sub 56395527 | State: EpisodeState.COMPLETED | Created: 2026-09-20 15:01:46 | Elo: 2322.2
[2026-09-20 15:04:19] Ep 111261785 | Sub 56395527 | State: EpisodeState.COMPLETED | Created: 2026-09-20 14:57:45 | Elo: 2322.2
[2026-09-20 15:06:35] Ep 111262920 | Sub 56380718 | State: EpisodeState.COMPLETED | Created: 2026-09-20 15:01:46 | Elo: 2584.7
[2026-09-20 15:10:54] Ep 111264004 | Sub 56395527 | State: EpisodeState.COMPLETED | Created: 2026-09-20 15:05:47 | Elo: 2340.9
[2026-09-20 15:10:59] Ep 111264298 | Sub 56380718 | State: EpisodeState.COMPLETED | Created: 2026-09-20 15:05:48 | Elo: 2589.1
[2026-09-20 15:13:04] Ep 111265125 | Sub 56395527 | State: EpisodeState.COMPLETED | Created: 2026-09-20 15:09:47 | Elo: 2361.5
[2026-09-20 15:15:19] Ep 111265936 | Sub 56380718 | State: EpisodeState.COMPLETED | Created: 2026-09-20 15:09:49 | Elo: 2584.9
[2026-09-20 15:17:24] Ep 111266242 | Sub 56395527 | State: EpisodeState.COMPLETED | Created: 2026-09-20 15:13:45 | Elo: 2387.5
[2026-09-20 15:23:57] Ep 111267368 | Sub 56395527 | State: EpisodeState.COMPLETED | Created: 2026-09-20 15:17:45 | Elo: 2369.7
[2026-09-20 15:28:19] Ep 111268481 | Sub 56395527 | State: EpisodeState.COMPLETED | Created: 2026-09-20 15:21:45 | Elo: 2352.9
[2026-09-20 15:30:29] Ep 111269611 | Sub 56395527 | State: EpisodeState.COMPLETED | Created: 2026-09-20 15:25:45 | Elo: 2370.2
[2026-09-20 15:30:34] Ep 111270259 | Sub 56380718 | State: EpisodeState.COMPLETED | Created: 2026-09-20 15:25:47 | Elo: 2584.3
[2026-09-20 15:30:34] Ep 111269649 | Sub 56380718 | State: EpisodeState.COMPLETED | Created: 2026-09-20 15:25:46 | Elo: 2584.3
[2026-09-20 15:34:50] Ep 111270731 | Sub 56395527 | State: EpisodeState.COMPLETED | Created: 2026-09-20 15:29:46 | Elo: 2384.8
[2026-09-20 15:37:00] Ep 111271861 | Sub 56395527 | State: EpisodeState.COMPLETED | Created: 2026-09-20 15:33:46 | Elo: 2399.3
[2026-09-20 15:41:21] Ep 111272959 | Sub 56395527 | State: EpisodeState.COMPLETED | Created: 2026-09-20 15:37:45 | Elo: 2387.9
[2026-09-20 15:43:33] Ep 111274081 | Sub 56395527 | State: EpisodeState.COMPLETED | Created: 2026-09-20 15:41:46 | Elo: 2400.0
[2026-09-20 15:52:18] Ep 111275199 | Sub 56395527 | State: EpisodeState.COMPLETED | Created: 2026-09-20 15:45:47 | Elo: 2412.7
[2026-09-20 15:56:40] Ep 111277415 | Sub 56395527 | State: EpisodeState.COMPLETED | Created: 2026-09-20 15:53:45 | Elo: 2435.2
[2026-09-20 15:56:40] Ep 111276299 | Sub 56395527 | State: EpisodeState.COMPLETED | Created: 2026-09-20 15:49:45 | Elo: 2435.2
[2026-09-20 15:56:45] Ep 111277856 | Sub 56380718 | State: EpisodeState.COMPLETED | Created: 2026-09-20 15:53:46 | Elo: 2589.0
[2026-09-20 16:01:04] Ep 111278544 | Sub 56395527 | State: EpisodeState.COMPLETED | Created: 2026-09-20 15:57:46 | Elo: 2444.9
[2026-09-20 16:09:49] Ep 111279671 | Sub 56395527 | State: EpisodeState.COMPLETED | Created: 2026-09-20 16:01:46 | Elo: 2453.0
[2026-09-20 16:12:00] Ep 111281911 | Sub 56395527 | State: EpisodeState.COMPLETED | Created: 2026-09-20 16:09:46 | Elo: 2464.0
[2026-09-20 16:12:04] Ep 111280948 | Sub 56380718 | State: EpisodeState.COMPLETED | Created: 2026-09-20 16:05:46 | Elo: 2592.6
[2026-09-20 16:14:12] Ep 111281948 | Sub 56395527 | State: EpisodeState.COMPLETED | Created: 2026-09-20 16:09:46 | Elo: 2481.8
[2026-09-20 16:14:12] Ep 111280787 | Sub 56395527 | State: EpisodeState.COMPLETED | Created: 2026-09-20 16:05:46 | Elo: 2481.8
[2026-09-20 16:18:32] Ep 111283056 | Sub 56395527 | State: EpisodeState.COMPLETED | Created: 2026-09-20 16:13:46 | Elo: 2473.1
[2026-09-20 16:20:44] Ep 111282968 | Sub 56395527 | State: EpisodeState.COMPLETED | Created: 2026-09-20 16:13:46 | Elo: 2481.5
[2026-09-20 16:22:54] Ep 111284185 | Sub 56395527 | State: EpisodeState.COMPLETED | Created: 2026-09-20 16:17:46 | Elo: 2472.8
[2026-09-20 16:27:18] Ep 111285322 | Sub 56395527 | State: EpisodeState.COMPLETED | Created: 2026-09-20 16:21:46 | Elo: 2480.4
[2026-09-20 16:29:34] Ep 111286906 | Sub 56380718 | State: EpisodeState.COMPLETED | Created: 2026-09-20 16:25:50 | Elo: 2588.2
[2026-09-20 16:31:39] Ep 111286413 | Sub 56395527 | State: EpisodeState.COMPLETED | Created: 2026-09-20 16:25:49 | Elo: 2471.7
[2026-09-20 16:33:50] Ep 111287536 | Sub 56395527 | State: EpisodeState.COMPLETED | Created: 2026-09-20 16:29:46 | Elo: 2481.8
[2026-09-20 16:36:02] Ep 111288114 | Sub 56395527 | State: EpisodeState.COMPLETED | Created: 2026-09-20 16:29:47 | Elo: 2489.7
[2026-09-20 16:36:07] Ep 111288013 | Sub 56380718 | State: EpisodeState.COMPLETED | Created: 2026-09-20 16:29:47 | Elo: 2591.9
[2026-09-20 16:38:14] Ep 111288664 | Sub 56395527 | State: EpisodeState.COMPLETED | Created: 2026-09-20 16:33:45 | Elo: 2496.1
[2026-09-20 16:40:26] Ep 111289775 | Sub 56395527 | State: EpisodeState.COMPLETED | Created: 2026-09-20 16:37:46 | Elo: 2508.5
[2026-09-20 16:40:26] Ep 111288601 | Sub 56395527 | State: EpisodeState.COMPLETED | Created: 2026-09-20 16:33:45 | Elo: 2508.5
[2026-09-20 16:44:52] Ep 111291396 | Sub 56380718 | State: EpisodeState.COMPLETED | Created: 2026-09-20 16:41:48 | Elo: 2595.9
[2026-09-20 16:49:11] Ep 111292006 | Sub 56395527 | State: EpisodeState.COMPLETED | Created: 2026-09-20 16:45:48 | Elo: 2521.3
[2026-09-20 16:49:11] Ep 111290889 | Sub 56395527 | State: EpisodeState.COMPLETED | Created: 2026-09-20 16:41:46 | Elo: 2521.3
[2026-09-20 16:55:44] Ep 111293120 | Sub 56395527 | State: EpisodeState.COMPLETED | Created: 2026-09-20 16:49:46 | Elo: 2527.4
[2026-09-20 17:02:20] Ep 111294225 | Sub 56395527 | State: EpisodeState.COMPLETED | Created: 2026-09-20 16:53:46 | Elo: 2541.0
[2026-09-20 17:02:20] Ep 111295345 | Sub 56395527 | State: EpisodeState.COMPLETED | Created: 2026-09-20 16:57:46 | Elo: 2541.0
[2026-09-20 17:06:41] Ep 111296478 | Sub 56395527 | State: EpisodeState.COMPLETED | Created: 2026-09-20 17:01:48 | Elo: 2545.9
[2026-09-20 17:08:56] Ep 111297589 | Sub 56395527 | State: EpisodeState.COMPLETED | Created: 2026-09-20 17:05:47 | Elo: 2549.3
[2026-09-20 17:13:19] Ep 111298700 | Sub 56395527 | State: EpisodeState.COMPLETED | Created: 2026-09-20 17:09:46 | Elo: 2564.3
[2026-09-20 17:13:19] Ep 111298546 | Sub 56395527 | State: EpisodeState.COMPLETED | Created: 2026-09-20 17:09:46 | Elo: 2564.3
[2026-09-20 17:13:24] Ep 111299137 | Sub 56380718 | State: EpisodeState.COMPLETED | Created: 2026-09-20 17:09:47 | Elo: 2589.8
[2026-09-20 17:15:36] Ep 111298975 | Sub 56380718 | State: EpisodeState.COMPLETED | Created: 2026-09-20 17:09:47 | Elo: 2593.9
[2026-09-20 17:17:43] Ep 111299828 | Sub 56395527 | State: EpisodeState.COMPLETED | Created: 2026-09-20 17:13:46 | Elo: 2568.2
[2026-09-20 17:19:56] Ep 111299505 | Sub 56380718 | State: EpisodeState.COMPLETED | Created: 2026-09-20 17:13:45 | Elo: 2590.1
[2026-09-20 17:22:02] Ep 111300952 | Sub 56395527 | State: EpisodeState.COMPLETED | Created: 2026-09-20 17:17:46 | Elo: 2572.9
[2026-09-20 17:22:06] Ep 111300877 | Sub 56380718 | State: EpisodeState.COMPLETED | Created: 2026-09-20 17:17:46 | Elo: 2593.1
[2026-09-20 17:24:14] Ep 111302063 | Sub 56395527 | State: EpisodeState.COMPLETED | Created: 2026-09-20 17:21:47 | Elo: 2578.2
[2026-09-20 17:24:18] Ep 111301828 | Sub 56380718 | State: EpisodeState.COMPLETED | Created: 2026-09-20 17:21:46 | Elo: 2589.5
[2026-09-20 17:32:59] Ep 111304293 | Sub 56395527 | State: EpisodeState.COMPLETED | Created: 2026-09-20 17:29:47 | Elo: 2576.3
[2026-09-20 17:32:59] Ep 111303190 | Sub 56395527 | State: EpisodeState.COMPLETED | Created: 2026-09-20 17:25:47 | Elo: 2576.3
[2026-09-20 17:37:23] Ep 111305419 | Sub 56395527 | State: EpisodeState.COMPLETED | Created: 2026-09-20 17:33:51 | Elo: 2580.8
[2026-09-20 17:43:56] Ep 111307663 | Sub 56395527 | State: EpisodeState.COMPLETED | Created: 2026-09-20 17:41:51 | Elo: 2589.4
[2026-09-20 17:43:56] Ep 111306545 | Sub 56395527 | State: EpisodeState.COMPLETED | Created: 2026-09-20 17:37:50 | Elo: 2589.4
[2026-09-20 17:48:23] Ep 111307221 | Sub 56380718 | State: EpisodeState.COMPLETED | Created: 2026-09-20 17:41:50 | Elo: 2585.1
[2026-09-20 17:50:30] Ep 111308771 | Sub 56395527 | State: EpisodeState.COMPLETED | Created: 2026-09-20 17:45:52 | Elo: 2585.9
[2026-09-20 17:54:51] Ep 111309878 | Sub 56395527 | State: EpisodeState.COMPLETED | Created: 2026-09-20 17:49:51 | Elo: 2591.3
[2026-09-20 17:57:02] Ep 111310815 | Sub 56395527 | State: EpisodeState.COMPLETED | Created: 2026-09-20 17:53:51 | Elo: 2587.6
[2026-09-20 17:59:14] Ep 111310803 | Sub 56395527 | State: EpisodeState.COMPLETED | Created: 2026-09-20 17:53:51 | Elo: 2591.9
[2026-09-20 18:01:24] Ep 111312154 | Sub 56395527 | State: EpisodeState.COMPLETED | Created: 2026-09-20 17:57:50 | Elo: 2596.3
[2026-09-20 18:08:04] Ep 111312857 | Sub 56380718 | State: EpisodeState.COMPLETED | Created: 2026-09-20 18:01:51 | Elo: 2582.2
[2026-09-20 18:18:59] Ep 111316644 | Sub 56380718 | State: EpisodeState.COMPLETED | Created: 2026-09-20 18:13:52 | Elo: 2586.3
[2026-09-20 18:25:29] Ep 111318990 | Sub 56395527 | State: EpisodeState.COMPLETED | Created: 2026-09-20 18:21:51 | Elo: 2605.8
[2026-09-20 18:25:29] Ep 111318964 | Sub 56395527 | State: EpisodeState.COMPLETED | Created: 2026-09-20 18:21:51 | Elo: 2605.8
[2026-09-20 18:29:52] Ep 111320147 | Sub 56395527 | State: EpisodeState.COMPLETED | Created: 2026-09-20 18:25:53 | Elo: 2609.8
[2026-09-20 18:43:06] Ep 111323439 | Sub 56380718 | State: EpisodeState.COMPLETED | Created: 2026-09-20 18:37:51 | Elo: 2591.0
[2026-09-20 18:53:58] Ep 111326845 | Sub 56395527 | State: EpisodeState.COMPLETED | Created: 2026-09-20 18:49:51 | Elo: 2614.2
[2026-09-20 19:05:01] Ep 111330163 | Sub 56380718 | State: EpisodeState.COMPLETED | Created: 2026-09-20 19:01:52 | Elo: 2595.1
[2026-09-20 19:15:56] Ep 111331614 | Sub 56380718 | State: EpisodeState.COMPLETED | Created: 2026-09-20 19:09:50 | Elo: 2591.0
[2026-09-20 19:24:36] Ep 111334235 | Sub 56395527 | State: EpisodeState.COMPLETED | Created: 2026-09-20 19:17:51 | Elo: 2618.9
[2026-09-20 19:35:37] Ep 111337886 | Sub 56380718 | State: EpisodeState.COMPLETED | Created: 2026-09-20 19:29:51 | Elo: 2595.5
[2026-09-20 19:40:00] Ep 111338216 | Sub 56380718 | State: EpisodeState.COMPLETED | Created: 2026-09-20 19:33:50 | Elo: 2592.8
[2026-09-20 19:44:19] Ep 111339319 | Sub 56395527 | State: EpisodeState.COMPLETED | Created: 2026-09-20 19:37:49 | Elo: 2614.4
[2026-09-20 19:55:16] Ep 111342508 | Sub 56395527 | State: EpisodeState.COMPLETED | Created: 2026-09-20 19:49:49 | Elo: 2614.5
[2026-09-20 19:55:16] Ep 111341548 | Sub 56395527 | State: EpisodeState.COMPLETED | Created: 2026-09-20 19:45:50 | Elo: 2614.5
[2026-09-20 19:59:44] Ep 111344356 | Sub 56380718 | State: EpisodeState.COMPLETED | Created: 2026-09-20 19:53:50 | Elo: 2597.7
[2026-09-20 20:17:13] Ep 111348690 | Sub 56395527 | State: EpisodeState.COMPLETED | Created: 2026-09-20 20:09:53 | Elo: 2619.8
[2026-09-20 20:23:52] Ep 111350714 | Sub 56380718 | State: EpisodeState.COMPLETED | Created: 2026-09-20 20:17:50 | Elo: 2600.3
[2026-09-20 20:30:21] Ep 111353269 | Sub 56395527 | State: EpisodeState.COMPLETED | Created: 2026-09-20 20:25:53 | Elo: 2623.5
[2026-09-20 20:39:12] Ep 111354743 | Sub 56380718 | State: EpisodeState.COMPLETED | Created: 2026-09-20 20:33:50 | Elo: 2596.9
[2026-09-20 20:45:47] Ep 111357389 | Sub 56380718 | State: EpisodeState.COMPLETED | Created: 2026-09-20 20:41:51 | Elo: 2601.2
[2026-09-20 20:56:39] Ep 111360823 | Sub 56395527 | State: EpisodeState.COMPLETED | Created: 2026-09-20 20:53:53 | Elo: 2635.0
[2026-09-20 20:56:39] Ep 111360750 | Sub 56395527 | State: EpisodeState.COMPLETED | Created: 2026-09-20 20:53:52 | Elo: 2635.0
[2026-09-20 20:56:39] Ep 111359580 | Sub 56395527 | State: EpisodeState.COMPLETED | Created: 2026-09-20 20:49:53 | Elo: 2635.0
[2026-09-20 21:07:39] Ep 111363041 | Sub 56380718 | State: EpisodeState.COMPLETED | Created: 2026-09-20 21:01:51 | Elo: 2606.0
[2026-09-20 21:14:08] Ep 111364966 | Sub 56395527 | State: EpisodeState.COMPLETED | Created: 2026-09-20 21:09:51 | Elo: 2635.0
[2026-09-20 21:20:41] Ep 111367427 | Sub 56395527 | State: EpisodeState.COMPLETED | Created: 2026-09-20 21:17:51 | Elo: 2637.2
[2026-09-20 21:27:19] Ep 111368524 | Sub 56380718 | State: EpisodeState.COMPLETED | Created: 2026-09-20 21:21:51 | Elo: 2611.0
[2026-09-20 21:44:48] Ep 111372902 | Sub 56395527 | State: EpisodeState.COMPLETED | Created: 2026-09-20 21:37:51 | Elo: 2633.3
[2026-09-20 21:47:04] Ep 111374222 | Sub 56380718 | State: EpisodeState.COMPLETED | Created: 2026-09-20 21:41:52 | Elo: 2609.5
[2026-09-20 21:47:04] Ep 111373467 | Sub 56380718 | State: EpisodeState.COMPLETED | Created: 2026-09-20 21:41:50 | Elo: 2609.5
[2026-09-20 21:47:04] Ep 111374036 | Sub 56380718 | State: EpisodeState.COMPLETED | Created: 2026-09-20 21:41:51 | Elo: 2609.5
[2026-09-20 21:51:22] Ep 111375384 | Sub 56395527 | State: EpisodeState.COMPLETED | Created: 2026-09-20 21:45:51 | Elo: 2637.3
[2026-09-20 21:53:39] Ep 111376173 | Sub 56380718 | State: EpisodeState.COMPLETED | Created: 2026-09-20 21:49:51 | Elo: 2612.1
[2026-09-20 21:57:57] Ep 111376936 | Sub 56395527 | State: EpisodeState.COMPLETED | Created: 2026-09-20 21:53:50 | Elo: 2633.7
[2026-09-20 21:58:02] Ep 111377390 | Sub 56380718 | State: EpisodeState.COMPLETED | Created: 2026-09-20 21:53:51 | Elo: 2607.2
[2026-09-20 22:08:54] Ep 111379168 | Sub 56395527 | State: EpisodeState.COMPLETED | Created: 2026-09-20 22:01:52 | Elo: 2638.3
[2026-09-20 22:17:42] Ep 111382648 | Sub 56380718 | State: EpisodeState.COMPLETED | Created: 2026-09-20 22:13:50 | Elo: 2603.5
[2026-09-20 22:22:00] Ep 111384057 | Sub 56395527 | State: EpisodeState.COMPLETED | Created: 2026-09-20 22:17:51 | Elo: 2643.8
[2026-09-20 22:24:17] Ep 111383787 | Sub 56380718 | State: EpisodeState.COMPLETED | Created: 2026-09-20 22:17:50 | Elo: 2607.6
[2026-09-20 22:30:49] Ep 111386353 | Sub 56380718 | State: EpisodeState.COMPLETED | Created: 2026-09-20 22:25:52 | Elo: 2611.1
[2026-09-20 22:32:56] Ep 111385646 | Sub 56395527 | State: EpisodeState.COMPLETED | Created: 2026-09-20 22:25:51 | Elo: 2648.4
[2026-09-20 22:41:39] Ep 111389715 | Sub 56395527 | State: EpisodeState.COMPLETED | Created: 2026-09-20 22:37:51 | Elo: 2653.0
[2026-09-20 22:50:28] Ep 111391443 | Sub 56380718 | State: EpisodeState.COMPLETED | Created: 2026-09-20 22:45:51 | Elo: 2610.7
[2026-09-20 22:50:28] Ep 111391452 | Sub 56380718 | State: EpisodeState.COMPLETED | Created: 2026-09-20 22:45:51 | Elo: 2610.7
[2026-09-20 22:54:44] Ep 111392458 | Sub 56395527 | State: EpisodeState.COMPLETED | Created: 2026-09-20 22:49:52 | Elo: 2655.3
[2026-09-20 23:01:18] Ep 111394340 | Sub 56395527 | State: EpisodeState.COMPLETED | Created: 2026-09-20 22:57:52 | Elo: 2658.7
[2026-09-20 23:03:35] Ep 111394684 | Sub 56380718 | State: EpisodeState.COMPLETED | Created: 2026-09-20 22:57:53 | Elo: 2605.5
[2026-09-20 23:07:51] Ep 111396697 | Sub 56395527 | State: EpisodeState.COMPLETED | Created: 2026-09-20 23:05:51 | Elo: 2657.7
[2026-09-20 23:07:51] Ep 111395451 | Sub 56395527 | State: EpisodeState.COMPLETED | Created: 2026-09-20 23:01:52 | Elo: 2657.7
[2026-09-20 23:12:18] Ep 111396685 | Sub 56380718 | State: EpisodeState.COMPLETED | Created: 2026-09-20 23:05:51 | Elo: 2610.1
[2026-09-20 23:25:19] Ep 111401428 | Sub 56395527 | State: EpisodeState.COMPLETED | Created: 2026-09-20 23:21:51 | Elo: 2657.3
[2026-09-20 23:25:19] Ep 111401399 | Sub 56395527 | State: EpisodeState.COMPLETED | Created: 2026-09-20 23:21:51 | Elo: 2657.3
[2026-09-20 23:25:24] Ep 111401423 | Sub 56380718 | State: EpisodeState.COMPLETED | Created: 2026-09-20 23:21:51 | Elo: 2610.8
[2026-09-20 23:25:24] Ep 111401741 | Sub 56380718 | State: EpisodeState.COMPLETED | Created: 2026-09-20 23:21:51 | Elo: 2610.8
[2026-09-20 23:29:46] Ep 111402865 | Sub 56380718 | State: EpisodeState.COMPLETED | Created: 2026-09-20 23:25:52 | Elo: 2606.1
[2026-09-20 23:42:53] Ep 111405945 | Sub 56395527 | State: EpisodeState.COMPLETED | Created: 2026-09-20 23:37:50 | Elo: 2661.6
[2026-09-20 23:42:57] Ep 111405820 | Sub 56380718 | State: EpisodeState.COMPLETED | Created: 2026-09-20 23:37:49 | Elo: 2610.2
[2026-09-20 23:56:01] Ep 111410450 | Sub 56395527 | State: EpisodeState.COMPLETED | Created: 2026-09-20 23:53:52 | Elo: 2667.0
[2026-09-20 23:58:16] Ep 111410343 | Sub 56380718 | State: EpisodeState.COMPLETED | Created: 2026-09-20 23:53:52 | Elo: 2606.2
[2026-09-21 00:00:27] Ep 111411529 | Sub 56380718 | State: EpisodeState.COMPLETED | Created: 2026-09-20 23:57:51 | Elo: 2609.1
[2026-09-21 00:04:45] Ep 111412948 | Sub 56395527 | State: EpisodeState.COMPLETED | Created: 2026-09-21 00:01:51 | Elo: 2671.2
[2026-09-21 00:09:08] Ep 111412903 | Sub 56395527 | State: EpisodeState.COMPLETED | Created: 2026-09-21 00:01:51 | Elo: 2676.3
[2026-09-21 00:09:13] Ep 111413316 | Sub 56380718 | State: EpisodeState.COMPLETED | Created: 2026-09-21 00:05:51 | Elo: 2614.4
[2026-09-21 00:13:31] Ep 111414728 | Sub 56395527 | State: EpisodeState.COMPLETED | Created: 2026-09-21 00:09:50 | Elo: 2680.5
[2026-09-21 00:26:43] Ep 111418452 | Sub 56380718 | State: EpisodeState.COMPLETED | Created: 2026-09-21 00:21:51 | Elo: 2619.1
[2026-09-21 00:28:54] Ep 111418263 | Sub 56380718 | State: EpisodeState.COMPLETED | Created: 2026-09-21 00:21:50 | Elo: 2625.0
[2026-09-21 00:31:01] Ep 111419525 | Sub 56395527 | State: EpisodeState.COMPLETED | Created: 2026-09-21 00:25:51 | Elo: 2676.3
[2026-09-21 00:39:45] Ep 111422570 | Sub 56395527 | State: EpisodeState.COMPLETED | Created: 2026-09-21 00:37:50 | Elo: 2677.1
[2026-09-21 00:39:45] Ep 111421734 | Sub 56395527 | State: EpisodeState.COMPLETED | Created: 2026-09-21 00:33:51 | Elo: 2677.1
[2026-09-21 00:44:10] Ep 111422311 | Sub 56380718 | State: EpisodeState.COMPLETED | Created: 2026-09-21 00:37:50 | Elo: 2621.2
[2026-09-21 00:57:15] Ep 111426815 | Sub 56395527 | State: EpisodeState.COMPLETED | Created: 2026-09-21 00:53:50 | Elo: 2681.6
[2026-09-21 00:57:19] Ep 111426992 | Sub 56380718 | State: EpisodeState.COMPLETED | Created: 2026-09-21 00:53:50 | Elo: 2615.4
[2026-09-21 00:59:26] Ep 111426728 | Sub 56395527 | State: EpisodeState.COMPLETED | Created: 2026-09-21 00:53:50 | Elo: 2689.1
[2026-09-21 00:59:26] Ep 111427419 | Sub 56395527 | State: EpisodeState.COMPLETED | Created: 2026-09-21 00:53:51 | Elo: 2689.1
[2026-09-21 00:59:31] Ep 111427331 | Sub 56380718 | State: EpisodeState.COMPLETED | Created: 2026-09-21 00:53:51 | Elo: 2620.8
[2026-09-21 01:01:37] Ep 111428024 | Sub 56395527 | State: EpisodeState.COMPLETED | Created: 2026-09-21 00:57:50 | Elo: 2684.3
[2026-09-21 01:01:41] Ep 111428444 | Sub 56380718 | State: EpisodeState.COMPLETED | Created: 2026-09-21 00:57:51 | Elo: 2616.5
[2026-09-21 01:19:06] Ep 111432943 | Sub 56395527 | State: EpisodeState.COMPLETED | Created: 2026-09-21 01:13:51 | Elo: 2688.6
[2026-09-21 01:21:21] Ep 111433813 | Sub 56380718 | State: EpisodeState.COMPLETED | Created: 2026-09-21 01:17:50 | Elo: 2610.2
[2026-09-21 01:27:51] Ep 111435869 | Sub 56395527 | State: EpisodeState.COMPLETED | Created: 2026-09-21 01:25:52 | Elo: 2693.9
[2026-09-21 01:43:16] Ep 111439306 | Sub 56380718 | State: EpisodeState.COMPLETED | Created: 2026-09-21 01:37:51 | Elo: 2614.2
[2026-09-21 01:49:49] Ep 111441519 | Sub 56395527 | State: EpisodeState.COMPLETED | Created: 2026-09-21 01:45:52 | Elo: 2697.5
[2026-09-21 01:51:55] Ep 111441853 | Sub 56410757 | State: EpisodeState.COMPLETED | Created: 2026-09-21 01:48:49 | Elo: 600.0
[2026-09-21 01:56:22] Ep 111443684 | Sub 56395527 | State: EpisodeState.COMPLETED | Created: 2026-09-21 01:53:50 | Elo: 2701.8
[2026-09-21 01:58:29] Ep 111443128 | Sub 56410757 | State: EpisodeState.COMPLETED | Created: 2026-09-21 01:53:49 | Elo: 696.8
[2026-09-21 02:05:02] Ep 111444223 | Sub 56410757 | State: EpisodeState.COMPLETED | Created: 2026-09-21 01:57:49 | Elo: 797.1
[2026-09-21 02:11:36] Ep 111446429 | Sub 56410757 | State: EpisodeState.COMPLETED | Created: 2026-09-21 02:05:50 | Elo: 861.8
[2026-09-21 02:11:36] Ep 111445304 | Sub 56410757 | State: EpisodeState.COMPLETED | Created: 2026-09-21 02:01:50 | Elo: 861.8
[2026-09-21 02:13:47] Ep 111447636 | Sub 56410757 | State: EpisodeState.COMPLETED | Created: 2026-09-21 02:09:49 | Elo: 913.3
[2026-09-21 02:18:09] Ep 111448692 | Sub 56410757 | State: EpisodeState.COMPLETED | Created: 2026-09-21 02:13:50 | Elo: 988.8
[2026-09-21 02:20:24] Ep 111447885 | Sub 56395527 | State: EpisodeState.COMPLETED | Created: 2026-09-21 02:09:49 | Elo: 2697.7
[2026-09-21 02:22:30] Ep 111449803 | Sub 56410757 | State: EpisodeState.COMPLETED | Created: 2026-09-21 02:17:49 | Elo: 1071.1
[2026-09-21 02:26:51] Ep 111450926 | Sub 56410757 | State: EpisodeState.COMPLETED | Created: 2026-09-21 02:21:50 | Elo: 1128.6
[2026-09-21 02:31:15] Ep 111452043 | Sub 56410757 | State: EpisodeState.COMPLETED | Created: 2026-09-21 02:25:51 | Elo: 1164.7
[2026-09-21 02:33:30] Ep 111453635 | Sub 56395527 | State: EpisodeState.COMPLETED | Created: 2026-09-21 02:29:51 | Elo: 2701.4
[2026-09-21 02:35:36] Ep 111454267 | Sub 56410757 | State: EpisodeState.COMPLETED | Created: 2026-09-21 02:33:49 | Elo: 1224.0
[2026-09-21 02:35:36] Ep 111453234 | Sub 56410757 | State: EpisodeState.COMPLETED | Created: 2026-09-21 02:29:50 | Elo: 1224.0
[2026-09-21 02:42:08] Ep 111455401 | Sub 56410757 | State: EpisodeState.COMPLETED | Created: 2026-09-21 02:37:50 | Elo: 1257.1
[2026-09-21 02:44:20] Ep 111456526 | Sub 56410757 | State: EpisodeState.COMPLETED | Created: 2026-09-21 02:41:50 | Elo: 1282.6
[2026-09-21 02:48:44] Ep 111457650 | Sub 56410757 | State: EpisodeState.COMPLETED | Created: 2026-09-21 02:45:51 | Elo: 1299.9
[2026-09-21 02:53:12] Ep 111459406 | Sub 56395527 | State: EpisodeState.COMPLETED | Created: 2026-09-21 02:49:51 | Elo: 2705.2
[2026-09-21 02:55:19] Ep 111458761 | Sub 56410757 | State: EpisodeState.COMPLETED | Created: 2026-09-21 02:49:50 | Elo: 1326.0
[2026-09-21 02:57:30] Ep 111459875 | Sub 56410757 | State: EpisodeState.COMPLETED | Created: 2026-09-21 02:53:51 | Elo: 1348.7
[2026-09-21 03:01:53] Ep 111461008 | Sub 56410757 | State: EpisodeState.COMPLETED | Created: 2026-09-21 02:57:50 | Elo: 1327.0
[2026-09-21 03:06:13] Ep 111462106 | Sub 56410757 | State: EpisodeState.COMPLETED | Created: 2026-09-21 03:01:57 | Elo: 1340.3
[2026-09-21 03:06:17] Ep 111462489 | Sub 56395527 | State: EpisodeState.COMPLETED | Created: 2026-09-21 03:01:57 | Elo: 2701.6
[2026-09-21 03:10:35] Ep 111463234 | Sub 56410757 | State: EpisodeState.COMPLETED | Created: 2026-09-21 03:06:00 | Elo: 1357.3
[2026-09-21 03:14:56] Ep 111464358 | Sub 56410757 | State: EpisodeState.COMPLETED | Created: 2026-09-21 03:10:02 | Elo: 1373.0
[2026-09-21 03:19:19] Ep 111465480 | Sub 56410757 | State: EpisodeState.COMPLETED | Created: 2026-09-21 03:13:49 | Elo: 1388.6
[2026-09-21 03:21:30] Ep 111466594 | Sub 56410757 | State: EpisodeState.COMPLETED | Created: 2026-09-21 03:17:50 | Elo: 1400.3
[2026-09-21 03:23:40] Ep 111467711 | Sub 56410757 | State: EpisodeState.COMPLETED | Created: 2026-09-21 03:21:50 | Elo: 1400.3
[2026-09-21 03:25:57] Ep 111468408 | Sub 56395527 | State: EpisodeState.COMPLETED | Created: 2026-09-21 03:21:52 | Elo: 2704.7
[2026-09-21 03:28:03] Ep 111467952 | Sub 56410757 | State: EpisodeState.COMPLETED | Created: 2026-09-21 03:21:51 | Elo: 1425.1
[2026-09-21 03:30:15] Ep 111468818 | Sub 56410757 | State: EpisodeState.COMPLETED | Created: 2026-09-21 03:25:50 | Elo: 1441.7
[2026-09-21 03:34:38] Ep 111470111 | Sub 56410757 | State: EpisodeState.COMPLETED | Created: 2026-09-21 03:29:51 | Elo: 1451.9
[2026-09-21 03:39:02] Ep 111471058 | Sub 56410757 | State: EpisodeState.COMPLETED | Created: 2026-09-21 03:33:50 | Elo: 1466.3
[2026-09-21 03:43:23] Ep 111472183 | Sub 56410757 | State: EpisodeState.COMPLETED | Created: 2026-09-21 03:37:49 | Elo: 1478.8
[2026-09-21 03:47:45] Ep 111473284 | Sub 56410757 | State: EpisodeState.COMPLETED | Created: 2026-09-21 03:41:50 | Elo: 1489.4
[2026-09-21 03:49:55] Ep 111474401 | Sub 56410757 | State: EpisodeState.COMPLETED | Created: 2026-09-21 03:45:51 | Elo: 1501.0
[2026-09-21 03:52:10] Ep 111474900 | Sub 56395527 | State: EpisodeState.COMPLETED | Created: 2026-09-21 03:45:52 | Elo: 2709.4
[2026-09-21 03:54:15] Ep 111475535 | Sub 56410757 | State: EpisodeState.COMPLETED | Created: 2026-09-21 03:49:50 | Elo: 1511.9
[2026-09-21 04:00:49] Ep 111477760 | Sub 56410757 | State: EpisodeState.COMPLETED | Created: 2026-09-21 03:57:50 | Elo: 1529.4
[2026-09-21 04:00:49] Ep 111476655 | Sub 56410757 | State: EpisodeState.COMPLETED | Created: 2026-09-21 03:53:50 | Elo: 1529.4
[2026-09-21 04:07:21] Ep 111478956 | Sub 56410757 | State: EpisodeState.COMPLETED | Created: 2026-09-21 04:01:50 | Elo: 1540.4
[2026-09-21 04:07:25] Ep 111478959 | Sub 56395527 | State: EpisodeState.COMPLETED | Created: 2026-09-21 04:01:50 | Elo: 2713.5
[2026-09-21 04:11:41] Ep 111479983 | Sub 56410757 | State: EpisodeState.COMPLETED | Created: 2026-09-21 04:05:50 | Elo: 1549.0
[2026-09-21 04:13:51] Ep 111481092 | Sub 56410757 | State: EpisodeState.COMPLETED | Created: 2026-09-21 04:09:50 | Elo: 1558.3
[2026-09-21 04:20:24] Ep 111483316 | Sub 56410757 | State: EpisodeState.COMPLETED | Created: 2026-09-21 04:17:50 | Elo: 1571.1
[2026-09-21 04:20:24] Ep 111482211 | Sub 56410757 | State: EpisodeState.COMPLETED | Created: 2026-09-21 04:13:50 | Elo: 1571.1
[2026-09-21 04:22:41] Ep 111483877 | Sub 56395527 | State: EpisodeState.COMPLETED | Created: 2026-09-21 04:17:51 | Elo: 2709.8
[2026-09-21 04:24:51] Ep 111484903 | Sub 56395527 | State: EpisodeState.COMPLETED | Created: 2026-09-21 04:21:51 | Elo: 2714.2
[2026-09-21 04:26:57] Ep 111484435 | Sub 56410757 | State: EpisodeState.COMPLETED | Created: 2026-09-21 04:21:50 | Elo: 1580.5
[2026-09-21 04:29:08] Ep 111485540 | Sub 56410757 | State: EpisodeState.COMPLETED | Created: 2026-09-21 04:25:50 | Elo: 1587.7
[2026-09-21 04:33:29] Ep 111486549 | Sub 56410757 | State: EpisodeState.COMPLETED | Created: 2026-09-21 04:29:49 | Elo: 1594.9
[2026-09-21 04:37:50] Ep 111487776 | Sub 56410757 | State: EpisodeState.COMPLETED | Created: 2026-09-21 04:33:51 | Elo: 1601.3
[2026-09-21 04:44:21] Ep 111488888 | Sub 56410757 | State: EpisodeState.COMPLETED | Created: 2026-09-21 04:37:57 | Elo: 1605.7
[2026-09-21 04:46:32] Ep 111490003 | Sub 56410757 | State: EpisodeState.COMPLETED | Created: 2026-09-21 04:41:51 | Elo: 1611.8
[2026-09-21 04:46:36] Ep 111490483 | Sub 56395527 | State: EpisodeState.COMPLETED | Created: 2026-09-21 04:41:51 | Elo: 2719.4
[2026-09-21 04:50:54] Ep 111491119 | Sub 56410757 | State: EpisodeState.COMPLETED | Created: 2026-09-21 04:45:52 | Elo: 1603.0
[2026-09-21 04:50:58] Ep 111491552 | Sub 56395527 | State: EpisodeState.COMPLETED | Created: 2026-09-21 04:45:53 | Elo: 2715.1
[2026-09-21 04:55:15] Ep 111492226 | Sub 56410757 | State: EpisodeState.COMPLETED | Created: 2026-09-21 04:49:50 | Elo: 1609.8
[2026-09-21 04:59:35] Ep 111493359 | Sub 56410757 | State: EpisodeState.COMPLETED | Created: 2026-09-21 04:53:50 | Elo: 1615.2
[2026-09-21 05:01:46] Ep 111494474 | Sub 56410757 | State: EpisodeState.COMPLETED | Created: 2026-09-21 04:57:50 | Elo: 1619.9
[2026-09-21 05:03:56] Ep 111495592 | Sub 56410757 | State: EpisodeState.COMPLETED | Created: 2026-09-21 05:01:50 | Elo: 1623.8
[2026-09-21 05:10:35] Ep 111497209 | Sub 56395527 | State: EpisodeState.COMPLETED | Created: 2026-09-21 05:05:52 | Elo: 2711.0
[2026-09-21 05:12:42] Ep 111496702 | Sub 56410757 | State: EpisodeState.COMPLETED | Created: 2026-09-21 05:05:51 | Elo: 1629.8
[2026-09-21 05:14:54] Ep 111497818 | Sub 56410757 | State: EpisodeState.COMPLETED | Created: 2026-09-21 05:09:50 | Elo: 1635.7
[2026-09-21 05:17:05] Ep 111498924 | Sub 56410757 | State: EpisodeState.COMPLETED | Created: 2026-09-21 05:13:50 | Elo: 1646.1
[2026-09-21 05:17:05] Ep 111499046 | Sub 56410757 | State: EpisodeState.COMPLETED | Created: 2026-09-21 05:13:50 | Elo: 1646.1
[2026-09-21 05:23:37] Ep 111500057 | Sub 56410757 | State: EpisodeState.COMPLETED | Created: 2026-09-21 05:17:50 | Elo: 1641.1
[2026-09-21 05:27:58] Ep 111501173 | Sub 56410757 | State: EpisodeState.COMPLETED | Created: 2026-09-21 05:21:50 | Elo: 1646.1
[2026-09-21 05:30:14] Ep 111502641 | Sub 56395527 | State: EpisodeState.COMPLETED | Created: 2026-09-21 05:25:54 | Elo: 2715.5
[2026-09-21 05:32:19] Ep 111502292 | Sub 56410757 | State: EpisodeState.COMPLETED | Created: 2026-09-21 05:25:53 | Elo: 1652.6
[2026-09-21 05:34:31] Ep 111503417 | Sub 56410757 | State: EpisodeState.COMPLETED | Created: 2026-09-21 05:29:54 | Elo: 1655.7
[2026-09-21 05:38:53] Ep 111504559 | Sub 56410757 | State: EpisodeState.COMPLETED | Created: 2026-09-21 05:33:51 | Elo: 1661.0
[2026-09-21 05:38:58] Ep 111504684 | Sub 56395527 | State: EpisodeState.COMPLETED | Created: 2026-09-21 05:33:51 | Elo: 2718.8
[2026-09-21 05:41:04] Ep 111505671 | Sub 56410757 | State: EpisodeState.COMPLETED | Created: 2026-09-21 05:37:51 | Elo: 1665.5
[2026-09-21 05:43:20] Ep 111505565 | Sub 56395527 | State: EpisodeState.COMPLETED | Created: 2026-09-21 05:37:51 | Elo: 2708.7
[2026-09-21 05:43:20] Ep 111505619 | Sub 56395527 | State: EpisodeState.COMPLETED | Created: 2026-09-21 05:37:51 | Elo: 2708.7
[2026-09-21 05:45:26] Ep 111506836 | Sub 56410757 | State: EpisodeState.COMPLETED | Created: 2026-09-21 05:41:50 | Elo: 1669.8
[2026-09-21 05:52:00] Ep 111507949 | Sub 56410757 | State: EpisodeState.COMPLETED | Created: 2026-09-21 05:45:51 | Elo: 1672.8
[2026-09-21 05:54:15] Ep 111509402 | Sub 56395527 | State: EpisodeState.COMPLETED | Created: 2026-09-21 05:49:51 | Elo: 2708.8
[2026-09-21 05:54:15] Ep 111508987 | Sub 56395527 | State: EpisodeState.COMPLETED | Created: 2026-09-21 05:49:50 | Elo: 2708.8
[2026-09-21 05:56:21] Ep 111510553 | Sub 56410757 | State: EpisodeState.COMPLETED | Created: 2026-09-21 05:53:51 | Elo: 1680.9
[2026-09-21 05:56:21] Ep 111509063 | Sub 56410757 | State: EpisodeState.COMPLETED | Created: 2026-09-21 05:49:50 | Elo: 1680.9
[2026-09-21 05:56:25] Ep 111510612 | Sub 56395527 | State: EpisodeState.COMPLETED | Created: 2026-09-21 05:53:51 | Elo: 2707.8
[2026-09-21 05:56:25] Ep 111508792 | Sub 56395527 | State: EpisodeState.COMPLETED | Created: 2026-09-21 05:49:50 | Elo: 2707.8
[2026-09-21 06:00:41] Ep 111510199 | Sub 56410757 | State: EpisodeState.COMPLETED | Created: 2026-09-21 05:53:51 | Elo: 1675.4
[2026-09-21 06:11:40] Ep 111513479 | Sub 56395527 | State: EpisodeState.COMPLETED | Created: 2026-09-21 06:05:51 | Elo: 2712.1
[2026-09-21 06:20:19] Ep 111516336 | Sub 56410757 | State: EpisodeState.COMPLETED | Created: 2026-09-21 06:17:49 | Elo: 1679.7
[2026-09-21 06:24:43] Ep 111518206 | Sub 56395527 | State: EpisodeState.COMPLETED | Created: 2026-09-21 06:21:51 | Elo: 2715.9
[2026-09-21 06:50:50] Ep 111524822 | Sub 56395527 | State: EpisodeState.COMPLETED | Created: 2026-09-21 06:45:52 | Elo: 2720.6
[2026-09-21 06:57:18] Ep 111526849 | Sub 56410757 | State: EpisodeState.COMPLETED | Created: 2026-09-21 06:53:50 | Elo: 1688.6
[2026-09-21 06:57:18] Ep 111526796 | Sub 56410757 | State: EpisodeState.COMPLETED | Created: 2026-09-21 06:53:50 | Elo: 1688.6
[2026-09-21 06:57:23] Ep 111526854 | Sub 56395527 | State: EpisodeState.COMPLETED | Created: 2026-09-21 06:53:50 | Elo: 2716.8
[2026-09-21 07:01:41] Ep 111528345 | Sub 56395527 | State: EpisodeState.COMPLETED | Created: 2026-09-21 06:57:51 | Elo: 2722.3
[2026-09-21 07:27:43] Ep 111534919 | Sub 56395527 | State: EpisodeState.COMPLETED | Created: 2026-09-21 07:22:22 | Elo: 2717.2
[2026-09-21 07:29:53] Ep 111535503 | Sub 56395527 | State: EpisodeState.COMPLETED | Created: 2026-09-21 07:26:22 | Elo: 2712.6
[2026-09-21 07:34:13] Ep 111536423 | Sub 56395527 | State: EpisodeState.COMPLETED | Created: 2026-09-21 07:30:19 | Elo: 2709.5
[2026-09-21 07:58:12] Ep 111543658 | Sub 56395527 | State: EpisodeState.COMPLETED | Created: 2026-09-21 07:54:20 | Elo: 2704.9
[2026-09-21 08:00:18] Ep 111544730 | Sub 56410757 | State: EpisodeState.COMPLETED | Created: 2026-09-21 07:58:20 | Elo: 1688.6
[2026-09-21 08:22:10] Ep 111550373 | Sub 56395527 | State: EpisodeState.COMPLETED | Created: 2026-09-21 08:18:20 | Elo: 2704.9
[2026-09-21 08:26:33] Ep 111551518 | Sub 56395527 | State: EpisodeState.COMPLETED | Created: 2026-09-21 08:22:21 | Elo: 2705.1
[2026-09-21 08:50:29] Ep 111558295 | Sub 56395527 | State: EpisodeState.COMPLETED | Created: 2026-09-21 08:46:53 | Elo: 2700.4
[2026-09-21 09:14:18] Ep 111562526 | Sub 56410757 | State: EpisodeState.COMPLETED | Created: 2026-09-21 09:02:53 | Elo: 1698.1
[2026-09-21 09:14:22] Ep 111565019 | Sub 56395527 | State: EpisodeState.COMPLETED | Created: 2026-09-21 09:10:59 | Elo: 2693.5
[2026-09-21 09:20:48] Ep 111565337 | Sub 56410757 | State: EpisodeState.COMPLETED | Created: 2026-09-21 09:14:55 | Elo: 1693.1
[2026-09-21 09:29:36] Ep 111569533 | Sub 56395527 | State: EpisodeState.COMPLETED | Created: 2026-09-21 09:26:52 | Elo: 2698.2
[2026-09-21 09:38:14] Ep 111570763 | Sub 56410757 | State: EpisodeState.COMPLETED | Created: 2026-09-21 09:34:50 | Elo: 1689.2
[2026-09-21 09:55:49] Ep 111576176 | Sub 56395527 | State: EpisodeState.COMPLETED | Created: 2026-09-21 09:50:55 | Elo: 2693.6
[2026-09-21 10:04:29] Ep 111577424 | Sub 56410757 | State: EpisodeState.COMPLETED | Created: 2026-09-21 09:58:50 | Elo: 1694.2
[2026-09-21 10:08:56] Ep 111579975 | Sub 56395527 | State: EpisodeState.COMPLETED | Created: 2026-09-21 10:06:51 | Elo: 2688.0
[2026-09-21 10:34:53] Ep 111586497 | Sub 56410757 | State: EpisodeState.COMPLETED | Created: 2026-09-21 10:30:50 | Elo: 1698.9
[2026-09-21 10:34:58] Ep 111587122 | Sub 56395527 | State: EpisodeState.COMPLETED | Created: 2026-09-21 10:30:52 | Elo: 2687.8
[2026-09-21 10:34:58] Ep 111586775 | Sub 56395527 | State: EpisodeState.COMPLETED | Created: 2026-09-21 10:30:51 | Elo: 2687.8
[2026-09-21 10:58:55] Ep 111593818 | Sub 56395527 | State: EpisodeState.COMPLETED | Created: 2026-09-21 10:54:52 | Elo: 2692.3
[2026-09-21 11:03:17] Ep 111594376 | Sub 56395527 | State: EpisodeState.COMPLETED | Created: 2026-09-21 10:58:51 | Elo: 2688.9
[2026-09-21 11:14:09] Ep 111596802 | Sub 56395527 | State: EpisodeState.COMPLETED | Created: 2026-09-21 11:06:54 | Elo: 2684.9
[2026-09-21 11:16:15] Ep 111598343 | Sub 56410757 | State: EpisodeState.COMPLETED | Created: 2026-09-21 11:10:51 | Elo: 1705.0
[2026-09-21 11:18:32] Ep 111598768 | Sub 56395527 | State: EpisodeState.COMPLETED | Created: 2026-09-21 11:14:50 | Elo: 2682.9
[2026-09-21 11:31:33] Ep 111602237 | Sub 56410757 | State: EpisodeState.COMPLETED | Created: 2026-09-21 11:26:51 | Elo: 1709.4
[2026-09-21 11:38:14] Ep 111603038 | Sub 56410757 | State: EpisodeState.COMPLETED | Created: 2026-09-21 11:30:51 | Elo: 1708.1
[2026-09-21 11:38:19] Ep 111605109 | Sub 56395527 | State: EpisodeState.COMPLETED | Created: 2026-09-21 11:34:52 | Elo: 2671.5
[2026-09-21 11:38:19] Ep 111604606 | Sub 56395527 | State: EpisodeState.COMPLETED | Created: 2026-09-21 11:34:51 | Elo: 2671.5
[2026-09-21 11:40:33] Ep 111604632 | Sub 56395527 | State: EpisodeState.COMPLETED | Created: 2026-09-21 11:34:51 | Elo: 2667.8
[2026-09-21 11:42:46] Ep 111606036 | Sub 56395527 | State: EpisodeState.COMPLETED | Created: 2026-09-21 11:38:55 | Elo: 2665.4
[2026-09-21 11:47:07] Ep 111606629 | Sub 56410757 | State: EpisodeState.COMPLETED | Created: 2026-09-21 11:42:51 | Elo: 1712.7
[2026-09-21 11:58:07] Ep 111610394 | Sub 56410757 | State: EpisodeState.COMPLETED | Created: 2026-09-21 11:54:51 | Elo: 1717.7
[2026-09-21 12:02:29] Ep 111611123 | Sub 56410757 | State: EpisodeState.COMPLETED | Created: 2026-09-21 11:58:56 | Elo: 1722.1
[2026-09-21 12:09:05] Ep 111612650 | Sub 56395527 | State: EpisodeState.COMPLETED | Created: 2026-09-21 12:02:53 | Elo: 2661.8
[2026-09-21 12:17:49] Ep 111615641 | Sub 56395527 | State: EpisodeState.COMPLETED | Created: 2026-09-21 12:14:52 | Elo: 2658.0
[2026-09-21 12:22:07] Ep 111616775 | Sub 56410757 | State: EpisodeState.COMPLETED | Created: 2026-09-21 12:18:51 | Elo: 1725.6
[2026-09-21 12:33:09] Ep 111620208 | Sub 56395527 | State: EpisodeState.COMPLETED | Created: 2026-09-21 12:30:52 | Elo: 2663.1
[2026-09-21 12:59:18] Ep 111626781 | Sub 56395527 | State: EpisodeState.COMPLETED | Created: 2026-09-21 12:54:51 | Elo: 2662.9
[2026-09-21 12:59:18] Ep 111627170 | Sub 56395527 | State: EpisodeState.COMPLETED | Created: 2026-09-21 12:54:51 | Elo: 2662.9
[2026-09-21 13:05:49] Ep 111629032 | Sub 56395527 | State: EpisodeState.COMPLETED | Created: 2026-09-21 13:02:52 | Elo: 2659.0
[2026-09-21 13:16:40] Ep 111631839 | Sub 56410757 | State: EpisodeState.COMPLETED | Created: 2026-09-21 13:10:53 | Elo: 1729.4
[2026-09-21 13:21:01] Ep 111634058 | Sub 56410757 | State: EpisodeState.COMPLETED | Created: 2026-09-21 13:18:53 | Elo: 1734.0
[2026-09-21 13:23:12] Ep 111633811 | Sub 56410757 | State: EpisodeState.COMPLETED | Created: 2026-09-21 13:18:53 | Elo: 1738.0
[2026-09-21 13:29:48] Ep 111635302 | Sub 56395527 | State: EpisodeState.COMPLETED | Created: 2026-09-21 13:22:54 | Elo: 2662.9
[2026-09-21 13:31:59] Ep 111635705 | Sub 56395527 | State: EpisodeState.COMPLETED | Created: 2026-09-21 13:26:52 | Elo: 2667.5
[2026-09-21 13:53:40] Ep 111641783 | Sub 56410757 | State: EpisodeState.COMPLETED | Created: 2026-09-21 13:50:21 | Elo: 1743.3
[2026-09-21 13:55:55] Ep 111642748 | Sub 56395527 | State: EpisodeState.COMPLETED | Created: 2026-09-21 13:54:05 | Elo: 2662.4
[2026-09-21 13:58:06] Ep 111642927 | Sub 56395527 | State: EpisodeState.COMPLETED | Created: 2026-09-21 13:54:05 | Elo: 2667.1
[2026-09-21 14:04:39] Ep 111644132 | Sub 56395527 | State: EpisodeState.COMPLETED | Created: 2026-09-21 13:58:11 | Elo: 2662.4
[2026-09-21 14:17:44] Ep 111648146 | Sub 56395527 | State: EpisodeState.COMPLETED | Created: 2026-09-21 14:14:03 | Elo: 2657.1
[2026-09-21 14:41:34] Ep 111655324 | Sub 56410757 | State: EpisodeState.COMPLETED | Created: 2026-09-21 14:38:05 | Elo: 1747.3
[2026-09-21 14:41:39] Ep 111655398 | Sub 56395527 | State: EpisodeState.COMPLETED | Created: 2026-09-21 14:38:05 | Elo: 2662.0
[2026-09-21 14:43:44] Ep 111655314 | Sub 56410757 | State: EpisodeState.COMPLETED | Created: 2026-09-21 14:38:05 | Elo: 1751.1
[2026-09-21 14:52:32] Ep 111657241 | Sub 56395527 | State: EpisodeState.COMPLETED | Created: 2026-09-21 14:46:01 | Elo: 2656.7
[2026-09-21 14:59:01] Ep 111659174 | Sub 56410757 | State: EpisodeState.COMPLETED | Created: 2026-09-21 14:54:02 | Elo: 1756.8
[2026-09-21 14:59:05] Ep 111659621 | Sub 56395527 | State: EpisodeState.COMPLETED | Created: 2026-09-21 14:54:03 | Elo: 2651.8
[2026-09-21 15:14:24] Ep 111663605 | Sub 56395527 | State: EpisodeState.COMPLETED | Created: 2026-09-21 15:10:02 | Elo: 2655.5
[2026-09-21 15:16:36] Ep 111664878 | Sub 56395527 | State: EpisodeState.COMPLETED | Created: 2026-09-21 15:14:03 | Elo: 2651.4
[2026-09-21 15:23:09] Ep 111666498 | Sub 56395527 | State: EpisodeState.COMPLETED | Created: 2026-09-21 15:18:05 | Elo: 2655.1
[2026-09-21 15:42:51] Ep 111672118 | Sub 56395527 | State: EpisodeState.COMPLETED | Created: 2026-09-21 15:38:06 | Elo: 2650.0
[2026-09-21 15:44:57] Ep 111673108 | Sub 56410757 | State: EpisodeState.COMPLETED | Created: 2026-09-21 15:42:08 | Elo: 1748.4
[2026-09-21 15:44:57] Ep 111672604 | Sub 56410757 | State: EpisodeState.COMPLETED | Created: 2026-09-21 15:42:06 | Elo: 1748.4
[2026-09-21 16:02:32] Ep 111677819 | Sub 56395527 | State: EpisodeState.COMPLETED | Created: 2026-09-21 15:58:05 | Elo: 2646.5
[2026-09-21 16:11:10] Ep 111679010 | Sub 56410757 | State: EpisodeState.COMPLETED | Created: 2026-09-21 16:06:02 | Elo: 1752.0
[2026-09-21 16:37:21] Ep 111686566 | Sub 56395527 | State: EpisodeState.COMPLETED | Created: 2026-09-21 16:33:44 | Elo: 2641.7
[2026-09-21 16:39:33] Ep 111687642 | Sub 56395527 | State: EpisodeState.COMPLETED | Created: 2026-09-21 16:37:46 | Elo: 2641.7
[2026-09-21 16:54:51] Ep 111690533 | Sub 56395527 | State: EpisodeState.COMPLETED | Created: 2026-09-21 16:49:47 | Elo: 2631.9
[2026-09-21 16:59:08] Ep 111692137 | Sub 56410757 | State: EpisodeState.COMPLETED | Created: 2026-09-21 16:53:43 | Elo: 1756.6
[2026-09-21 16:59:12] Ep 111691774 | Sub 56395527 | State: EpisodeState.COMPLETED | Created: 2026-09-21 16:53:43 | Elo: 2626.5
[2026-09-21 17:01:18] Ep 111692817 | Sub 56410757 | State: EpisodeState.COMPLETED | Created: 2026-09-21 16:57:49 | Elo: 1752.7
[2026-09-21 17:03:34] Ep 111692865 | Sub 56395527 | State: EpisodeState.COMPLETED | Created: 2026-09-21 16:57:49 | Elo: 2625.7
[2026-09-21 17:03:34] Ep 111693055 | Sub 56395527 | State: EpisodeState.COMPLETED | Created: 2026-09-21 16:57:49 | Elo: 2625.7
[2026-09-21 17:18:46] Ep 111697175 | Sub 56410757 | State: EpisodeState.COMPLETED | Created: 2026-09-21 17:13:42 | Elo: 1756.4
[2026-09-21 17:31:59] Ep 111701097 | Sub 56395527 | State: EpisodeState.COMPLETED | Created: 2026-09-21 17:25:44 | Elo: 2619.7
[2026-09-21 17:36:18] Ep 111703492 | Sub 56410757 | State: EpisodeState.COMPLETED | Created: 2026-09-21 17:33:43 | Elo: 1751.7
[2026-09-21 17:49:27] Ep 111706539 | Sub 56410757 | State: EpisodeState.COMPLETED | Created: 2026-09-21 17:45:45 | Elo: 1757.7
[2026-09-21 18:00:21] Ep 111709794 | Sub 56410757 | State: EpisodeState.COMPLETED | Created: 2026-09-21 17:57:46 | Elo: 1766.7
[2026-09-21 18:00:21] Ep 111708416 | Sub 56410757 | State: EpisodeState.COMPLETED | Created: 2026-09-21 17:53:45 | Elo: 1766.7
[2026-09-21 18:00:25] Ep 111708829 | Sub 56395527 | State: EpisodeState.COMPLETED | Created: 2026-09-21 17:53:46 | Elo: 2614.6
[2026-09-21 18:11:19] Ep 111712357 | Sub 56410757 | State: EpisodeState.COMPLETED | Created: 2026-09-21 18:05:46 | Elo: 1772.5
[2026-09-21 18:13:29] Ep 111713496 | Sub 56410757 | State: EpisodeState.COMPLETED | Created: 2026-09-21 18:09:51 | Elo: 1777.3
[2026-09-21 18:15:41] Ep 111712795 | Sub 56410757 | State: EpisodeState.COMPLETED | Created: 2026-09-21 18:09:50 | Elo: 1773.8
[2026-09-21 18:20:11] Ep 111715844 | Sub 56395527 | State: EpisodeState.COMPLETED | Created: 2026-09-21 18:17:47 | Elo: 2610.7
[2026-09-21 18:24:28] Ep 111716040 | Sub 56410757 | State: EpisodeState.COMPLETED | Created: 2026-09-21 18:21:44 | Elo: 1776.5
[2026-09-21 18:37:37] Ep 111720116 | Sub 56395527 | State: EpisodeState.COMPLETED | Created: 2026-09-21 18:33:46 | Elo: 2615.5
[2026-09-21 18:41:56] Ep 111720375 | Sub 56410757 | State: EpisodeState.COMPLETED | Created: 2026-09-21 18:37:47 | Elo: 1779.5
[2026-09-21 19:01:44] Ep 111726801 | Sub 56395527 | State: EpisodeState.COMPLETED | Created: 2026-09-21 18:57:48 | Elo: 2619.8
[2026-09-21 19:16:58] Ep 111730280 | Sub 56410757 | State: EpisodeState.COMPLETED | Created: 2026-09-21 19:09:47 | Elo: 1783.4
[2026-09-21 19:21:21] Ep 111732227 | Sub 56410757 | State: EpisodeState.COMPLETED | Created: 2026-09-21 19:17:47 | Elo: 1783.4
[2026-09-21 19:23:38] Ep 111732345 | Sub 56395527 | State: EpisodeState.COMPLETED | Created: 2026-09-21 19:17:48 | Elo: 2616.5
[2026-09-21 19:34:33] Ep 111734570 | Sub 56395527 | State: EpisodeState.COMPLETED | Created: 2026-09-21 19:31:17 | Elo: 2612.0
[2026-09-21 19:49:55] Ep 111739127 | Sub 56395527 | State: EpisodeState.COMPLETED | Created: 2026-09-21 19:47:01 | Elo: 2615.4
[2026-09-21 19:54:12] Ep 111740098 | Sub 56410757 | State: EpisodeState.COMPLETED | Created: 2026-09-21 19:51:03 | Elo: 1792.9
[2026-09-21 20:11:46] Ep 111744717 | Sub 56395527 | State: EpisodeState.COMPLETED | Created: 2026-09-21 20:07:19 | Elo: 2611.3
[2026-09-21 20:16:04] Ep 111745267 | Sub 56410757 | State: EpisodeState.COMPLETED | Created: 2026-09-21 20:11:20 | Elo: 1788.2
[2026-09-21 20:29:18] Ep 111748691 | Sub 56395527 | State: EpisodeState.COMPLETED | Created: 2026-09-21 20:23:18 | Elo: 2607.7
[2026-09-21 20:38:01] Ep 111752427 | Sub 56395527 | State: EpisodeState.COMPLETED | Created: 2026-09-21 20:35:24 | Elo: 2612.6
[2026-09-21 20:42:17] Ep 111753309 | Sub 56410757 | State: EpisodeState.COMPLETED | Created: 2026-09-21 20:39:24 | Elo: 1793.6
[2026-09-21 20:57:44] Ep 111757929 | Sub 56395527 | State: EpisodeState.COMPLETED | Created: 2026-09-21 20:55:24 | Elo: 2606.2
[2026-09-21 21:04:16] Ep 111759310 | Sub 56395527 | State: EpisodeState.COMPLETED | Created: 2026-09-21 20:59:25 | Elo: 2601.1
[2026-09-21 21:08:35] Ep 111760346 | Sub 56410757 | State: EpisodeState.COMPLETED | Created: 2026-09-21 21:03:25 | Elo: 1797.2
[2026-09-21 21:21:45] Ep 111764700 | Sub 56395527 | State: EpisodeState.COMPLETED | Created: 2026-09-21 21:19:24 | Elo: 2596.9
[2026-09-21 21:28:15] Ep 111765832 | Sub 56410757 | State: EpisodeState.COMPLETED | Created: 2026-09-21 21:23:24 | Elo: 1801.5
[2026-09-21 21:28:20] Ep 111765724 | Sub 56395527 | State: EpisodeState.COMPLETED | Created: 2026-09-21 21:23:23 | Elo: 2592.2
[2026-09-21 21:30:32] Ep 111767086 | Sub 56395527 | State: EpisodeState.COMPLETED | Created: 2026-09-21 21:27:24 | Elo: 2597.2
[2026-09-21 21:34:50] Ep 111768052 | Sub 56410757 | State: EpisodeState.COMPLETED | Created: 2026-09-21 21:31:25 | Elo: 1806.8
[2026-09-21 21:43:39] Ep 111769589 | Sub 56395527 | State: EpisodeState.COMPLETED | Created: 2026-09-21 21:39:22 | Elo: 2592.5
[2026-09-21 21:45:49] Ep 111770400 | Sub 56395527 | State: EpisodeState.COMPLETED | Created: 2026-09-21 21:39:24 | Elo: 2597.7
[2026-09-21 21:47:54] Ep 111770956 | Sub 56410757 | State: EpisodeState.COMPLETED | Created: 2026-09-21 21:43:24 | Elo: 1811.6
[2026-09-21 21:54:29] Ep 111772961 | Sub 56410757 | State: EpisodeState.COMPLETED | Created: 2026-09-21 21:51:25 | Elo: 1814.7
[2026-09-21 22:01:07] Ep 111775812 | Sub 56395527 | State: EpisodeState.COMPLETED | Created: 2026-09-21 21:59:24 | Elo: 2601.4
[2026-09-21 22:11:59] Ep 111778219 | Sub 56410757 | State: EpisodeState.COMPLETED | Created: 2026-09-21 22:07:24 | Elo: 1818.8
[2026-09-21 22:25:09] Ep 111781190 | Sub 56395527 | State: EpisodeState.COMPLETED | Created: 2026-09-21 22:19:24 | Elo: 2596.2
[2026-09-21 22:29:27] Ep 111783504 | Sub 56410757 | State: EpisodeState.COMPLETED | Created: 2026-09-21 22:27:24 | Elo: 1822.8
[2026-09-21 22:40:25] Ep 111786035 | Sub 56395527 | State: EpisodeState.COMPLETED | Created: 2026-09-21 22:35:25 | Elo: 2592.7
[2026-09-21 22:46:53] Ep 111787961 | Sub 56410757 | State: EpisodeState.COMPLETED | Created: 2026-09-21 22:43:24 | Elo: 1827.8
[2026-09-21 22:49:04] Ep 111788355 | Sub 56410757 | State: EpisodeState.COMPLETED | Created: 2026-09-21 22:43:25 | Elo: 1832.3
[2026-09-21 22:51:21] Ep 111789092 | Sub 56395527 | State: EpisodeState.COMPLETED | Created: 2026-09-21 22:47:24 | Elo: 2589.3
[2026-09-21 23:00:04] Ep 111791366 | Sub 56395527 | State: EpisodeState.COMPLETED | Created: 2026-09-21 22:55:24 | Elo: 2585.2
[2026-09-21 23:02:15] Ep 111792683 | Sub 56395527 | State: EpisodeState.COMPLETED | Created: 2026-09-21 22:59:24 | Elo: 2580.5
[2026-09-21 23:06:33] Ep 111793831 | Sub 56410757 | State: EpisodeState.COMPLETED | Created: 2026-09-21 23:03:25 | Elo: 1838.5
[2026-09-21 23:08:45] Ep 111793554 | Sub 56410757 | State: EpisodeState.COMPLETED | Created: 2026-09-21 23:03:24 | Elo: 1842.3
[2026-09-21 23:13:10] Ep 111795503 | Sub 56395527 | State: EpisodeState.COMPLETED | Created: 2026-09-21 23:11:24 | Elo: 2576.5
[2026-09-21 23:24:06] Ep 111797625 | Sub 56395527 | State: EpisodeState.COMPLETED | Created: 2026-09-21 23:19:23 | Elo: 2571.3
[2026-09-21 23:28:23] Ep 111799050 | Sub 56410757 | State: EpisodeState.COMPLETED | Created: 2026-09-21 23:23:24 | Elo: 1846.5
[2026-09-21 23:30:34] Ep 111799048 | Sub 56410757 | State: EpisodeState.COMPLETED | Created: 2026-09-21 23:23:24 | Elo: 1850.8
[2026-09-21 23:37:13] Ep 111802137 | Sub 56395527 | State: EpisodeState.COMPLETED | Created: 2026-09-21 23:35:24 | Elo: 2568.4
[2026-09-21 23:41:34] Ep 111802640 | Sub 56395527 | State: EpisodeState.COMPLETED | Created: 2026-09-21 23:35:25 | Elo: 2564.2
[2026-09-21 23:43:41] Ep 111803795 | Sub 56410757 | State: EpisodeState.COMPLETED | Created: 2026-09-21 23:39:26 | Elo: 1855.8
[2026-09-21 23:54:42] Ep 111807350 | Sub 56395527 | State: EpisodeState.COMPLETED | Created: 2026-09-21 23:51:27 | Elo: 2561.2
[2026-09-21 23:54:42] Ep 111807307 | Sub 56395527 | State: EpisodeState.COMPLETED | Created: 2026-09-21 23:51:27 | Elo: 2561.2
[2026-09-22 00:01:10] Ep 111808428 | Sub 56410757 | State: EpisodeState.COMPLETED | Created: 2026-09-21 23:55:25 | Elo: 1860.8
[2026-09-22 00:05:37] Ep 111808726 | Sub 56395527 | State: EpisodeState.COMPLETED | Created: 2026-09-21 23:59:24 | Elo: 2561.3
[2026-09-22 00:18:40] Ep 111813926 | Sub 56410757 | State: EpisodeState.COMPLETED | Created: 2026-09-22 00:15:23 | Elo: 1872.1
[2026-09-22 00:18:40] Ep 111813866 | Sub 56410757 | State: EpisodeState.COMPLETED | Created: 2026-09-22 00:15:23 | Elo: 1872.1
[2026-09-22 00:20:56] Ep 111814007 | Sub 56395527 | State: EpisodeState.COMPLETED | Created: 2026-09-22 00:15:24 | Elo: 2555.0
[2026-09-22 00:33:59] Ep 111818393 | Sub 56410757 | State: EpisodeState.COMPLETED | Created: 2026-09-22 00:31:24 | Elo: 1876.0
[2026-09-22 00:40:38] Ep 111819493 | Sub 56395527 | State: EpisodeState.COMPLETED | Created: 2026-09-22 00:35:24 | Elo: 2559.0
[2026-09-22 00:55:51] Ep 111823964 | Sub 56410757 | State: EpisodeState.COMPLETED | Created: 2026-09-22 00:51:25 | Elo: 1881.1
[2026-09-22 01:00:19] Ep 111825033 | Sub 56395527 | State: EpisodeState.COMPLETED | Created: 2026-09-22 00:55:24 | Elo: 2564.3
[2026-09-22 01:15:36] Ep 111829533 | Sub 56410757 | State: EpisodeState.COMPLETED | Created: 2026-09-22 01:11:55 | Elo: 1886.6
[2026-09-22 01:17:52] Ep 111829703 | Sub 56395527 | State: EpisodeState.COMPLETED | Created: 2026-09-22 01:11:55 | Elo: 2559.7
[2026-09-22 01:28:49] Ep 111832379 | Sub 56395527 | State: EpisodeState.COMPLETED | Created: 2026-09-22 01:23:53 | Elo: 2564.5
[2026-09-22 01:37:28] Ep 111835108 | Sub 56410757 | State: EpisodeState.COMPLETED | Created: 2026-09-22 01:34:05 | Elo: 1890.1
[2026-09-22 01:41:51] Ep 111835840 | Sub 56410757 | State: EpisodeState.COMPLETED | Created: 2026-09-22 01:38:03 | Elo: 1893.6
[2026-09-22 01:50:41] Ep 111838348 | Sub 56395527 | State: EpisodeState.COMPLETED | Created: 2026-09-22 01:46:04 | Elo: 2553.5
[2026-09-22 01:50:41] Ep 111838154 | Sub 56395527 | State: EpisodeState.COMPLETED | Created: 2026-09-22 01:46:04 | Elo: 2553.5
[2026-09-22 02:01:33] Ep 111841695 | Sub 56410757 | State: EpisodeState.COMPLETED | Created: 2026-09-22 01:58:04 | Elo: 1897.6
[2026-09-22 02:10:19] Ep 111843813 | Sub 56410757 | State: EpisodeState.COMPLETED | Created: 2026-09-22 02:06:04 | Elo: 1903.0
[2026-09-22 02:10:23] Ep 111844088 | Sub 56395527 | State: EpisodeState.COMPLETED | Created: 2026-09-22 02:06:05 | Elo: 2543.7
[2026-09-22 02:10:23] Ep 111844021 | Sub 56395527 | State: EpisodeState.COMPLETED | Created: 2026-09-22 02:06:05 | Elo: 2543.7
[2026-09-22 02:12:34] Ep 111844303 | Sub 56395527 | State: EpisodeState.COMPLETED | Created: 2026-09-22 02:06:05 | Elo: 2540.2
[2026-09-22 02:14:45] Ep 111845121 | Sub 56395527 | State: EpisodeState.COMPLETED | Created: 2026-09-22 02:10:05 | Elo: 2536.7
[2026-09-22 02:19:01] Ep 111846343 | Sub 56410757 | State: EpisodeState.COMPLETED | Created: 2026-09-22 02:14:05 | Elo: 1907.6
[2026-09-22 02:32:12] Ep 111850842 | Sub 56395527 | State: EpisodeState.COMPLETED | Created: 2026-09-22 02:30:06 | Elo: 2537.8
[2026-09-22 02:32:12] Ep 111850918 | Sub 56395527 | State: EpisodeState.COMPLETED | Created: 2026-09-22 02:30:06 | Elo: 2537.8
[2026-09-22 02:38:41] Ep 111852111 | Sub 56410757 | State: EpisodeState.COMPLETED | Created: 2026-09-22 02:34:06 | Elo: 1907.6
[2026-09-22 02:54:07] Ep 111856732 | Sub 56395527 | State: EpisodeState.COMPLETED | Created: 2026-09-22 02:50:06 | Elo: 2533.6
[2026-09-22 03:00:37] Ep 111858635 | Sub 56410757 | State: EpisodeState.COMPLETED | Created: 2026-09-22 02:58:04 | Elo: 1916.5
[2026-09-22 03:02:48] Ep 111858955 | Sub 56410757 | State: EpisodeState.COMPLETED | Created: 2026-09-22 02:58:05 | Elo: 1911.9
[2026-09-22 03:20:18] Ep 111864270 | Sub 56395527 | State: EpisodeState.COMPLETED | Created: 2026-09-22 03:18:05 | Elo: 2533.0
[2026-09-22 03:20:18] Ep 111863220 | Sub 56395527 | State: EpisodeState.COMPLETED | Created: 2026-09-22 03:14:05 | Elo: 2533.0
[2026-09-22 03:26:46] Ep 111865367 | Sub 56410757 | State: EpisodeState.COMPLETED | Created: 2026-09-22 03:22:08 | Elo: 1916.5
[2026-09-22 03:39:50] Ep 111868778 | Sub 56410757 | State: EpisodeState.COMPLETED | Created: 2026-09-22 03:34:08 | Elo: 1922.2
[2026-09-22 03:42:00] Ep 111869355 | Sub 56410757 | State: EpisodeState.COMPLETED | Created: 2026-09-22 03:38:04 | Elo: 1918.2
[2026-09-22 03:46:27] Ep 111870971 | Sub 56395527 | State: EpisodeState.COMPLETED | Created: 2026-09-22 03:42:12 | Elo: 2538.0
[2026-09-22 03:52:54] Ep 111871584 | Sub 56410757 | State: EpisodeState.COMPLETED | Created: 2026-09-22 03:46:04 | Elo: 1914.2
[2026-09-22 03:59:30] Ep 111874408 | Sub 56395527 | State: EpisodeState.COMPLETED | Created: 2026-09-22 03:54:06 | Elo: 2533.2
[2026-09-22 04:01:37] Ep 111875304 | Sub 56410757 | State: EpisodeState.COMPLETED | Created: 2026-09-22 03:58:05 | Elo: 1914.2
[2026-09-22 04:06:03] Ep 111876342 | Sub 56395527 | State: EpisodeState.COMPLETED | Created: 2026-09-22 04:02:05 | Elo: 2528.7
[2026-09-22 04:08:10] Ep 111876234 | Sub 56410757 | State: EpisodeState.COMPLETED | Created: 2026-09-22 04:02:05 | Elo: 1925.7
[2026-09-22 04:27:51] Ep 111883547 | Sub 56410757 | State: EpisodeState.COMPLETED | Created: 2026-09-22 04:26:05 | Elo: 1931.3
[2026-09-22 04:32:13] Ep 111883325 | Sub 56410757 | State: EpisodeState.COMPLETED | Created: 2026-09-22 04:26:05 | Elo: 1937.3
[2026-09-22 04:32:18] Ep 111883348 | Sub 56395527 | State: EpisodeState.COMPLETED | Created: 2026-09-22 04:26:05 | Elo: 2523.9
[2026-09-22 04:36:39] Ep 111884549 | Sub 56395527 | State: EpisodeState.COMPLETED | Created: 2026-09-22 04:30:06 | Elo: 2519.1
[2026-09-22 04:49:37] Ep 111888724 | Sub 56410757 | State: EpisodeState.COMPLETED | Created: 2026-09-22 04:46:04 | Elo: 1931.7
[2026-09-22 04:51:53] Ep 111888615 | Sub 56395527 | State: EpisodeState.COMPLETED | Created: 2026-09-22 04:46:04 | Elo: 2514.5
[2026-09-22 04:58:21] Ep 111891363 | Sub 56410757 | State: EpisodeState.COMPLETED | Created: 2026-09-22 04:54:04 | Elo: 1936.6
[2026-09-22 05:00:34] Ep 111891563 | Sub 56410757 | State: EpisodeState.COMPLETED | Created: 2026-09-22 04:58:03 | Elo: 1934.0
[2026-09-22 05:11:35] Ep 111894815 | Sub 56395527 | State: EpisodeState.COMPLETED | Created: 2026-09-22 05:06:05 | Elo: 2509.2
[2026-09-22 05:22:24] Ep 111898247 | Sub 56410757 | State: EpisodeState.COMPLETED | Created: 2026-09-22 05:18:05 | Elo: 1943.1
[2026-09-22 05:22:24] Ep 111898212 | Sub 56410757 | State: EpisodeState.COMPLETED | Created: 2026-09-22 05:18:05 | Elo: 1943.1
[2026-09-22 05:31:14] Ep 111900511 | Sub 56410757 | State: EpisodeState.COMPLETED | Created: 2026-09-22 05:26:08 | Elo: 1946.4
[2026-09-22 05:35:40] Ep 111901579 | Sub 56395527 | State: EpisodeState.COMPLETED | Created: 2026-09-22 05:30:06 | Elo: 2508.1
[2026-09-22 05:35:40] Ep 111901341 | Sub 56395527 | State: EpisodeState.COMPLETED | Created: 2026-09-22 05:30:06 | Elo: 2508.1
[2026-09-22 05:46:29] Ep 111904537 | Sub 56410757 | State: EpisodeState.COMPLETED | Created: 2026-09-22 05:42:05 | Elo: 1950.3
[2026-09-22 05:53:08] Ep 111906704 | Sub 56395527 | State: EpisodeState.COMPLETED | Created: 2026-09-22 05:50:05 | Elo: 2503.9
[2026-09-22 05:55:15] Ep 111907023 | Sub 56410757 | State: EpisodeState.COMPLETED | Created: 2026-09-22 05:50:05 | Elo: 1945.6
[2026-09-22 06:03:57] Ep 111909232 | Sub 56410757 | State: EpisodeState.COMPLETED | Created: 2026-09-22 05:58:05 | Elo: 1951.0
[2026-09-22 06:14:54] Ep 111912860 | Sub 56410757 | State: EpisodeState.COMPLETED | Created: 2026-09-22 06:10:08 | Elo: 1955.4
[2026-09-22 06:17:10] Ep 111913951 | Sub 56395527 | State: EpisodeState.COMPLETED | Created: 2026-09-22 06:14:05 | Elo: 2507.5
[2026-09-22 06:19:20] Ep 111913982 | Sub 56395527 | State: EpisodeState.COMPLETED | Created: 2026-09-22 06:14:05 | Elo: 2503.2
[2026-09-22 06:41:03] Ep 111920598 | Sub 56410757 | State: EpisodeState.COMPLETED | Created: 2026-09-22 06:38:36 | Elo: 1959.8
[2026-09-22 06:47:39] Ep 111921716 | Sub 56395527 | State: EpisodeState.COMPLETED | Created: 2026-09-22 06:42:37 | Elo: 2507.0
[2026-09-22 07:00:41] Ep 111925667 | Sub 56395527 | State: EpisodeState.COMPLETED | Created: 2026-09-22 06:58:35 | Elo: 2501.4
[2026-09-22 07:11:29] Ep 111928350 | Sub 56410757 | State: EpisodeState.COMPLETED | Created: 2026-09-22 07:06:35 | Elo: 1956.2
[2026-09-22 07:20:08] Ep 111930239 | Sub 56410757 | State: EpisodeState.COMPLETED | Created: 2026-09-22 07:14:34 | Elo: 1952.3
[2026-09-22 07:28:56] Ep 111932757 | Sub 56395527 | State: EpisodeState.COMPLETED | Created: 2026-09-22 07:22:35 | Elo: 2499.8
[2026-09-22 07:28:56] Ep 111933058 | Sub 56395527 | State: EpisodeState.COMPLETED | Created: 2026-09-22 07:22:36 | Elo: 2499.8
[2026-09-22 07:41:56] Ep 111937545 | Sub 56410757 | State: EpisodeState.COMPLETED | Created: 2026-09-22 07:38:35 | Elo: 1961.9
[2026-09-22 07:41:56] Ep 111936783 | Sub 56410757 | State: EpisodeState.COMPLETED | Created: 2026-09-22 07:38:34 | Elo: 1961.9
[2026-09-22 07:52:52] Ep 111940715 | Sub 56395527 | State: EpisodeState.COMPLETED | Created: 2026-09-22 07:50:37 | Elo: 2499.8
[2026-09-22 08:10:12] Ep 111945314 | Sub 56410757 | State: EpisodeState.COMPLETED | Created: 2026-09-22 08:06:36 | Elo: 1965.8
[2026-09-22 08:16:51] Ep 111947690 | Sub 56395527 | State: EpisodeState.COMPLETED | Created: 2026-09-22 08:14:35 | Elo: 2495.6
[2026-09-22 08:34:15] Ep 111951312 | Sub 56410757 | State: EpisodeState.COMPLETED | Created: 2026-09-22 08:30:36 | Elo: 1960.9
[2026-09-22 08:38:40] Ep 111952791 | Sub 56395527 | State: EpisodeState.COMPLETED | Created: 2026-09-22 08:34:35 | Elo: 2494.8
[2026-09-22 08:40:49] Ep 111952981 | Sub 56395527 | State: EpisodeState.COMPLETED | Created: 2026-09-22 08:34:36 | Elo: 2490.4
[2026-09-22 08:49:31] Ep 111955164 | Sub 56395527 | State: EpisodeState.COMPLETED | Created: 2026-09-22 08:42:38 | Elo: 2487.7
[2026-09-22 08:55:58] Ep 111957286 | Sub 56410757 | State: EpisodeState.COMPLETED | Created: 2026-09-22 08:50:39 | Elo: 1965.7
[2026-09-22 08:58:09] Ep 111958107 | Sub 56410757 | State: EpisodeState.COMPLETED | Created: 2026-09-22 08:54:38 | Elo: 1971.3
[2026-09-22 09:15:37] Ep 111963313 | Sub 56395527 | State: EpisodeState.COMPLETED | Created: 2026-09-22 09:10:45 | Elo: 2482.8
[2026-09-22 09:22:07] Ep 111965439 | Sub 56395527 | State: EpisodeState.COMPLETED | Created: 2026-09-22 09:18:42 | Elo: 2487.5
[2026-09-22 09:26:23] Ep 111966595 | Sub 56410757 | State: EpisodeState.COMPLETED | Created: 2026-09-22 09:22:41 | Elo: 1975.7
[2026-09-22 09:39:26] Ep 111969629 | Sub 56410757 | State: EpisodeState.COMPLETED | Created: 2026-09-22 09:35:05 | Elo: 1971.3
[2026-09-22 09:50:23] Ep 111973398 | Sub 56395527 | State: EpisodeState.COMPLETED | Created: 2026-09-22 09:47:07 | Elo: 2483.1
[2026-09-22 09:54:44] Ep 111974054 | Sub 56395527 | State: EpisodeState.COMPLETED | Created: 2026-09-22 09:51:07 | Elo: 2479.4
[2026-09-22 10:05:33] Ep 111976979 | Sub 56410757 | State: EpisodeState.COMPLETED | Created: 2026-09-22 09:59:08 | Elo: 1979.6
[2026-09-22 10:05:33] Ep 111976445 | Sub 56410757 | State: EpisodeState.COMPLETED | Created: 2026-09-22 09:59:06 | Elo: 1979.6
[2026-09-22 10:18:39] Ep 111980976 | Sub 56410757 | State: EpisodeState.COMPLETED | Created: 2026-09-22 10:15:06 | Elo: 1975.1
[2026-09-22 10:18:43] Ep 111981445 | Sub 56395527 | State: EpisodeState.COMPLETED | Created: 2026-09-22 10:15:07 | Elo: 2475.1
[2026-09-22 10:36:12] Ep 111985417 | Sub 56395527 | State: EpisodeState.COMPLETED | Created: 2026-09-22 10:31:10 | Elo: 2471.3
[2026-09-22 10:40:33] Ep 111986358 | Sub 56395527 | State: EpisodeState.COMPLETED | Created: 2026-09-22 10:35:05 | Elo: 2471.5
[2026-09-22 10:40:33] Ep 111986979 | Sub 56395527 | State: EpisodeState.COMPLETED | Created: 2026-09-22 10:35:06 | Elo: 2471.5
[2026-09-22 10:44:51] Ep 111988160 | Sub 56410757 | State: EpisodeState.COMPLETED | Created: 2026-09-22 10:39:07 | Elo: 1980.6
[2026-09-22 10:44:57] Ep 111988632 | Sub 56395527 | State: EpisodeState.COMPLETED | Created: 2026-09-22 10:43:06 | Elo: 2471.5
[2026-09-22 10:47:03] Ep 111989063 | Sub 56410757 | State: EpisodeState.COMPLETED | Created: 2026-09-22 10:43:08 | Elo: 1985.1
[2026-09-22 10:53:36] Ep 111991459 | Sub 56410757 | State: EpisodeState.COMPLETED | Created: 2026-09-22 10:51:09 | Elo: 1989.3
[2026-09-22 11:06:40] Ep 111994503 | Sub 56410757 | State: EpisodeState.COMPLETED | Created: 2026-09-22 11:03:09 | Elo: 1984.2
[2026-09-22 11:11:06] Ep 111995801 | Sub 56395527 | State: EpisodeState.COMPLETED | Created: 2026-09-22 11:07:08 | Elo: 2483.4
[2026-09-22 11:19:43] Ep 111998036 | Sub 56410757 | State: EpisodeState.COMPLETED | Created: 2026-09-22 11:15:07 | Elo: 1989.7
[2026-09-22 11:30:38] Ep 112000596 | Sub 56463035 | State: EpisodeState.COMPLETED | Created: 2026-09-22 11:27:03 | Elo: 600.0
[2026-09-22 11:30:44] Ep 112001606 | Sub 56410757 | State: EpisodeState.COMPLETED | Created: 2026-09-22 11:27:08 | Elo: 1994.4
[2026-09-22 11:32:54] Ep 112000653 | Sub 56410757 | State: EpisodeState.COMPLETED | Created: 2026-09-22 11:27:05 | Elo: 1997.2
[2026-09-22 11:35:01] Ep 112001880 | Sub 56463035 | State: EpisodeState.COMPLETED | Created: 2026-09-22 11:31:09 | Elo: 740.9
[2026-09-22 11:37:11] Ep 112002976 | Sub 56463035 | State: EpisodeState.COMPLETED | Created: 2026-09-22 11:35:05 | Elo: 850.3
[2026-09-22 11:41:33] Ep 112004076 | Sub 56463035 | State: EpisodeState.COMPLETED | Created: 2026-09-22 11:39:05 | Elo: 943.6
[2026-09-22 11:43:50] Ep 112004542 | Sub 56410757 | State: EpisodeState.COMPLETED | Created: 2026-09-22 11:39:06 | Elo: 2000.5
[2026-09-22 11:48:08] Ep 112005191 | Sub 56463035 | State: EpisodeState.COMPLETED | Created: 2026-09-22 11:43:07 | Elo: 1062.9
[2026-09-22 11:52:28] Ep 112006303 | Sub 56463035 | State: EpisodeState.COMPLETED | Created: 2026-09-22 11:47:05 | Elo: 1122.1
[2026-09-22 11:56:49] Ep 112007421 | Sub 56463035 | State: EpisodeState.COMPLETED | Created: 2026-09-22 11:51:06 | Elo: 1185.5
[2026-09-22 11:59:05] Ep 112009252 | Sub 56410757 | State: EpisodeState.COMPLETED | Created: 2026-09-22 11:55:06 | Elo: 1996.6
[2026-09-22 12:01:11] Ep 112008531 | Sub 56463035 | State: EpisodeState.COMPLETED | Created: 2026-09-22 11:55:04 | Elo: 1240.2
[2026-09-22 12:01:15] Ep 112009484 | Sub 56410757 | State: EpisodeState.COMPLETED | Created: 2026-09-22 11:55:07 | Elo: 2000.9
[2026-09-22 12:03:21] Ep 112009649 | Sub 56463035 | State: EpisodeState.COMPLETED | Created: 2026-09-22 11:59:04 | Elo: 1367.6
[2026-09-22 12:06:21] Ep 112010752 | Sub 56463035 | State: EpisodeState.COMPLETED | Created: 2026-09-22 12:03:06 | Elo: 1367.6
[2026-09-22 12:10:42] Ep 112011878 | Sub 56463035 | State: EpisodeState.COMPLETED | Created: 2026-09-22 12:07:05 | Elo: 1545.0
[2026-09-22 12:15:02] Ep 112012995 | Sub 56463035 | State: EpisodeState.COMPLETED | Created: 2026-09-22 12:11:05 | Elo: 1664.9
[2026-09-22 12:17:17] Ep 112013330 | Sub 56410757 | State: EpisodeState.COMPLETED | Created: 2026-09-22 12:11:07 | Elo: 2005.2
[2026-09-22 12:21:34] Ep 112014110 | Sub 56463035 | State: EpisodeState.COMPLETED | Created: 2026-09-22 12:15:04 | Elo: 1785.6
[2026-09-22 12:23:45] Ep 112015233 | Sub 56463035 | State: EpisodeState.COMPLETED | Created: 2026-09-22 12:19:05 | Elo: 1839.0
[2026-09-22 12:25:55] Ep 112016348 | Sub 56463035 | State: EpisodeState.COMPLETED | Created: 2026-09-22 12:23:04 | Elo: 1910.3
[2026-09-22 12:30:17] Ep 112017468 | Sub 56463035 | State: EpisodeState.COMPLETED | Created: 2026-09-22 12:27:03 | Elo: 2027.3
[2026-09-22 12:34:41] Ep 112019673 | Sub 56410757 | State: EpisodeState.COMPLETED | Created: 2026-09-22 12:31:10 | Elo: 2010.3
[2026-09-22 12:36:46] Ep 112018588 | Sub 56463035 | State: EpisodeState.COMPLETED | Created: 2026-09-22 12:31:07 | Elo: 1902.7
[2026-09-22 12:38:58] Ep 112019708 | Sub 56463035 | State: EpisodeState.COMPLETED | Created: 2026-09-22 12:35:04 | Elo: 2022.9
[2026-09-22 12:43:19] Ep 112020886 | Sub 56463035 | State: EpisodeState.COMPLETED | Created: 2026-09-22 12:39:05 | Elo: 2096.2
[2026-09-22 12:45:33] Ep 112022845 | Sub 56410757 | State: EpisodeState.COMPLETED | Created: 2026-09-22 12:43:07 | Elo: 2006.9
[2026-09-22 12:47:43] Ep 112022167 | Sub 56410757 | State: EpisodeState.COMPLETED | Created: 2026-09-22 12:43:05 | Elo: 2010.7
[2026-09-22 12:49:50] Ep 112023158 | Sub 56463035 | State: EpisodeState.COMPLETED | Created: 2026-09-22 12:47:05 | Elo: 2201.3
[2026-09-22 12:49:50] Ep 112022035 | Sub 56463035 | State: EpisodeState.COMPLETED | Created: 2026-09-22 12:43:05 | Elo: 2201.3
[2026-09-22 12:56:23] Ep 112024331 | Sub 56463035 | State: EpisodeState.COMPLETED | Created: 2026-09-22 12:51:07 | Elo: 2144.4
[2026-09-22 13:00:44] Ep 112025450 | Sub 56463035 | State: EpisodeState.COMPLETED | Created: 2026-09-22 12:55:04 | Elo: 2205.0
[2026-09-22 13:00:48] Ep 112025326 | Sub 56410757 | State: EpisodeState.COMPLETED | Created: 2026-09-22 12:55:04 | Elo: 2014.2
[2026-09-22 13:02:54] Ep 112026596 | Sub 56463035 | State: EpisodeState.COMPLETED | Created: 2026-09-22 12:59:04 | Elo: 2242.4
[2026-09-22 13:02:59] Ep 112026871 | Sub 56410757 | State: EpisodeState.COMPLETED | Created: 2026-09-22 12:59:05 | Elo: 2020.5
[2026-09-22 13:07:16] Ep 112027775 | Sub 56463035 | State: EpisodeState.COMPLETED | Created: 2026-09-22 13:03:09 | Elo: 2278.7
[2026-09-22 13:09:30] Ep 112028908 | Sub 56463035 | State: EpisodeState.COMPLETED | Created: 2026-09-22 13:07:06 | Elo: 2249.6
[2026-09-22 13:16:03] Ep 112030038 | Sub 56463035 | State: EpisodeState.COMPLETED | Created: 2026-09-22 13:11:09 | Elo: 2272.7
[2026-09-22 13:18:14] Ep 112031177 | Sub 56463035 | State: EpisodeState.COMPLETED | Created: 2026-09-22 13:15:05 | Elo: 2291.0
[2026-09-22 13:24:45] Ep 112032301 | Sub 56463035 | State: EpisodeState.COMPLETED | Created: 2026-09-22 13:19:09 | Elo: 2308.6
[2026-09-22 13:26:56] Ep 112033431 | Sub 56463035 | State: EpisodeState.COMPLETED | Created: 2026-09-22 13:23:06 | Elo: 2332.3
[2026-09-22 13:27:00] Ep 112033963 | Sub 56410757 | State: EpisodeState.COMPLETED | Created: 2026-09-22 13:23:07 | Elo: 2027.3
[2026-09-22 13:29:11] Ep 112034091 | Sub 56410757 | State: EpisodeState.COMPLETED | Created: 2026-09-22 13:23:08 | Elo: 2035.5
[2026-09-22 13:29:11] Ep 112034048 | Sub 56410757 | State: EpisodeState.COMPLETED | Created: 2026-09-22 13:23:07 | Elo: 2035.5
[2026-09-22 13:33:27] Ep 112034587 | Sub 56463035 | State: EpisodeState.COMPLETED | Created: 2026-09-22 13:27:07 | Elo: 2312.5
[2026-09-22 13:35:38] Ep 112035887 | Sub 56463035 | State: EpisodeState.COMPLETED | Created: 2026-09-22 13:31:09 | Elo: 2317.9
[2026-09-22 13:35:38] Ep 112035719 | Sub 56463035 | State: EpisodeState.COMPLETED | Created: 2026-09-22 13:31:09 | Elo: 2317.9
[2026-09-22 13:37:48] Ep 112036862 | Sub 56463035 | State: EpisodeState.COMPLETED | Created: 2026-09-22 13:35:06 | Elo: 2323.5
[2026-09-22 13:37:48] Ep 112036074 | Sub 56463035 | State: EpisodeState.COMPLETED | Created: 2026-09-22 13:31:10 | Elo: 2323.5
[2026-09-22 13:42:13] Ep 112038616 | Sub 56410757 | State: EpisodeState.COMPLETED | Created: 2026-09-22 13:39:07 | Elo: 2039.5
[2026-09-22 13:44:20] Ep 112038004 | Sub 56463035 | State: EpisodeState.COMPLETED | Created: 2026-09-22 13:39:05 | Elo: 2339.8
[2026-09-22 13:46:31] Ep 112039134 | Sub 56463035 | State: EpisodeState.COMPLETED | Created: 2026-09-22 13:43:06 | Elo: 2352.3
[2026-09-22 13:46:36] Ep 112039822 | Sub 56410757 | State: EpisodeState.COMPLETED | Created: 2026-09-22 13:43:08 | Elo: 2043.6
[2026-09-22 13:46:36] Ep 112039093 | Sub 56410757 | State: EpisodeState.COMPLETED | Created: 2026-09-22 13:43:06 | Elo: 2043.6
[2026-09-22 13:50:55] Ep 112040285 | Sub 56463035 | State: EpisodeState.COMPLETED | Created: 2026-09-22 13:47:05 | Elo: 2349.6
[2026-09-22 13:50:55] Ep 112039460 | Sub 56463035 | State: EpisodeState.COMPLETED | Created: 2026-09-22 13:43:07 | Elo: 2349.6
[2026-09-22 13:57:27] Ep 112041429 | Sub 56463035 | State: EpisodeState.COMPLETED | Created: 2026-09-22 13:51:07 | Elo: 2377.1
[2026-09-22 13:57:27] Ep 112041524 | Sub 56463035 | State: EpisodeState.COMPLETED | Created: 2026-09-22 13:51:07 | Elo: 2377.1
[2026-09-22 13:59:37] Ep 112042556 | Sub 56463035 | State: EpisodeState.COMPLETED | Created: 2026-09-22 13:55:06 | Elo: 2389.0
[2026-09-22 14:01:50] Ep 112043721 | Sub 56463035 | State: EpisodeState.COMPLETED | Created: 2026-09-22 13:59:05 | Elo: 2397.2
[2026-09-22 14:06:16] Ep 112045455 | Sub 56410757 | State: EpisodeState.COMPLETED | Created: 2026-09-22 14:03:08 | Elo: 2042.8
[2026-09-22 14:08:22] Ep 112044838 | Sub 56463035 | State: EpisodeState.COMPLETED | Created: 2026-09-22 14:03:06 | Elo: 2409.1
[2026-09-22 14:10:33] Ep 112045955 | Sub 56463035 | State: EpisodeState.COMPLETED | Created: 2026-09-22 14:07:05 | Elo: 2395.9
[2026-09-22 14:14:55] Ep 112047102 | Sub 56463035 | State: EpisodeState.COMPLETED | Created: 2026-09-22 14:11:08 | Elo: 2403.9
[2026-09-22 14:19:20] Ep 112048837 | Sub 56410757 | State: EpisodeState.COMPLETED | Created: 2026-09-22 14:15:06 | Elo: 2047.5
[2026-09-22 14:21:26] Ep 112049363 | Sub 56463035 | State: EpisodeState.COMPLETED | Created: 2026-09-22 14:19:05 | Elo: 2408.0
[2026-09-22 14:21:26] Ep 112048242 | Sub 56463035 | State: EpisodeState.COMPLETED | Created: 2026-09-22 14:15:05 | Elo: 2408.0
[2026-09-22 14:28:00] Ep 112050503 | Sub 56463035 | State: EpisodeState.COMPLETED | Created: 2026-09-22 14:23:05 | Elo: 2417.0
[2026-09-22 14:30:11] Ep 112051639 | Sub 56463035 | State: EpisodeState.COMPLETED | Created: 2026-09-22 14:27:07 | Elo: 2427.1
[2026-09-22 14:32:26] Ep 112051995 | Sub 56410757 | State: EpisodeState.COMPLETED | Created: 2026-09-22 14:27:08 | Elo: 2052.0
[2026-09-22 14:36:43] Ep 112052774 | Sub 56463035 | State: EpisodeState.COMPLETED | Created: 2026-09-22 14:31:08 | Elo: 2435.7
[2026-09-22 14:41:05] Ep 112053925 | Sub 56463035 | State: EpisodeState.COMPLETED | Created: 2026-09-22 14:38:04 | Elo: 2443.7
[2026-09-22 14:45:27] Ep 112055079 | Sub 56463035 | State: EpisodeState.COMPLETED | Created: 2026-09-22 14:41:49 | Elo: 2452.1
[2026-09-22 14:47:38] Ep 112056216 | Sub 56463035 | State: EpisodeState.COMPLETED | Created: 2026-09-22 14:45:49 | Elo: 2455.6
[2026-09-22 14:47:43] Ep 112054718 | Sub 56410757 | State: EpisodeState.COMPLETED | Created: 2026-09-22 14:41:49 | Elo: 2056.6
[2026-09-22 14:54:11] Ep 112057356 | Sub 56463035 | State: EpisodeState.COMPLETED | Created: 2026-09-22 14:49:49 | Elo: 2464.3
[2026-09-22 14:58:33] Ep 112058756 | Sub 56463035 | State: EpisodeState.COMPLETED | Created: 2026-09-22 14:53:49 | Elo: 2455.1
[2026-09-22 15:02:54] Ep 112059633 | Sub 56463035 | State: EpisodeState.COMPLETED | Created: 2026-09-22 14:57:51 | Elo: 2449.3
[2026-09-22 15:02:59] Ep 112060162 | Sub 56410757 | State: EpisodeState.COMPLETED | Created: 2026-09-22 14:57:52 | Elo: 2060.0
[2026-09-22 15:07:16] Ep 112061339 | Sub 56463035 | State: EpisodeState.COMPLETED | Created: 2026-09-22 15:01:50 | Elo: 2461.8
[2026-09-22 15:07:16] Ep 112060749 | Sub 56463035 | State: EpisodeState.COMPLETED | Created: 2026-09-22 15:01:50 | Elo: 2461.8
[2026-09-22 15:09:27] Ep 112061910 | Sub 56463035 | State: EpisodeState.COMPLETED | Created: 2026-09-22 15:05:50 | Elo: 2469.9
[2026-09-22 15:13:47] Ep 112063057 | Sub 56463035 | State: EpisodeState.COMPLETED | Created: 2026-09-22 15:09:49 | Elo: 2476.8
[2026-09-22 15:18:07] Ep 112064189 | Sub 56463035 | State: EpisodeState.COMPLETED | Created: 2026-09-22 15:13:49 | Elo: 2473.1
[2026-09-22 15:20:19] Ep 112065273 | Sub 56463035 | State: EpisodeState.COMPLETED | Created: 2026-09-22 15:17:54 | Elo: 2482.5
[2026-09-22 15:24:48] Ep 112066948 | Sub 56410757 | State: EpisodeState.COMPLETED | Created: 2026-09-22 15:21:51 | Elo: 2060.1
[2026-09-22 15:24:48] Ep 112066256 | Sub 56410757 | State: EpisodeState.COMPLETED | Created: 2026-09-22 15:21:50 | Elo: 2060.1
[2026-09-22 15:26:55] Ep 112066375 | Sub 56463035 | State: EpisodeState.COMPLETED | Created: 2026-09-22 15:21:50 | Elo: 2487.5
[2026-09-22 15:26:59] Ep 112066209 | Sub 56410757 | State: EpisodeState.COMPLETED | Created: 2026-09-22 15:21:50 | Elo: 2064.2
[2026-09-22 15:31:17] Ep 112067577 | Sub 56463035 | State: EpisodeState.COMPLETED | Created: 2026-09-22 15:25:51 | Elo: 2492.1
[2026-09-22 15:33:28] Ep 112068694 | Sub 56463035 | State: EpisodeState.COMPLETED | Created: 2026-09-22 15:29:51 | Elo: 2488.0
[2026-09-22 15:40:02] Ep 112071026 | Sub 56463035 | State: EpisodeState.COMPLETED | Created: 2026-09-22 15:37:53 | Elo: 2499.8
[2026-09-22 15:40:02] Ep 112070058 | Sub 56463035 | State: EpisodeState.COMPLETED | Created: 2026-09-22 15:33:49 | Elo: 2499.8
[2026-09-22 15:48:48] Ep 112073315 | Sub 56463035 | State: EpisodeState.COMPLETED | Created: 2026-09-22 15:45:49 | Elo: 2509.4
[2026-09-22 15:48:48] Ep 112072184 | Sub 56463035 | State: EpisodeState.COMPLETED | Created: 2026-09-22 15:41:51 | Elo: 2509.4
[2026-09-22 15:55:22] Ep 112074835 | Sub 56463035 | State: EpisodeState.COMPLETED | Created: 2026-09-22 15:49:49 | Elo: 2518.5
[2026-09-22 15:55:22] Ep 112074468 | Sub 56463035 | State: EpisodeState.COMPLETED | Created: 2026-09-22 15:49:49 | Elo: 2518.5
[2026-09-22 15:55:26] Ep 112074695 | Sub 56410757 | State: EpisodeState.COMPLETED | Created: 2026-09-22 15:49:49 | Elo: 2068.8
[2026-09-22 15:57:32] Ep 112075523 | Sub 56463035 | State: EpisodeState.COMPLETED | Created: 2026-09-22 15:53:50 | Elo: 2524.6
[2026-09-22 15:57:37] Ep 112075114 | Sub 56410757 | State: EpisodeState.COMPLETED | Created: 2026-09-22 15:53:49 | Elo: 2072.2
[2026-09-22 16:01:55] Ep 112076759 | Sub 56463035 | State: EpisodeState.COMPLETED | Created: 2026-09-22 15:57:51 | Elo: 2531.1
[2026-09-22 16:04:06] Ep 112077897 | Sub 56463035 | State: EpisodeState.COMPLETED | Created: 2026-09-22 16:01:49 | Elo: 2536.8
[2026-09-22 16:12:49] Ep 112079040 | Sub 56463035 | State: EpisodeState.COMPLETED | Created: 2026-09-22 16:05:52 | Elo: 2533.0
[2026-09-22 16:15:01] Ep 112080165 | Sub 56463035 | State: EpisodeState.COMPLETED | Created: 2026-09-22 16:09:49 | Elo: 2538.1
[2026-09-22 16:17:12] Ep 112081287 | Sub 56463035 | State: EpisodeState.COMPLETED | Created: 2026-09-22 16:13:49 | Elo: 2542.3
[2026-09-22 16:19:24] Ep 112081226 | Sub 56463035 | State: EpisodeState.COMPLETED | Created: 2026-09-22 16:13:49 | Elo: 2547.1
[2026-09-22 16:21:33] Ep 112082800 | Sub 56463035 | State: EpisodeState.COMPLETED | Created: 2026-09-22 16:17:56 | Elo: 2550.8
[2026-09-22 16:21:37] Ep 112082785 | Sub 56410757 | State: EpisodeState.COMPLETED | Created: 2026-09-22 16:17:56 | Elo: 2075.9
[2026-09-22 16:23:48] Ep 112082827 | Sub 56410757 | State: EpisodeState.COMPLETED | Created: 2026-09-22 16:17:56 | Elo: 2071.2
[2026-09-22 16:28:10] Ep 112084157 | Sub 56410757 | State: EpisodeState.COMPLETED | Created: 2026-09-22 16:25:48 | Elo: 2076.7
[2026-09-22 16:41:11] Ep 112086582 | Sub 56463035 | State: EpisodeState.COMPLETED | Created: 2026-09-22 16:33:48 | Elo: 2547.2
[2026-09-22 16:50:00] Ep 112090566 | Sub 56410757 | State: EpisodeState.COMPLETED | Created: 2026-09-22 16:45:50 | Elo: 2081.5
[2026-09-22 17:03:06] Ep 112093956 | Sub 56463035 | State: EpisodeState.COMPLETED | Created: 2026-09-22 16:57:54 | Elo: 2553.1
[2026-09-22 17:03:11] Ep 112093948 | Sub 56410757 | State: EpisodeState.COMPLETED | Created: 2026-09-22 16:57:54 | Elo: 2086.4
[2026-09-22 17:16:17] Ep 112096586 | Sub 56410757 | State: EpisodeState.COMPLETED | Created: 2026-09-22 17:09:48 | Elo: 2090.7
[2026-09-22 17:20:34] Ep 112099537 | Sub 56463035 | State: EpisodeState.COMPLETED | Created: 2026-09-22 17:17:54 | Elo: 2549.1
[2026-09-22 17:40:20] Ep 112104032 | Sub 56410757 | State: EpisodeState.COMPLETED | Created: 2026-09-22 17:34:00 | Elo: 2096.6
[2026-09-22 17:44:39] Ep 112106398 | Sub 56463035 | State: EpisodeState.COMPLETED | Created: 2026-09-22 17:41:57 | Elo: 2553.1
[2026-09-22 18:02:13] Ep 112110761 | Sub 56410757 | State: EpisodeState.COMPLETED | Created: 2026-09-22 17:58:00 | Elo: 2101.8
[2026-09-22 18:10:54] Ep 112113134 | Sub 56463035 | State: EpisodeState.COMPLETED | Created: 2026-09-22 18:05:58 | Elo: 2557.3
[2026-09-22 18:26:17] Ep 112117557 | Sub 56410757 | State: EpisodeState.COMPLETED | Created: 2026-09-22 18:22:00 | Elo: 2106.5
[2026-09-22 18:37:10] Ep 112120064 | Sub 56463035 | State: EpisodeState.COMPLETED | Created: 2026-09-22 18:34:31 | Elo: 2561.1
[2026-09-22 18:39:24] Ep 112119414 | Sub 56410757 | State: EpisodeState.COMPLETED | Created: 2026-09-22 18:34:30 | Elo: 2101.7
[2026-09-22 18:41:31] Ep 112121101 | Sub 56463035 | State: EpisodeState.COMPLETED | Created: 2026-09-22 18:38:33 | Elo: 2565.2
[2026-09-22 18:45:58] Ep 112121684 | Sub 56410757 | State: EpisodeState.COMPLETED | Created: 2026-09-22 18:42:30 | Elo: 2106.6
[2026-09-22 18:48:07] Ep 112122031 | Sub 56410757 | State: EpisodeState.COMPLETED | Created: 2026-09-22 18:42:30 | Elo: 2111.1
[2026-09-22 18:56:50] Ep 112124583 | Sub 56463035 | State: EpisodeState.COMPLETED | Created: 2026-09-22 18:50:34 | Elo: 2570.6
[2026-09-22 18:56:54] Ep 112123868 | Sub 56410757 | State: EpisodeState.COMPLETED | Created: 2026-09-22 18:50:33 | Elo: 2114.8
[2026-09-22 19:03:22] Ep 112125779 | Sub 56463035 | State: EpisodeState.COMPLETED | Created: 2026-09-22 18:56:00 | Elo: 2575.5
[2026-09-22 19:12:06] Ep 112128633 | Sub 56463035 | State: EpisodeState.COMPLETED | Created: 2026-09-22 19:07:41 | Elo: 2571.7
[2026-09-22 19:16:34] Ep 112130730 | Sub 56410757 | State: EpisodeState.COMPLETED | Created: 2026-09-22 19:11:42 | Elo: 2119.7
[2026-09-22 19:20:57] Ep 112131116 | Sub 56410757 | State: EpisodeState.COMPLETED | Created: 2026-09-22 19:15:46 | Elo: 2122.8
[2026-09-22 19:31:51] Ep 112135366 | Sub 56463035 | State: EpisodeState.COMPLETED | Created: 2026-09-22 19:27:43 | Elo: 2575.1
[2026-09-22 19:36:12] Ep 112136568 | Sub 56463035 | State: EpisodeState.COMPLETED | Created: 2026-09-22 19:31:42 | Elo: 2579.2
[2026-09-22 19:40:38] Ep 112137639 | Sub 56410757 | State: EpisodeState.COMPLETED | Created: 2026-09-22 19:35:45 | Elo: 2122.2
[2026-09-22 19:40:38] Ep 112137647 | Sub 56410757 | State: EpisodeState.COMPLETED | Created: 2026-09-22 19:35:45 | Elo: 2122.2
[2026-09-22 19:47:13] Ep 112139568 | Sub 56410757 | State: EpisodeState.COMPLETED | Created: 2026-09-22 19:43:42 | Elo: 2125.7
[2026-09-22 19:55:52] Ep 112142512 | Sub 56463035 | State: EpisodeState.COMPLETED | Created: 2026-09-22 19:51:43 | Elo: 2583.7
[2026-09-22 20:00:21] Ep 112142876 | Sub 56410757 | State: EpisodeState.COMPLETED | Created: 2026-09-22 19:55:44 | Elo: 2129.8
[2026-09-22 20:11:20] Ep 112147161 | Sub 56410757 | State: EpisodeState.COMPLETED | Created: 2026-09-22 20:07:43 | Elo: 2130.8
[2026-09-22 20:11:20] Ep 112146940 | Sub 56410757 | State: EpisodeState.COMPLETED | Created: 2026-09-22 20:07:43 | Elo: 2130.8
[2026-09-22 20:20:02] Ep 112149355 | Sub 56463035 | State: EpisodeState.COMPLETED | Created: 2026-09-22 20:15:44 | Elo: 2588.4
[2026-09-22 20:24:29] Ep 112150752 | Sub 56410757 | State: EpisodeState.COMPLETED | Created: 2026-09-22 20:19:43 | Elo: 2134.0
[2026-09-22 20:41:56] Ep 112155314 | Sub 56463035 | State: EpisodeState.COMPLETED | Created: 2026-09-22 20:35:45 | Elo: 2592.1
[2026-09-22 20:44:12] Ep 112156559 | Sub 56410757 | State: EpisodeState.COMPLETED | Created: 2026-09-22 20:39:43 | Elo: 2139.1
[2026-09-22 20:48:33] Ep 112157780 | Sub 56410757 | State: EpisodeState.COMPLETED | Created: 2026-09-22 20:44:42 | Elo: 2144.1
[2026-09-22 20:52:49] Ep 112158972 | Sub 56463035 | State: EpisodeState.COMPLETED | Created: 2026-09-22 20:48:33 | Elo: 2596.4
[2026-09-22 21:08:07] Ep 112163602 | Sub 56463035 | State: EpisodeState.COMPLETED | Created: 2026-09-22 21:04:32 | Elo: 2601.6
[2026-09-22 21:10:24] Ep 112163600 | Sub 56410757 | State: EpisodeState.COMPLETED | Created: 2026-09-22 21:04:32 | Elo: 2148.0
[2026-09-22 21:30:03] Ep 112169364 | Sub 56463035 | State: EpisodeState.COMPLETED | Created: 2026-09-22 21:24:45 | Elo: 2607.1
[2026-09-22 21:30:08] Ep 112169375 | Sub 56410757 | State: EpisodeState.COMPLETED | Created: 2026-09-22 21:24:45 | Elo: 2152.2
[2026-09-22 21:49:45] Ep 112174957 | Sub 56463035 | State: EpisodeState.COMPLETED | Created: 2026-09-22 21:44:48 | Elo: 2609.8
[2026-09-22 21:49:50] Ep 112174958 | Sub 56410757 | State: EpisodeState.COMPLETED | Created: 2026-09-22 21:44:48 | Elo: 2157.2
[2026-09-22 21:56:19] Ep 112176213 | Sub 56463035 | State: EpisodeState.COMPLETED | Created: 2026-09-22 21:48:49 | Elo: 2604.0
[2026-09-22 22:05:10] Ep 112179988 | Sub 56410757 | State: EpisodeState.COMPLETED | Created: 2026-09-22 22:00:50 | Elo: 2162.5
[2026-09-22 22:07:16] Ep 112180506 | Sub 56463035 | State: EpisodeState.COMPLETED | Created: 2026-09-22 22:04:53 | Elo: 2610.2
[2026-09-22 22:11:45] Ep 112182321 | Sub 56410757 | State: EpisodeState.COMPLETED | Created: 2026-09-22 22:08:52 | Elo: 2167.0
[2026-09-22 22:24:51] Ep 112184933 | Sub 56463035 | State: EpisodeState.COMPLETED | Created: 2026-09-22 22:21:23 | Elo: 2606.2
[2026-09-22 22:27:02] Ep 112184690 | Sub 56463035 | State: EpisodeState.COMPLETED | Created: 2026-09-22 22:21:23 | Elo: 2610.6
[2026-09-22 22:33:42] Ep 112186337 | Sub 56410757 | State: EpisodeState.COMPLETED | Created: 2026-09-22 22:25:12 | Elo: 2172.6
[2026-09-22 22:44:33] Ep 112192010 | Sub 56463035 | State: EpisodeState.COMPLETED | Created: 2026-09-22 22:41:10 | Elo: 2620.2
[2026-09-22 22:44:33] Ep 112191403 | Sub 56463035 | State: EpisodeState.COMPLETED | Created: 2026-09-22 22:41:09 | Elo: 2620.2
[2026-09-22 22:49:00] Ep 112193563 | Sub 56410757 | State: EpisodeState.COMPLETED | Created: 2026-09-22 22:45:07 | Elo: 2181.7
[2026-09-22 22:49:00] Ep 112193417 | Sub 56410757 | State: EpisodeState.COMPLETED | Created: 2026-09-22 22:45:07 | Elo: 2181.7
[2026-09-22 22:57:40] Ep 112196343 | Sub 56463035 | State: EpisodeState.COMPLETED | Created: 2026-09-22 22:53:04 | Elo: 2620.3
[2026-09-22 22:57:40] Ep 112195761 | Sub 56463035 | State: EpisodeState.COMPLETED | Created: 2026-09-22 22:53:03 | Elo: 2620.3
[2026-09-22 23:04:17] Ep 112199080 | Sub 56410757 | State: EpisodeState.COMPLETED | Created: 2026-09-22 23:01:12 | Elo: 2181.7
[2026-09-22 23:12:58] Ep 112202317 | Sub 56463035 | State: EpisodeState.COMPLETED | Created: 2026-09-22 23:09:08 | Elo: 2625.5
[2026-09-22 23:19:37] Ep 112204958 | Sub 56410757 | State: EpisodeState.COMPLETED | Created: 2026-09-22 23:17:11 | Elo: 2182.9
[2026-09-22 23:23:55] Ep 112206201 | Sub 56463035 | State: EpisodeState.COMPLETED | Created: 2026-09-22 23:21:08 | Elo: 2629.6
[2026-09-22 23:26:07] Ep 112205584 | Sub 56463035 | State: EpisodeState.COMPLETED | Created: 2026-09-22 23:21:08 | Elo: 2633.7
[2026-09-22 23:39:12] Ep 112210146 | Sub 56463035 | State: EpisodeState.COMPLETED | Created: 2026-09-22 23:33:05 | Elo: 2639.2
[2026-09-22 23:43:39] Ep 112211184 | Sub 56410757 | State: EpisodeState.COMPLETED | Created: 2026-09-22 23:37:03 | Elo: 2184.6
[2026-09-22 23:43:39] Ep 112210925 | Sub 56410757 | State: EpisodeState.COMPLETED | Created: 2026-09-22 23:37:03 | Elo: 2184.6
[2026-09-22 23:52:20] Ep 112215627 | Sub 56463035 | State: EpisodeState.COMPLETED | Created: 2026-09-22 23:49:05 | Elo: 2644.1
[2026-09-22 23:58:59] Ep 112216939 | Sub 56410757 | State: EpisodeState.COMPLETED | Created: 2026-09-22 23:53:06 | Elo: 2188.4
[2026-09-23 00:01:05] Ep 112217210 | Sub 56463035 | State: EpisodeState.COMPLETED | Created: 2026-09-22 23:53:06 | Elo: 2639.9
[2026-09-23 00:03:15] Ep 112219673 | Sub 56463035 | State: EpisodeState.COMPLETED | Created: 2026-09-23 00:01:13 | Elo: 2643.2
[2026-09-23 00:12:05] Ep 112222974 | Sub 56410757 | State: EpisodeState.COMPLETED | Created: 2026-09-23 00:09:04 | Elo: 2193.1
[2026-09-23 00:23:00] Ep 112225124 | Sub 56463035 | State: EpisodeState.COMPLETED | Created: 2026-09-23 00:17:05 | Elo: 2639.9
[2026-09-23 00:34:03] Ep 112229692 | Sub 56410757 | State: EpisodeState.COMPLETED | Created: 2026-09-23 00:29:04 | Elo: 2197.5
[2026-09-23 00:38:22] Ep 112231326 | Sub 56463035 | State: EpisodeState.COMPLETED | Created: 2026-09-23 00:33:04 | Elo: 2643.7
[2026-09-23 00:45:01] Ep 112233897 | Sub 56410757 | State: EpisodeState.COMPLETED | Created: 2026-09-23 00:41:08 | Elo: 2203.0
[2026-09-23 00:49:24] Ep 112234568 | Sub 56410757 | State: EpisodeState.COMPLETED | Created: 2026-09-23 00:45:05 | Elo: 2206.1
[2026-09-23 00:55:54] Ep 112238096 | Sub 56463035 | State: EpisodeState.COMPLETED | Created: 2026-09-23 00:53:06 | Elo: 2649.0
[2026-09-23 00:55:58] Ep 112238183 | Sub 56410757 | State: EpisodeState.COMPLETED | Created: 2026-09-23 00:53:06 | Elo: 2199.9
[2026-09-23 00:58:10] Ep 112237894 | Sub 56410757 | State: EpisodeState.COMPLETED | Created: 2026-09-23 00:53:05 | Elo: 2196.1
[2026-09-23 01:11:09] Ep 112241637 | Sub 56463035 | State: EpisodeState.COMPLETED | Created: 2026-09-23 01:05:05 | Elo: 2645.2
[2026-09-23 01:19:55] Ep 112244918 | Sub 56410757 | State: EpisodeState.COMPLETED | Created: 2026-09-23 01:13:05 | Elo: 2190.8
[2026-09-23 01:30:44] Ep 112248564 | Sub 56463035 | State: EpisodeState.COMPLETED | Created: 2026-09-23 01:25:04 | Elo: 2649.5
[2026-09-23 01:39:32] Ep 112252363 | Sub 56410757 | State: EpisodeState.COMPLETED | Created: 2026-09-23 01:37:13 | Elo: 2195.8
[2026-09-23 01:39:32] Ep 112251317 | Sub 56410757 | State: EpisodeState.COMPLETED | Created: 2026-09-23 01:33:09 | Elo: 2195.8
[2026-09-23 01:41:39] Ep 112252063 | Sub 56463035 | State: EpisodeState.COMPLETED | Created: 2026-09-23 01:37:13 | Elo: 2644.3
[2026-09-23 01:54:54] Ep 112256020 | Sub 56410757 | State: EpisodeState.COMPLETED | Created: 2026-09-23 01:49:05 | Elo: 2193.8
[2026-09-23 02:01:25] Ep 112258510 | Sub 56463035 | State: EpisodeState.COMPLETED | Created: 2026-09-23 01:57:08 | Elo: 2649.3
[2026-09-23 02:01:25] Ep 112258062 | Sub 56463035 | State: EpisodeState.COMPLETED | Created: 2026-09-23 01:57:08 | Elo: 2649.3
[2026-09-23 02:01:25] Ep 112258081 | Sub 56463035 | State: EpisodeState.COMPLETED | Created: 2026-09-23 01:57:08 | Elo: 2649.3
[2026-09-23 02:03:36] Ep 112258430 | Sub 56463035 | State: EpisodeState.COMPLETED | Created: 2026-09-23 01:57:08 | Elo: 2653.3
[2026-09-23 02:12:25] Ep 112262203 | Sub 56410757 | State: EpisodeState.COMPLETED | Created: 2026-09-23 02:09:05 | Elo: 2189.3
[2026-09-23 02:21:04] Ep 112263715 | Sub 56479742 | State: EpisodeState.COMPLETED | Created: 2026-09-23 02:15:10 | Elo: 600.0
[2026-09-23 02:21:09] Ep 112264726 | Sub 56463035 | State: EpisodeState.COMPLETED | Created: 2026-09-23 02:17:05 | Elo: 2653.3
[2026-09-23 02:27:36] Ep 112265169 | Sub 56479742 | State: EpisodeState.COMPLETED | Created: 2026-09-23 02:21:04 | Elo: 722.5
[2026-09-23 02:29:46] Ep 112266431 | Sub 56479742 | State: EpisodeState.COMPLETED | Created: 2026-09-23 02:25:04 | Elo: 802.9
[2026-09-23 02:34:09] Ep 112267649 | Sub 56479742 | State: EpisodeState.COMPLETED | Created: 2026-09-23 02:29:03 | Elo: 928.3
[2026-09-23 02:38:33] Ep 112268885 | Sub 56479742 | State: EpisodeState.COMPLETED | Created: 2026-09-23 02:33:07 | Elo: 1037.7
[2026-09-23 02:42:54] Ep 112270110 | Sub 56479742 | State: EpisodeState.COMPLETED | Created: 2026-09-23 02:37:08 | Elo: 1113.5
[2026-09-23 02:45:05] Ep 112271336 | Sub 56479742 | State: EpisodeState.COMPLETED | Created: 2026-09-23 02:41:09 | Elo: 1227.8
[2026-09-23 02:47:21] Ep 112271989 | Sub 56463035 | State: EpisodeState.COMPLETED | Created: 2026-09-23 02:41:10 | Elo: 2652.7
[2026-09-23 02:49:27] Ep 112272563 | Sub 56479742 | State: EpisodeState.COMPLETED | Created: 2026-09-23 02:45:13 | Elo: 1345.3
[2026-09-23 02:53:48] Ep 112273772 | Sub 56479742 | State: EpisodeState.COMPLETED | Created: 2026-09-23 02:49:05 | Elo: 1456.8
[2026-09-23 02:55:59] Ep 112274928 | Sub 56479742 | State: EpisodeState.COMPLETED | Created: 2026-09-23 02:53:05 | Elo: 1549.3
[2026-09-23 02:58:16] Ep 112275401 | Sub 56463035 | State: EpisodeState.COMPLETED | Created: 2026-09-23 02:53:06 | Elo: 2656.5
[2026-09-23 03:00:22] Ep 112276208 | Sub 56479742 | State: EpisodeState.COMPLETED | Created: 2026-09-23 02:57:05 | Elo: 1663.1
[2026-09-23 03:04:44] Ep 112277449 | Sub 56479742 | State: EpisodeState.COMPLETED | Created: 2026-09-23 03:01:06 | Elo: 1816.7
[2026-09-23 03:11:18] Ep 112278655 | Sub 56479742 | State: EpisodeState.COMPLETED | Created: 2026-09-23 03:05:24 | Elo: 1904.8
[2026-09-23 03:15:39] Ep 112279846 | Sub 56479742 | State: EpisodeState.COMPLETED | Created: 2026-09-23 03:09:22 | Elo: 1989.6
[2026-09-23 03:15:44] Ep 112281492 | Sub 56463035 | State: EpisodeState.COMPLETED | Created: 2026-09-23 03:13:19 | Elo: 2653.2
[2026-09-23 03:20:01] Ep 112281053 | Sub 56479742 | State: EpisodeState.COMPLETED | Created: 2026-09-23 03:13:18 | Elo: 2104.0
[2026-09-23 03:20:06] Ep 112282964 | Sub 56463035 | State: EpisodeState.COMPLETED | Created: 2026-09-23 03:17:04 | Elo: 2658.5
[2026-09-23 03:22:12] Ep 112282243 | Sub 56479742 | State: EpisodeState.COMPLETED | Created: 2026-09-23 03:17:03 | Elo: 2173.3
[2026-09-23 03:24:28] Ep 112284606 | Sub 56463035 | State: EpisodeState.COMPLETED | Created: 2026-09-23 03:21:10 | Elo: 2662.6
[2026-09-23 03:26:34] Ep 112283574 | Sub 56479742 | State: EpisodeState.COMPLETED | Created: 2026-09-23 03:21:08 | Elo: 2281.4
[2026-09-23 03:30:56] Ep 112286109 | Sub 56479742 | State: EpisodeState.COMPLETED | Created: 2026-09-23 03:29:03 | Elo: 2333.0
[2026-09-23 03:30:56] Ep 112285621 | Sub 56479742 | State: EpisodeState.COMPLETED | Created: 2026-09-23 03:25:05 | Elo: 2333.0
[2026-09-23 03:30:56] Ep 112284846 | Sub 56479742 | State: EpisodeState.COMPLETED | Created: 2026-09-23 03:25:04 | Elo: 2333.0
[2026-09-23 03:35:17] Ep 112287360 | Sub 56479742 | State: EpisodeState.COMPLETED | Created: 2026-09-23 03:33:03 | Elo: 2373.9
[2026-09-23 03:43:59] Ep 112290662 | Sub 56479742 | State: EpisodeState.COMPLETED | Created: 2026-09-23 03:41:12 | Elo: 2460.6
[2026-09-23 03:43:59] Ep 112288612 | Sub 56479742 | State: EpisodeState.COMPLETED | Created: 2026-09-23 03:37:04 | Elo: 2460.6
[2026-09-23 03:46:11] Ep 112289831 | Sub 56479742 | State: EpisodeState.COMPLETED | Created: 2026-09-23 03:41:11 | Elo: 2487.7
[2026-09-23 03:48:26] Ep 112291945 | Sub 56463035 | State: EpisodeState.COMPLETED | Created: 2026-09-23 03:45:09 | Elo: 2666.7
[2026-09-23 03:50:32] Ep 112291128 | Sub 56479742 | State: EpisodeState.COMPLETED | Created: 2026-09-23 03:45:08 | Elo: 2515.8
[2026-09-23 03:52:43] Ep 112292455 | Sub 56479742 | State: EpisodeState.COMPLETED | Created: 2026-09-23 03:49:09 | Elo: 2543.6
[2026-09-23 03:57:05] Ep 112293690 | Sub 56479742 | State: EpisodeState.COMPLETED | Created: 2026-09-23 03:53:03 | Elo: 2573.6
[2026-09-23 03:59:16] Ep 112294031 | Sub 56479742 | State: EpisodeState.COMPLETED | Created: 2026-09-23 03:53:04 | Elo: 2589.1
[2026-09-23 04:03:38] Ep 112294907 | Sub 56479742 | State: EpisodeState.COMPLETED | Created: 2026-09-23 03:57:03 | Elo: 2610.6
[2026-09-23 04:05:50] Ep 112296142 | Sub 56479742 | State: EpisodeState.COMPLETED | Created: 2026-09-23 04:01:08 | Elo: 2622.8
[2026-09-23 04:08:00] Ep 112297387 | Sub 56479742 | State: EpisodeState.COMPLETED | Created: 2026-09-23 04:05:05 | Elo: 2604.1
[2026-09-23 04:08:06] Ep 112296345 | Sub 56463035 | State: EpisodeState.COMPLETED | Created: 2026-09-23 04:01:08 | Elo: 2662.5
[2026-09-23 04:14:31] Ep 112298723 | Sub 56479742 | State: EpisodeState.COMPLETED | Created: 2026-09-23 04:09:06 | Elo: 2621.1
[2026-09-23 04:18:54] Ep 112299959 | Sub 56479742 | State: EpisodeState.COMPLETED | Created: 2026-09-23 04:13:04 | Elo: 2600.9
[2026-09-23 04:21:06] Ep 112301185 | Sub 56479742 | State: EpisodeState.COMPLETED | Created: 2026-09-23 04:17:04 | Elo: 2620.5
[2026-09-23 04:25:27] Ep 112302451 | Sub 56479742 | State: EpisodeState.COMPLETED | Created: 2026-09-23 04:21:17 | Elo: 2631.0
[2026-09-23 04:25:32] Ep 112302948 | Sub 56463035 | State: EpisodeState.COMPLETED | Created: 2026-09-23 04:21:17 | Elo: 2656.4
[2026-09-23 04:27:42] Ep 112302795 | Sub 56463035 | State: EpisodeState.COMPLETED | Created: 2026-09-23 04:21:17 | Elo: 2652.0
[2026-09-23 04:29:48] Ep 112303642 | Sub 56479742 | State: EpisodeState.COMPLETED | Created: 2026-09-23 04:25:04 | Elo: 2658.8
[2026-09-23 04:29:48] Ep 112303609 | Sub 56479742 | State: EpisodeState.COMPLETED | Created: 2026-09-23 04:25:04 | Elo: 2658.8
[2026-09-23 04:34:10] Ep 112304851 | Sub 56479742 | State: EpisodeState.COMPLETED | Created: 2026-09-23 04:29:05 | Elo: 2668.5
[2026-09-23 04:38:31] Ep 112305998 | Sub 56479742 | State: EpisodeState.COMPLETED | Created: 2026-09-23 04:33:06 | Elo: 2653.8
[2026-09-23 04:40:42] Ep 112306295 | Sub 56479742 | State: EpisodeState.COMPLETED | Created: 2026-09-23 04:33:06 | Elo: 2671.1
[2026-09-23 04:42:53] Ep 112307215 | Sub 56479742 | State: EpisodeState.COMPLETED | Created: 2026-09-23 04:37:04 | Elo: 2662.0
[2026-09-23 04:42:57] Ep 112307361 | Sub 56463035 | State: EpisodeState.COMPLETED | Created: 2026-09-23 04:37:04 | Elo: 2653.2
[2026-09-23 04:42:57] Ep 112307388 | Sub 56463035 | State: EpisodeState.COMPLETED | Created: 2026-09-23 04:37:04 | Elo: 2653.2
[2026-09-23 04:47:13] Ep 112308457 | Sub 56479742 | State: EpisodeState.COMPLETED | Created: 2026-09-23 04:41:06 | Elo: 2662.0
[2026-09-23 04:51:36] Ep 112309640 | Sub 56479742 | State: EpisodeState.COMPLETED | Created: 2026-09-23 04:45:05 | Elo: 2660.9
[2026-09-23 04:51:41] Ep 112310003 | Sub 56463035 | State: EpisodeState.COMPLETED | Created: 2026-09-23 04:45:06 | Elo: 2657.8
[2026-09-23 04:55:58] Ep 112312073 | Sub 56479742 | State: EpisodeState.COMPLETED | Created: 2026-09-23 04:53:09 | Elo: 2669.9
[2026-09-23 04:55:58] Ep 112310828 | Sub 56479742 | State: EpisodeState.COMPLETED | Created: 2026-09-23 04:49:07 | Elo: 2669.9
[2026-09-23 05:02:32] Ep 112313284 | Sub 56479742 | State: EpisodeState.COMPLETED | Created: 2026-09-23 04:57:13 | Elo: 2676.7
[2026-09-23 05:06:54] Ep 112314616 | Sub 56479742 | State: EpisodeState.COMPLETED | Created: 2026-09-23 05:01:12 | Elo: 2673.1
[2026-09-23 05:06:54] Ep 112314455 | Sub 56479742 | State: EpisodeState.COMPLETED | Created: 2026-09-23 05:01:12 | Elo: 2673.1
[2026-09-23 05:11:16] Ep 112315729 | Sub 56479742 | State: EpisodeState.COMPLETED | Created: 2026-09-23 05:05:06 | Elo: 2680.9
[2026-09-23 05:11:21] Ep 112316364 | Sub 56463035 | State: EpisodeState.COMPLETED | Created: 2026-09-23 05:05:07 | Elo: 2653.3
[2026-09-23 05:15:37] Ep 112316854 | Sub 56479742 | State: EpisodeState.COMPLETED | Created: 2026-09-23 05:09:06 | Elo: 2672.0
[2026-09-23 05:15:41] Ep 112317213 | Sub 56463035 | State: EpisodeState.COMPLETED | Created: 2026-09-23 05:09:07 | Elo: 2648.4
[2026-09-23 05:17:46] Ep 112318405 | Sub 56479742 | State: EpisodeState.COMPLETED | Created: 2026-09-23 05:13:08 | Elo: 2665.3
[2026-09-23 05:22:06] Ep 112319224 | Sub 56479742 | State: EpisodeState.COMPLETED | Created: 2026-09-23 05:17:10 | Elo: 2679.7
[2026-09-23 05:22:06] Ep 112318020 | Sub 56479742 | State: EpisodeState.COMPLETED | Created: 2026-09-23 05:13:07 | Elo: 2679.7
[2026-09-23 05:26:28] Ep 112320426 | Sub 56479742 | State: EpisodeState.COMPLETED | Created: 2026-09-23 05:21:12 | Elo: 2686.5
[2026-09-23 05:30:50] Ep 112321039 | Sub 56479742 | State: EpisodeState.COMPLETED | Created: 2026-09-23 05:21:13 | Elo: 2672.1
[2026-09-23 05:30:50] Ep 112321678 | Sub 56479742 | State: EpisodeState.COMPLETED | Created: 2026-09-23 05:25:04 | Elo: 2672.1
[2026-09-23 05:33:02] Ep 112323294 | Sub 56479742 | State: EpisodeState.COMPLETED | Created: 2026-09-23 05:29:04 | Elo: 2674.0
[2026-09-23 05:33:02] Ep 112322855 | Sub 56479742 | State: EpisodeState.COMPLETED | Created: 2026-09-23 05:29:03 | Elo: 2674.0
[2026-09-23 05:33:06] Ep 112323282 | Sub 56463035 | State: EpisodeState.COMPLETED | Created: 2026-09-23 05:29:04 | Elo: 2651.3
[2026-09-23 05:39:33] Ep 112324093 | Sub 56479742 | State: EpisodeState.COMPLETED | Created: 2026-09-23 05:33:04 | Elo: 2679.8
[2026-09-23 05:43:54] Ep 112325177 | Sub 56479742 | State: EpisodeState.COMPLETED | Created: 2026-09-23 05:37:03 | Elo: 2673.0
[2026-09-23 05:46:04] Ep 112326458 | Sub 56479742 | State: EpisodeState.COMPLETED | Created: 2026-09-23 05:41:08 | Elo: 2667.0
[2026-09-23 05:52:38] Ep 112327697 | Sub 56479742 | State: EpisodeState.COMPLETED | Created: 2026-09-23 05:45:04 | Elo: 2673.3
[2026-09-23 05:54:49] Ep 112328982 | Sub 56479742 | State: EpisodeState.COMPLETED | Created: 2026-09-23 05:49:05 | Elo: 2665.9
[2026-09-23 05:57:05] Ep 112330602 | Sub 56463035 | State: EpisodeState.COMPLETED | Created: 2026-09-23 05:53:06 | Elo: 2654.4
[2026-09-23 05:59:11] Ep 112330188 | Sub 56479742 | State: EpisodeState.COMPLETED | Created: 2026-09-23 05:53:05 | Elo: 2672.5
[2026-09-23 06:01:22] Ep 112331448 | Sub 56479742 | State: EpisodeState.COMPLETED | Created: 2026-09-23 05:57:06 | Elo: 2678.2
[2026-09-23 06:07:54] Ep 112332683 | Sub 56479742 | State: EpisodeState.COMPLETED | Created: 2026-09-23 06:01:12 | Elo: 2681.5
[2026-09-23 06:10:04] Ep 112333847 | Sub 56479742 | State: EpisodeState.COMPLETED | Created: 2026-09-23 06:05:04 | Elo: 2685.8
[2026-09-23 06:12:14] Ep 112335058 | Sub 56479742 | State: EpisodeState.COMPLETED | Created: 2026-09-23 06:09:04 | Elo: 2680.0
[2026-09-23 06:16:35] Ep 112336300 | Sub 56479742 | State: EpisodeState.COMPLETED | Created: 2026-09-23 06:13:04 | Elo: 2685.7
[2026-09-23 06:20:57] Ep 112337505 | Sub 56479742 | State: EpisodeState.COMPLETED | Created: 2026-09-23 06:17:05 | Elo: 2692.3
[2026-09-23 06:25:19] Ep 112338688 | Sub 56479742 | State: EpisodeState.COMPLETED | Created: 2026-09-23 06:21:17 | Elo: 2685.8
[2026-09-23 06:25:24] Ep 112338881 | Sub 56463035 | State: EpisodeState.COMPLETED | Created: 2026-09-23 06:21:17 | Elo: 2653.1
[2026-09-23 06:25:24] Ep 112338641 | Sub 56463035 | State: EpisodeState.COMPLETED | Created: 2026-09-23 06:21:17 | Elo: 2653.1
[2026-09-23 06:27:35] Ep 112338591 | Sub 56463035 | State: EpisodeState.COMPLETED | Created: 2026-09-23 06:21:17 | Elo: 2648.3
[2026-09-23 06:31:54] Ep 112339894 | Sub 56479742 | State: EpisodeState.COMPLETED | Created: 2026-09-23 06:25:07 | Elo: 2679.2
[2026-09-23 06:34:04] Ep 112341075 | Sub 56479742 | State: EpisodeState.COMPLETED | Created: 2026-09-23 06:29:04 | Elo: 2673.8
[2026-09-23 06:36:15] Ep 112342258 | Sub 56479742 | State: EpisodeState.COMPLETED | Created: 2026-09-23 06:33:04 | Elo: 2668.7
[2026-09-23 06:40:35] Ep 112343503 | Sub 56479742 | State: EpisodeState.COMPLETED | Created: 2026-09-23 06:37:04 | Elo: 2673.5
[2026-09-23 06:47:10] Ep 112344750 | Sub 56479742 | State: EpisodeState.COMPLETED | Created: 2026-09-23 06:41:10 | Elo: 2669.9
[2026-09-23 06:49:25] Ep 112346345 | Sub 56463035 | State: EpisodeState.COMPLETED | Created: 2026-09-23 06:45:10 | Elo: 2652.8
[2026-09-23 06:51:31] Ep 112345933 | Sub 56479742 | State: EpisodeState.COMPLETED | Created: 2026-09-23 06:45:10 | Elo: 2666.2
[2026-09-23 06:53:41] Ep 112347143 | Sub 56479742 | State: EpisodeState.COMPLETED | Created: 2026-09-23 06:49:13 | Elo: 2669.2
[2026-09-23 07:00:26] Ep 112348421 | Sub 56479742 | State: EpisodeState.COMPLETED | Created: 2026-09-23 06:53:04 | Elo: 2665.9
[2026-09-23 07:02:38] Ep 112349615 | Sub 56479742 | State: EpisodeState.COMPLETED | Created: 2026-09-23 06:57:05 | Elo: 2657.3
[2026-09-23 07:02:38] Ep 112349497 | Sub 56479742 | State: EpisodeState.COMPLETED | Created: 2026-09-23 06:57:05 | Elo: 2657.3
[2026-09-23 07:20:09] Ep 112355688 | Sub 56463035 | State: EpisodeState.COMPLETED | Created: 2026-09-23 07:17:04 | Elo: 2653.2
[2026-09-23 07:20:09] Ep 112354405 | Sub 56463035 | State: EpisodeState.COMPLETED | Created: 2026-09-23 07:13:04 | Elo: 2653.2
[2026-09-23 07:24:25] Ep 112356993 | Sub 56479742 | State: EpisodeState.COMPLETED | Created: 2026-09-23 07:21:08 | Elo: 2653.2
[2026-09-23 07:28:47] Ep 112357796 | Sub 56479742 | State: EpisodeState.COMPLETED | Created: 2026-09-23 07:25:04 | Elo: 2653.4
[2026-09-23 07:28:47] Ep 112356920 | Sub 56479742 | State: EpisodeState.COMPLETED | Created: 2026-09-23 07:21:07 | Elo: 2653.4
[2026-09-23 07:44:00] Ep 112361751 | Sub 56479742 | State: EpisodeState.COMPLETED | Created: 2026-09-23 07:37:11 | Elo: 2649.1
[2026-09-23 07:48:26] Ep 112364166 | Sub 56463035 | State: EpisodeState.COMPLETED | Created: 2026-09-23 07:45:05 | Elo: 2648.5
[2026-09-23 08:07:59] Ep 112370311 | Sub 56463035 | State: EpisodeState.COMPLETED | Created: 2026-09-23 08:05:05 | Elo: 2645.0
[2026-09-23 08:10:06] Ep 112370201 | Sub 56479742 | State: EpisodeState.COMPLETED | Created: 2026-09-23 08:05:04 | Elo: 2653.2
[2026-09-23 08:18:54] Ep 112373827 | Sub 56463035 | State: EpisodeState.COMPLETED | Created: 2026-09-23 08:17:05 | Elo: 2641.0
[2026-09-23 08:21:05] Ep 112373864 | Sub 56463035 | State: EpisodeState.COMPLETED | Created: 2026-09-23 08:17:05 | Elo: 2644.2
[2026-09-23 08:27:34] Ep 112372095 | Sub 56479742 | State: EpisodeState.COMPLETED | Created: 2026-09-23 08:13:07 | Elo: 2650.4
[2026-09-23 08:38:27] Ep 112377960 | Sub 56479742 | State: EpisodeState.COMPLETED | Created: 2026-09-23 08:33:04 | Elo: 2645.0
[2026-09-23 08:38:31] Ep 112378279 | Sub 56463035 | State: EpisodeState.COMPLETED | Created: 2026-09-23 08:33:04 | Elo: 2648.9
[2026-09-23 08:44:57] Ep 112380522 | Sub 56479742 | State: EpisodeState.COMPLETED | Created: 2026-09-23 08:41:11 | Elo: 2641.8
[2026-09-23 08:53:42] Ep 112383236 | Sub 56479742 | State: EpisodeState.COMPLETED | Created: 2026-09-23 08:49:09 | Elo: 2637.7
[2026-09-23 09:06:50] Ep 112386818 | Sub 56463035 | State: EpisodeState.COMPLETED | Created: 2026-09-23 09:01:16 | Elo: 2652.7
[2026-09-23 09:19:51] Ep 112391677 | Sub 56479742 | State: EpisodeState.COMPLETED | Created: 2026-09-23 09:17:11 | Elo: 2633.9
[2026-09-23 09:28:34] Ep 112393446 | Sub 56479742 | State: EpisodeState.COMPLETED | Created: 2026-09-23 09:25:10 | Elo: 2629.4
[2026-09-23 09:32:56] Ep 112395258 | Sub 56479742 | State: EpisodeState.COMPLETED | Created: 2026-09-23 09:29:11 | Elo: 2626.3
[2026-09-23 09:35:08] Ep 112394613 | Sub 56479742 | State: EpisodeState.COMPLETED | Created: 2026-09-23 09:29:10 | Elo: 2630.9
[2026-09-23 09:35:12] Ep 112395271 | Sub 56463035 | State: EpisodeState.COMPLETED | Created: 2026-09-23 09:29:11 | Elo: 2648.3
[2026-09-23 09:39:32] Ep 112395703 | Sub 56463035 | State: EpisodeState.COMPLETED | Created: 2026-09-23 09:33:08 | Elo: 2652.2
[2026-09-23 09:41:38] Ep 112397023 | Sub 56479742 | State: EpisodeState.COMPLETED | Created: 2026-09-23 09:37:09 | Elo: 2636.1
[2026-09-23 09:50:26] Ep 112399947 | Sub 56463035 | State: EpisodeState.COMPLETED | Created: 2026-09-23 09:45:10 | Elo: 2647.2
[2026-09-23 10:05:36] Ep 112404738 | Sub 56479742 | State: EpisodeState.COMPLETED | Created: 2026-09-23 10:01:15 | Elo: 2640.8
[2026-09-23 10:18:44] Ep 112408433 | Sub 56463035 | State: EpisodeState.COMPLETED | Created: 2026-09-23 10:13:10 | Elo: 2651.0
[2026-09-23 10:25:16] Ep 112410312 | Sub 56463035 | State: EpisodeState.COMPLETED | Created: 2026-09-23 10:21:19 | Elo: 2646.0
[2026-09-23 10:29:32] Ep 112411791 | Sub 56479742 | State: EpisodeState.COMPLETED | Created: 2026-09-23 10:25:09 | Elo: 2643.9
[2026-09-23 10:33:54] Ep 112412662 | Sub 56479742 | State: EpisodeState.COMPLETED | Created: 2026-09-23 10:29:12 | Elo: 2639.3
[2026-09-23 10:51:18] Ep 112418608 | Sub 56479742 | State: EpisodeState.COMPLETED | Created: 2026-09-23 10:49:12 | Elo: 2635.8
[2026-09-23 10:53:33] Ep 112418889 | Sub 56463035 | State: EpisodeState.COMPLETED | Created: 2026-09-23 10:49:13 | Elo: 2642.2
[2026-09-23 11:04:24] Ep 112422276 | Sub 56463035 | State: EpisodeState.COMPLETED | Created: 2026-09-23 11:01:16 | Elo: 2637.4
[2026-09-23 11:06:30] Ep 112422024 | Sub 56479742 | State: EpisodeState.COMPLETED | Created: 2026-09-23 11:01:15 | Elo: 2640.2
[2026-09-23 11:13:02] Ep 112424310 | Sub 56479742 | State: EpisodeState.COMPLETED | Created: 2026-09-23 11:09:08 | Elo: 2634.8
[2026-09-23 11:13:06] Ep 112424596 | Sub 56463035 | State: EpisodeState.COMPLETED | Created: 2026-09-23 11:09:09 | Elo: 2640.7
[2026-09-23 11:15:18] Ep 112424408 | Sub 56463035 | State: EpisodeState.COMPLETED | Created: 2026-09-23 11:09:08 | Elo: 2647.1
[2026-09-23 11:17:25] Ep 112425663 | Sub 56479742 | State: EpisodeState.COMPLETED | Created: 2026-09-23 11:13:10 | Elo: 2639.0
[2026-09-23 11:19:37] Ep 112427201 | Sub 56479742 | State: EpisodeState.COMPLETED | Created: 2026-09-23 11:17:09 | Elo: 2643.2
[2026-09-23 11:21:49] Ep 112426429 | Sub 56479742 | State: EpisodeState.COMPLETED | Created: 2026-09-23 11:17:08 | Elo: 2637.2
[2026-09-23 11:37:08] Ep 112431608 | Sub 56479742 | State: EpisodeState.COMPLETED | Created: 2026-09-23 11:33:10 | Elo: 2641.8
[2026-09-23 11:41:40] Ep 112432905 | Sub 56463035 | State: EpisodeState.COMPLETED | Created: 2026-09-23 11:37:18 | Elo: 2642.8
[2026-09-23 11:46:08] Ep 112434246 | Sub 56463035 | State: EpisodeState.COMPLETED | Created: 2026-09-23 11:41:23 | Elo: 2647.2
[2026-09-23 12:05:42] Ep 112440071 | Sub 56479742 | State: EpisodeState.COMPLETED | Created: 2026-09-23 12:01:17 | Elo: 2645.2
[2026-09-23 12:14:32] Ep 112442546 | Sub 56463035 | State: EpisodeState.COMPLETED | Created: 2026-09-23 12:09:13 | Elo: 2650.5
[2026-09-23 12:16:44] Ep 112443672 | Sub 56463035 | State: EpisodeState.COMPLETED | Created: 2026-09-23 12:13:12 | Elo: 2646.0
[2026-09-23 12:21:03] Ep 112444676 | Sub 56479742 | State: EpisodeState.COMPLETED | Created: 2026-09-23 12:17:11 | Elo: 2640.3
[2026-09-23 12:32:01] Ep 112446886 | Sub 56479742 | State: EpisodeState.COMPLETED | Created: 2026-09-23 12:25:11 | Elo: 2637.2

=== WATCHDOG STARTED AT 2026-09-23 12:38:30 (auto-tracks newest submission) ===
[2026-09-23 12:38:34] Ep 112446886 | Sub 56479742 | State: EpisodeState.COMPLETED | Created: 2026-09-23 12:25:11 | Elo: 2637.2
[2026-09-23 12:38:34] Ep 112444676 | Sub 56479742 | State: EpisodeState.COMPLETED | Created: 2026-09-23 12:17:11 | Elo: 2637.2
[2026-09-23 12:38:34] Ep 112440071 | Sub 56479742 | State: EpisodeState.COMPLETED | Created: 2026-09-23 12:01:17 | Elo: 2637.2
[2026-09-23 12:38:34] Ep 112431608 | Sub 56479742 | State: EpisodeState.COMPLETED | Created: 2026-09-23 11:33:10 | Elo: 2637.2
[2026-09-23 12:38:34] Ep 112426429 | Sub 56479742 | State: EpisodeState.COMPLETED | Created: 2026-09-23 11:17:08 | Elo: 2637.2
[2026-09-23 12:38:34] Ep 112427201 | Sub 56479742 | State: EpisodeState.COMPLETED | Created: 2026-09-23 11:17:09 | Elo: 2637.2
[2026-09-23 12:38:34] Ep 112425663 | Sub 56479742 | State: EpisodeState.COMPLETED | Created: 2026-09-23 11:13:10 | Elo: 2637.2
[2026-09-23 12:38:34] Ep 112424310 | Sub 56479742 | State: EpisodeState.COMPLETED | Created: 2026-09-23 11:09:08 | Elo: 2637.2
[2026-09-23 12:38:34] Ep 112422024 | Sub 56479742 | State: EpisodeState.COMPLETED | Created: 2026-09-23 11:01:15 | Elo: 2637.2
[2026-09-23 12:38:34] Ep 112418608 | Sub 56479742 | State: EpisodeState.COMPLETED | Created: 2026-09-23 10:49:12 | Elo: 2637.2
[2026-09-23 12:38:34] Ep 112412662 | Sub 56479742 | State: EpisodeState.COMPLETED | Created: 2026-09-23 10:29:12 | Elo: 2637.2
[2026-09-23 12:38:34] Ep 112411791 | Sub 56479742 | State: EpisodeState.COMPLETED | Created: 2026-09-23 10:25:09 | Elo: 2637.2
[2026-09-23 12:38:34] Ep 112404738 | Sub 56479742 | State: EpisodeState.COMPLETED | Created: 2026-09-23 10:01:15 | Elo: 2637.2
[2026-09-23 12:38:34] Ep 112397023 | Sub 56479742 | State: EpisodeState.COMPLETED | Created: 2026-09-23 09:37:09 | Elo: 2637.2
[2026-09-23 12:38:34] Ep 112394613 | Sub 56479742 | State: EpisodeState.COMPLETED | Created: 2026-09-23 09:29:10 | Elo: 2637.2
[2026-09-23 12:38:34] Ep 112395258 | Sub 56479742 | State: EpisodeState.COMPLETED | Created: 2026-09-23 09:29:11 | Elo: 2637.2
[2026-09-23 12:38:34] Ep 112393446 | Sub 56479742 | State: EpisodeState.COMPLETED | Created: 2026-09-23 09:25:10 | Elo: 2637.2
[2026-09-23 12:38:34] Ep 112391677 | Sub 56479742 | State: EpisodeState.COMPLETED | Created: 2026-09-23 09:17:11 | Elo: 2637.2
[2026-09-23 12:38:34] Ep 112383236 | Sub 56479742 | State: EpisodeState.COMPLETED | Created: 2026-09-23 08:49:09 | Elo: 2637.2
[2026-09-23 12:38:34] Ep 112380522 | Sub 56479742 | State: EpisodeState.COMPLETED | Created: 2026-09-23 08:41:11 | Elo: 2637.2
[2026-09-23 12:38:34] Ep 112377960 | Sub 56479742 | State: EpisodeState.COMPLETED | Created: 2026-09-23 08:33:04 | Elo: 2637.2
[2026-09-23 12:38:34] Ep 112372095 | Sub 56479742 | State: EpisodeState.COMPLETED | Created: 2026-09-23 08:13:07 | Elo: 2637.2
[2026-09-23 12:38:34] Ep 112370201 | Sub 56479742 | State: EpisodeState.COMPLETED | Created: 2026-09-23 08:05:04 | Elo: 2637.2
[2026-09-23 12:38:34] Ep 112361751 | Sub 56479742 | State: EpisodeState.COMPLETED | Created: 2026-09-23 07:37:11 | Elo: 2637.2
[2026-09-23 12:38:34] Ep 112357796 | Sub 56479742 | State: EpisodeState.COMPLETED | Created: 2026-09-23 07:25:04 | Elo: 2637.2
[2026-09-23 12:38:34] Ep 112356920 | Sub 56479742 | State: EpisodeState.COMPLETED | Created: 2026-09-23 07:21:07 | Elo: 2637.2
[2026-09-23 12:38:34] Ep 112356993 | Sub 56479742 | State: EpisodeState.COMPLETED | Created: 2026-09-23 07:21:08 | Elo: 2637.2
[2026-09-23 12:38:34] Ep 112349615 | Sub 56479742 | State: EpisodeState.COMPLETED | Created: 2026-09-23 06:57:05 | Elo: 2637.2
[2026-09-23 12:38:34] Ep 112349497 | Sub 56479742 | State: EpisodeState.COMPLETED | Created: 2026-09-23 06:57:05 | Elo: 2637.2
[2026-09-23 12:38:34] Ep 112348421 | Sub 56479742 | State: EpisodeState.COMPLETED | Created: 2026-09-23 06:53:04 | Elo: 2637.2
[2026-09-23 12:38:34] Ep 112347143 | Sub 56479742 | State: EpisodeState.COMPLETED | Created: 2026-09-23 06:49:13 | Elo: 2637.2
[2026-09-23 12:38:34] Ep 112345933 | Sub 56479742 | State: EpisodeState.COMPLETED | Created: 2026-09-23 06:45:10 | Elo: 2637.2
[2026-09-23 12:38:34] Ep 112344750 | Sub 56479742 | State: EpisodeState.COMPLETED | Created: 2026-09-23 06:41:10 | Elo: 2637.2
[2026-09-23 12:38:34] Ep 112343503 | Sub 56479742 | State: EpisodeState.COMPLETED | Created: 2026-09-23 06:37:04 | Elo: 2637.2
[2026-09-23 12:38:34] Ep 112342258 | Sub 56479742 | State: EpisodeState.COMPLETED | Created: 2026-09-23 06:33:04 | Elo: 2637.2
[2026-09-23 12:38:34] Ep 112341075 | Sub 56479742 | State: EpisodeState.COMPLETED | Created: 2026-09-23 06:29:04 | Elo: 2637.2
[2026-09-23 12:38:34] Ep 112339894 | Sub 56479742 | State: EpisodeState.COMPLETED | Created: 2026-09-23 06:25:07 | Elo: 2637.2
[2026-09-23 12:38:34] Ep 112338688 | Sub 56479742 | State: EpisodeState.COMPLETED | Created: 2026-09-23 06:21:17 | Elo: 2637.2
[2026-09-23 12:38:34] Ep 112337505 | Sub 56479742 | State: EpisodeState.COMPLETED | Created: 2026-09-23 06:17:05 | Elo: 2637.2
[2026-09-23 12:38:34] Ep 112336300 | Sub 56479742 | State: EpisodeState.COMPLETED | Created: 2026-09-23 06:13:04 | Elo: 2637.2
[2026-09-23 12:38:34] Ep 112335058 | Sub 56479742 | State: EpisodeState.COMPLETED | Created: 2026-09-23 06:09:04 | Elo: 2637.2
[2026-09-23 12:38:34] Ep 112333847 | Sub 56479742 | State: EpisodeState.COMPLETED | Created: 2026-09-23 06:05:04 | Elo: 2637.2
[2026-09-23 12:38:34] Ep 112332683 | Sub 56479742 | State: EpisodeState.COMPLETED | Created: 2026-09-23 06:01:12 | Elo: 2637.2
[2026-09-23 12:38:34] Ep 112331448 | Sub 56479742 | State: EpisodeState.COMPLETED | Created: 2026-09-23 05:57:06 | Elo: 2637.2
[2026-09-23 12:38:34] Ep 112330188 | Sub 56479742 | State: EpisodeState.COMPLETED | Created: 2026-09-23 05:53:05 | Elo: 2637.2
[2026-09-23 12:38:34] Ep 112328982 | Sub 56479742 | State: EpisodeState.COMPLETED | Created: 2026-09-23 05:49:05 | Elo: 2637.2
[2026-09-23 12:38:34] Ep 112327697 | Sub 56479742 | State: EpisodeState.COMPLETED | Created: 2026-09-23 05:45:04 | Elo: 2637.2
[2026-09-23 12:38:34] Ep 112326458 | Sub 56479742 | State: EpisodeState.COMPLETED | Created: 2026-09-23 05:41:08 | Elo: 2637.2
[2026-09-23 12:38:34] Ep 112325177 | Sub 56479742 | State: EpisodeState.COMPLETED | Created: 2026-09-23 05:37:03 | Elo: 2637.2
[2026-09-23 12:38:34] Ep 112324093 | Sub 56479742 | State: EpisodeState.COMPLETED | Created: 2026-09-23 05:33:04 | Elo: 2637.2
[2026-09-23 12:38:34] Ep 112323294 | Sub 56479742 | State: EpisodeState.COMPLETED | Created: 2026-09-23 05:29:04 | Elo: 2637.2
[2026-09-23 12:38:34] Ep 112322855 | Sub 56479742 | State: EpisodeState.COMPLETED | Created: 2026-09-23 05:29:03 | Elo: 2637.2
[2026-09-23 12:38:34] Ep 112321039 | Sub 56479742 | State: EpisodeState.COMPLETED | Created: 2026-09-23 05:21:13 | Elo: 2637.2
[2026-09-23 12:38:34] Ep 112321678 | Sub 56479742 | State: EpisodeState.COMPLETED | Created: 2026-09-23 05:25:04 | Elo: 2637.2
[2026-09-23 12:38:34] Ep 112320426 | Sub 56479742 | State: EpisodeState.COMPLETED | Created: 2026-09-23 05:21:12 | Elo: 2637.2
[2026-09-23 12:38:34] Ep 112319224 | Sub 56479742 | State: EpisodeState.COMPLETED | Created: 2026-09-23 05:17:10 | Elo: 2637.2
[2026-09-23 12:38:34] Ep 112318020 | Sub 56479742 | State: EpisodeState.COMPLETED | Created: 2026-09-23 05:13:07 | Elo: 2637.2
[2026-09-23 12:38:34] Ep 112318405 | Sub 56479742 | State: EpisodeState.COMPLETED | Created: 2026-09-23 05:13:08 | Elo: 2637.2
[2026-09-23 12:38:34] Ep 112316854 | Sub 56479742 | State: EpisodeState.COMPLETED | Created: 2026-09-23 05:09:06 | Elo: 2637.2
[2026-09-23 12:38:34] Ep 112315729 | Sub 56479742 | State: EpisodeState.COMPLETED | Created: 2026-09-23 05:05:06 | Elo: 2637.2
[2026-09-23 12:38:34] Ep 112314616 | Sub 56479742 | State: EpisodeState.COMPLETED | Created: 2026-09-23 05:01:12 | Elo: 2637.2
[2026-09-23 12:38:34] Ep 112314455 | Sub 56479742 | State: EpisodeState.COMPLETED | Created: 2026-09-23 05:01:12 | Elo: 2637.2
[2026-09-23 12:38:34] Ep 112313284 | Sub 56479742 | State: EpisodeState.COMPLETED | Created: 2026-09-23 04:57:13 | Elo: 2637.2
[2026-09-23 12:38:34] Ep 112312073 | Sub 56479742 | State: EpisodeState.COMPLETED | Created: 2026-09-23 04:53:09 | Elo: 2637.2
[2026-09-23 12:38:34] Ep 112310828 | Sub 56479742 | State: EpisodeState.COMPLETED | Created: 2026-09-23 04:49:07 | Elo: 2637.2
[2026-09-23 12:38:34] Ep 112309640 | Sub 56479742 | State: EpisodeState.COMPLETED | Created: 2026-09-23 04:45:05 | Elo: 2637.2
[2026-09-23 12:38:34] Ep 112308457 | Sub 56479742 | State: EpisodeState.COMPLETED | Created: 2026-09-23 04:41:06 | Elo: 2637.2
[2026-09-23 12:38:34] Ep 112307215 | Sub 56479742 | State: EpisodeState.COMPLETED | Created: 2026-09-23 04:37:04 | Elo: 2637.2
[2026-09-23 12:38:34] Ep 112306295 | Sub 56479742 | State: EpisodeState.COMPLETED | Created: 2026-09-23 04:33:06 | Elo: 2637.2
[2026-09-23 12:38:34] Ep 112305998 | Sub 56479742 | State: EpisodeState.COMPLETED | Created: 2026-09-23 04:33:06 | Elo: 2637.2
[2026-09-23 12:38:34] Ep 112304851 | Sub 56479742 | State: EpisodeState.COMPLETED | Created: 2026-09-23 04:29:05 | Elo: 2637.2
[2026-09-23 12:38:34] Ep 112303642 | Sub 56479742 | State: EpisodeState.COMPLETED | Created: 2026-09-23 04:25:04 | Elo: 2637.2
[2026-09-23 12:38:34] Ep 112303609 | Sub 56479742 | State: EpisodeState.COMPLETED | Created: 2026-09-23 04:25:04 | Elo: 2637.2
[2026-09-23 12:38:34] Ep 112302451 | Sub 56479742 | State: EpisodeState.COMPLETED | Created: 2026-09-23 04:21:17 | Elo: 2637.2
[2026-09-23 12:38:34] Ep 112301185 | Sub 56479742 | State: EpisodeState.COMPLETED | Created: 2026-09-23 04:17:04 | Elo: 2637.2
[2026-09-23 12:38:34] Ep 112299959 | Sub 56479742 | State: EpisodeState.COMPLETED | Created: 2026-09-23 04:13:04 | Elo: 2637.2
[2026-09-23 12:38:34] Ep 112298723 | Sub 56479742 | State: EpisodeState.COMPLETED | Created: 2026-09-23 04:09:06 | Elo: 2637.2
[2026-09-23 12:38:34] Ep 112297387 | Sub 56479742 | State: EpisodeState.COMPLETED | Created: 2026-09-23 04:05:05 | Elo: 2637.2
[2026-09-23 12:38:34] Ep 112296142 | Sub 56479742 | State: EpisodeState.COMPLETED | Created: 2026-09-23 04:01:08 | Elo: 2637.2
[2026-09-23 12:38:34] Ep 112294907 | Sub 56479742 | State: EpisodeState.COMPLETED | Created: 2026-09-23 03:57:03 | Elo: 2637.2
[2026-09-23 12:38:34] Ep 112294031 | Sub 56479742 | State: EpisodeState.COMPLETED | Created: 2026-09-23 03:53:04 | Elo: 2637.2
[2026-09-23 12:38:34] Ep 112293690 | Sub 56479742 | State: EpisodeState.COMPLETED | Created: 2026-09-23 03:53:03 | Elo: 2637.2
[2026-09-23 12:38:34] Ep 112292455 | Sub 56479742 | State: EpisodeState.COMPLETED | Created: 2026-09-23 03:49:09 | Elo: 2637.2
[2026-09-23 12:38:34] Ep 112291128 | Sub 56479742 | State: EpisodeState.COMPLETED | Created: 2026-09-23 03:45:08 | Elo: 2637.2
[2026-09-23 12:38:34] Ep 112289831 | Sub 56479742 | State: EpisodeState.COMPLETED | Created: 2026-09-23 03:41:11 | Elo: 2637.2
[2026-09-23 12:38:34] Ep 112290662 | Sub 56479742 | State: EpisodeState.COMPLETED | Created: 2026-09-23 03:41:12 | Elo: 2637.2
[2026-09-23 12:38:34] Ep 112288612 | Sub 56479742 | State: EpisodeState.COMPLETED | Created: 2026-09-23 03:37:04 | Elo: 2637.2
[2026-09-23 12:38:34] Ep 112287360 | Sub 56479742 | State: EpisodeState.COMPLETED | Created: 2026-09-23 03:33:03 | Elo: 2637.2
[2026-09-23 12:38:34] Ep 112286109 | Sub 56479742 | State: EpisodeState.COMPLETED | Created: 2026-09-23 03:29:03 | Elo: 2637.2
[2026-09-23 12:38:34] Ep 112285621 | Sub 56479742 | State: EpisodeState.COMPLETED | Created: 2026-09-23 03:25:05 | Elo: 2637.2
[2026-09-23 12:38:34] Ep 112284846 | Sub 56479742 | State: EpisodeState.COMPLETED | Created: 2026-09-23 03:25:04 | Elo: 2637.2
[2026-09-23 12:38:34] Ep 112283574 | Sub 56479742 | State: EpisodeState.COMPLETED | Created: 2026-09-23 03:21:08 | Elo: 2637.2
[2026-09-23 12:38:34] Ep 112282243 | Sub 56479742 | State: EpisodeState.COMPLETED | Created: 2026-09-23 03:17:03 | Elo: 2637.2
[2026-09-23 12:38:34] Ep 112281053 | Sub 56479742 | State: EpisodeState.COMPLETED | Created: 2026-09-23 03:13:18 | Elo: 2637.2
[2026-09-23 12:38:34] Ep 112279846 | Sub 56479742 | State: EpisodeState.COMPLETED | Created: 2026-09-23 03:09:22 | Elo: 2637.2
[2026-09-23 12:38:34] Ep 112278655 | Sub 56479742 | State: EpisodeState.COMPLETED | Created: 2026-09-23 03:05:24 | Elo: 2637.2
[2026-09-23 12:38:34] Ep 112277449 | Sub 56479742 | State: EpisodeState.COMPLETED | Created: 2026-09-23 03:01:06 | Elo: 2637.2
[2026-09-23 12:38:34] Ep 112276208 | Sub 56479742 | State: EpisodeState.COMPLETED | Created: 2026-09-23 02:57:05 | Elo: 2637.2
[2026-09-23 12:38:34] Ep 112274928 | Sub 56479742 | State: EpisodeState.COMPLETED | Created: 2026-09-23 02:53:05 | Elo: 2637.2
[2026-09-23 12:38:34] Ep 112273772 | Sub 56479742 | State: EpisodeState.COMPLETED | Created: 2026-09-23 02:49:05 | Elo: 2637.2
[2026-09-23 12:38:34] Ep 112272563 | Sub 56479742 | State: EpisodeState.COMPLETED | Created: 2026-09-23 02:45:13 | Elo: 2637.2
[2026-09-23 12:38:34] Ep 112271336 | Sub 56479742 | State: EpisodeState.COMPLETED | Created: 2026-09-23 02:41:09 | Elo: 2637.2
[2026-09-23 12:38:34] Ep 112270110 | Sub 56479742 | State: EpisodeState.COMPLETED | Created: 2026-09-23 02:37:08 | Elo: 2637.2
[2026-09-23 12:38:34] Ep 112268885 | Sub 56479742 | State: EpisodeState.COMPLETED | Created: 2026-09-23 02:33:07 | Elo: 2637.2
[2026-09-23 12:38:34] Ep 112267649 | Sub 56479742 | State: EpisodeState.COMPLETED | Created: 2026-09-23 02:29:03 | Elo: 2637.2
[2026-09-23 12:38:34] Ep 112266431 | Sub 56479742 | State: EpisodeState.COMPLETED | Created: 2026-09-23 02:25:04 | Elo: 2637.2
[2026-09-23 12:38:34] Ep 112265169 | Sub 56479742 | State: EpisodeState.COMPLETED | Created: 2026-09-23 02:21:04 | Elo: 2637.2
[2026-09-23 12:38:34] Ep 112263715 | Sub 56479742 | State: EpisodeState.COMPLETED | Created: 2026-09-23 02:15:10 | Elo: 2637.2
[2026-09-23 12:38:34] Ep Use "kaggle competitions replay <episode_id>" to download a replay | Sub 56479742 | State: None | Created:  or "kaggle competi | Elo: 2637.2
[2026-09-23 12:38:39] Ep 112443672 | Sub 56463035 | State: EpisodeState.COMPLETED | Created: 2026-09-23 12:13:12 | Elo: 2646.0
[2026-09-23 12:38:39] Ep 112442546 | Sub 56463035 | State: EpisodeState.COMPLETED | Created: 2026-09-23 12:09:13 | Elo: 2646.0
[2026-09-23 12:38:39] Ep 112434246 | Sub 56463035 | State: EpisodeState.COMPLETED | Created: 2026-09-23 11:41:23 | Elo: 2646.0
[2026-09-23 12:38:39] Ep 112432905 | Sub 56463035 | State: EpisodeState.COMPLETED | Created: 2026-09-23 11:37:18 | Elo: 2646.0
[2026-09-23 12:38:39] Ep 112424408 | Sub 56463035 | State: EpisodeState.COMPLETED | Created: 2026-09-23 11:09:08 | Elo: 2646.0
[2026-09-23 12:38:39] Ep 112424596 | Sub 56463035 | State: EpisodeState.COMPLETED | Created: 2026-09-23 11:09:09 | Elo: 2646.0
[2026-09-23 12:38:39] Ep 112422276 | Sub 56463035 | State: EpisodeState.COMPLETED | Created: 2026-09-23 11:01:16 | Elo: 2646.0
[2026-09-23 12:38:39] Ep 112418889 | Sub 56463035 | State: EpisodeState.COMPLETED | Created: 2026-09-23 10:49:13 | Elo: 2646.0
[2026-09-23 12:38:39] Ep 112410312 | Sub 56463035 | State: EpisodeState.COMPLETED | Created: 2026-09-23 10:21:19 | Elo: 2646.0
[2026-09-23 12:38:39] Ep 112408433 | Sub 56463035 | State: EpisodeState.COMPLETED | Created: 2026-09-23 10:13:10 | Elo: 2646.0
[2026-09-23 12:38:39] Ep 112399947 | Sub 56463035 | State: EpisodeState.COMPLETED | Created: 2026-09-23 09:45:10 | Elo: 2646.0
[2026-09-23 12:38:39] Ep 112395703 | Sub 56463035 | State: EpisodeState.COMPLETED | Created: 2026-09-23 09:33:08 | Elo: 2646.0
[2026-09-23 12:38:39] Ep 112395271 | Sub 56463035 | State: EpisodeState.COMPLETED | Created: 2026-09-23 09:29:11 | Elo: 2646.0
[2026-09-23 12:38:39] Ep 112386818 | Sub 56463035 | State: EpisodeState.COMPLETED | Created: 2026-09-23 09:01:16 | Elo: 2646.0
[2026-09-23 12:38:39] Ep 112378279 | Sub 56463035 | State: EpisodeState.COMPLETED | Created: 2026-09-23 08:33:04 | Elo: 2646.0
[2026-09-23 12:38:39] Ep 112373864 | Sub 56463035 | State: EpisodeState.COMPLETED | Created: 2026-09-23 08:17:05 | Elo: 2646.0
[2026-09-23 12:38:39] Ep 112373827 | Sub 56463035 | State: EpisodeState.COMPLETED | Created: 2026-09-23 08:17:05 | Elo: 2646.0
[2026-09-23 12:38:39] Ep 112370311 | Sub 56463035 | State: EpisodeState.COMPLETED | Created: 2026-09-23 08:05:05 | Elo: 2646.0
[2026-09-23 12:38:39] Ep 112364166 | Sub 56463035 | State: EpisodeState.COMPLETED | Created: 2026-09-23 07:45:05 | Elo: 2646.0
[2026-09-23 12:38:39] Ep 112355688 | Sub 56463035 | State: EpisodeState.COMPLETED | Created: 2026-09-23 07:17:04 | Elo: 2646.0
[2026-09-23 12:38:39] Ep 112354405 | Sub 56463035 | State: EpisodeState.COMPLETED | Created: 2026-09-23 07:13:04 | Elo: 2646.0
[2026-09-23 12:38:39] Ep 112346345 | Sub 56463035 | State: EpisodeState.COMPLETED | Created: 2026-09-23 06:45:10 | Elo: 2646.0
[2026-09-23 12:38:39] Ep 112338591 | Sub 56463035 | State: EpisodeState.COMPLETED | Created: 2026-09-23 06:21:17 | Elo: 2646.0
[2026-09-23 12:38:39] Ep 112338881 | Sub 56463035 | State: EpisodeState.COMPLETED | Created: 2026-09-23 06:21:17 | Elo: 2646.0
[2026-09-23 12:38:39] Ep 112338641 | Sub 56463035 | State: EpisodeState.COMPLETED | Created: 2026-09-23 06:21:17 | Elo: 2646.0
[2026-09-23 12:38:39] Ep 112330602 | Sub 56463035 | State: EpisodeState.COMPLETED | Created: 2026-09-23 05:53:06 | Elo: 2646.0
[2026-09-23 12:38:39] Ep 112323282 | Sub 56463035 | State: EpisodeState.COMPLETED | Created: 2026-09-23 05:29:04 | Elo: 2646.0
[2026-09-23 12:38:39] Ep 112317213 | Sub 56463035 | State: EpisodeState.COMPLETED | Created: 2026-09-23 05:09:07 | Elo: 2646.0
[2026-09-23 12:38:39] Ep 112316364 | Sub 56463035 | State: EpisodeState.COMPLETED | Created: 2026-09-23 05:05:07 | Elo: 2646.0
[2026-09-23 12:38:39] Ep 112310003 | Sub 56463035 | State: EpisodeState.COMPLETED | Created: 2026-09-23 04:45:06 | Elo: 2646.0
[2026-09-23 12:38:39] Ep 112307361 | Sub 56463035 | State: EpisodeState.COMPLETED | Created: 2026-09-23 04:37:04 | Elo: 2646.0
[2026-09-23 12:38:39] Ep 112307388 | Sub 56463035 | State: EpisodeState.COMPLETED | Created: 2026-09-23 04:37:04 | Elo: 2646.0
[2026-09-23 12:38:39] Ep 112302795 | Sub 56463035 | State: EpisodeState.COMPLETED | Created: 2026-09-23 04:21:17 | Elo: 2646.0
[2026-09-23 12:38:39] Ep 112302948 | Sub 56463035 | State: EpisodeState.COMPLETED | Created: 2026-09-23 04:21:17 | Elo: 2646.0
[2026-09-23 12:38:39] Ep 112296345 | Sub 56463035 | State: EpisodeState.COMPLETED | Created: 2026-09-23 04:01:08 | Elo: 2646.0
[2026-09-23 12:38:39] Ep 112291945 | Sub 56463035 | State: EpisodeState.COMPLETED | Created: 2026-09-23 03:45:09 | Elo: 2646.0
[2026-09-23 12:38:39] Ep 112284606 | Sub 56463035 | State: EpisodeState.COMPLETED | Created: 2026-09-23 03:21:10 | Elo: 2646.0
[2026-09-23 12:38:39] Ep 112282964 | Sub 56463035 | State: EpisodeState.COMPLETED | Created: 2026-09-23 03:17:04 | Elo: 2646.0
[2026-09-23 12:38:39] Ep 112281492 | Sub 56463035 | State: EpisodeState.COMPLETED | Created: 2026-09-23 03:13:19 | Elo: 2646.0
[2026-09-23 12:38:39] Ep 112275401 | Sub 56463035 | State: EpisodeState.COMPLETED | Created: 2026-09-23 02:53:06 | Elo: 2646.0
[2026-09-23 12:38:39] Ep 112271989 | Sub 56463035 | State: EpisodeState.COMPLETED | Created: 2026-09-23 02:41:10 | Elo: 2646.0
[2026-09-23 12:38:39] Ep 112264726 | Sub 56463035 | State: EpisodeState.COMPLETED | Created: 2026-09-23 02:17:05 | Elo: 2646.0
[2026-09-23 12:38:39] Ep 112258430 | Sub 56463035 | State: EpisodeState.COMPLETED | Created: 2026-09-23 01:57:08 | Elo: 2646.0
[2026-09-23 12:38:39] Ep 112258510 | Sub 56463035 | State: EpisodeState.COMPLETED | Created: 2026-09-23 01:57:08 | Elo: 2646.0
[2026-09-23 12:38:39] Ep 112258062 | Sub 56463035 | State: EpisodeState.COMPLETED | Created: 2026-09-23 01:57:08 | Elo: 2646.0
[2026-09-23 12:38:39] Ep 112258081 | Sub 56463035 | State: EpisodeState.COMPLETED | Created: 2026-09-23 01:57:08 | Elo: 2646.0
[2026-09-23 12:38:39] Ep 112252063 | Sub 56463035 | State: EpisodeState.COMPLETED | Created: 2026-09-23 01:37:13 | Elo: 2646.0
[2026-09-23 12:38:39] Ep 112248564 | Sub 56463035 | State: EpisodeState.COMPLETED | Created: 2026-09-23 01:25:04 | Elo: 2646.0
[2026-09-23 12:38:39] Ep 112241637 | Sub 56463035 | State: EpisodeState.COMPLETED | Created: 2026-09-23 01:05:05 | Elo: 2646.0
[2026-09-23 12:38:39] Ep 112238096 | Sub 56463035 | State: EpisodeState.COMPLETED | Created: 2026-09-23 00:53:06 | Elo: 2646.0
[2026-09-23 12:38:39] Ep 112231326 | Sub 56463035 | State: EpisodeState.COMPLETED | Created: 2026-09-23 00:33:04 | Elo: 2646.0
[2026-09-23 12:38:39] Ep 112225124 | Sub 56463035 | State: EpisodeState.COMPLETED | Created: 2026-09-23 00:17:05 | Elo: 2646.0
[2026-09-23 12:38:39] Ep 112219673 | Sub 56463035 | State: EpisodeState.COMPLETED | Created: 2026-09-23 00:01:13 | Elo: 2646.0
[2026-09-23 12:38:39] Ep 112217210 | Sub 56463035 | State: EpisodeState.COMPLETED | Created: 2026-09-22 23:53:06 | Elo: 2646.0
[2026-09-23 12:38:39] Ep 112215627 | Sub 56463035 | State: EpisodeState.COMPLETED | Created: 2026-09-22 23:49:05 | Elo: 2646.0
[2026-09-23 12:38:39] Ep 112210146 | Sub 56463035 | State: EpisodeState.COMPLETED | Created: 2026-09-22 23:33:05 | Elo: 2646.0
[2026-09-23 12:38:39] Ep 112205584 | Sub 56463035 | State: EpisodeState.COMPLETED | Created: 2026-09-22 23:21:08 | Elo: 2646.0
[2026-09-23 12:38:39] Ep 112206201 | Sub 56463035 | State: EpisodeState.COMPLETED | Created: 2026-09-22 23:21:08 | Elo: 2646.0
[2026-09-23 12:38:39] Ep 112202317 | Sub 56463035 | State: EpisodeState.COMPLETED | Created: 2026-09-22 23:09:08 | Elo: 2646.0
[2026-09-23 12:38:39] Ep 112196343 | Sub 56463035 | State: EpisodeState.COMPLETED | Created: 2026-09-22 22:53:04 | Elo: 2646.0
[2026-09-23 12:38:39] Ep 112195761 | Sub 56463035 | State: EpisodeState.COMPLETED | Created: 2026-09-22 22:53:03 | Elo: 2646.0
[2026-09-23 12:38:39] Ep 112192010 | Sub 56463035 | State: EpisodeState.COMPLETED | Created: 2026-09-22 22:41:10 | Elo: 2646.0
[2026-09-23 12:38:39] Ep 112191403 | Sub 56463035 | State: EpisodeState.COMPLETED | Created: 2026-09-22 22:41:09 | Elo: 2646.0
[2026-09-23 12:38:39] Ep 112184690 | Sub 56463035 | State: EpisodeState.COMPLETED | Created: 2026-09-22 22:21:23 | Elo: 2646.0
[2026-09-23 12:38:39] Ep 112184933 | Sub 56463035 | State: EpisodeState.COMPLETED | Created: 2026-09-22 22:21:23 | Elo: 2646.0
[2026-09-23 12:38:39] Ep 112180506 | Sub 56463035 | State: EpisodeState.COMPLETED | Created: 2026-09-22 22:04:53 | Elo: 2646.0
[2026-09-23 12:38:39] Ep 112176213 | Sub 56463035 | State: EpisodeState.COMPLETED | Created: 2026-09-22 21:48:49 | Elo: 2646.0
[2026-09-23 12:38:39] Ep 112174957 | Sub 56463035 | State: EpisodeState.COMPLETED | Created: 2026-09-22 21:44:48 | Elo: 2646.0
[2026-09-23 12:38:39] Ep 112169364 | Sub 56463035 | State: EpisodeState.COMPLETED | Created: 2026-09-22 21:24:45 | Elo: 2646.0
[2026-09-23 12:38:39] Ep 112163602 | Sub 56463035 | State: EpisodeState.COMPLETED | Created: 2026-09-22 21:04:32 | Elo: 2646.0
[2026-09-23 12:38:39] Ep 112158972 | Sub 56463035 | State: EpisodeState.COMPLETED | Created: 2026-09-22 20:48:33 | Elo: 2646.0
[2026-09-23 12:38:39] Ep 112155314 | Sub 56463035 | State: EpisodeState.COMPLETED | Created: 2026-09-22 20:35:45 | Elo: 2646.0
[2026-09-23 12:38:39] Ep 112149355 | Sub 56463035 | State: EpisodeState.COMPLETED | Created: 2026-09-22 20:15:44 | Elo: 2646.0
[2026-09-23 12:38:39] Ep 112142512 | Sub 56463035 | State: EpisodeState.COMPLETED | Created: 2026-09-22 19:51:43 | Elo: 2646.0
[2026-09-23 12:38:39] Ep 112136568 | Sub 56463035 | State: EpisodeState.COMPLETED | Created: 2026-09-22 19:31:42 | Elo: 2646.0
[2026-09-23 12:38:39] Ep 112135366 | Sub 56463035 | State: EpisodeState.COMPLETED | Created: 2026-09-22 19:27:43 | Elo: 2646.0
[2026-09-23 12:38:39] Ep 112128633 | Sub 56463035 | State: EpisodeState.COMPLETED | Created: 2026-09-22 19:07:41 | Elo: 2646.0
[2026-09-23 12:38:39] Ep 112125779 | Sub 56463035 | State: EpisodeState.COMPLETED | Created: 2026-09-22 18:56:00 | Elo: 2646.0
[2026-09-23 12:38:39] Ep 112124583 | Sub 56463035 | State: EpisodeState.COMPLETED | Created: 2026-09-22 18:50:34 | Elo: 2646.0
[2026-09-23 12:38:39] Ep 112121101 | Sub 56463035 | State: EpisodeState.COMPLETED | Created: 2026-09-22 18:38:33 | Elo: 2646.0
[2026-09-23 12:38:39] Ep 112120064 | Sub 56463035 | State: EpisodeState.COMPLETED | Created: 2026-09-22 18:34:31 | Elo: 2646.0
[2026-09-23 12:38:39] Ep 112113134 | Sub 56463035 | State: EpisodeState.COMPLETED | Created: 2026-09-22 18:05:58 | Elo: 2646.0
[2026-09-23 12:38:39] Ep 112106398 | Sub 56463035 | State: EpisodeState.COMPLETED | Created: 2026-09-22 17:41:57 | Elo: 2646.0
[2026-09-23 12:38:39] Ep 112099537 | Sub 56463035 | State: EpisodeState.COMPLETED | Created: 2026-09-22 17:17:54 | Elo: 2646.0
[2026-09-23 12:38:39] Ep 112093956 | Sub 56463035 | State: EpisodeState.COMPLETED | Created: 2026-09-22 16:57:54 | Elo: 2646.0
[2026-09-23 12:38:39] Ep 112086582 | Sub 56463035 | State: EpisodeState.COMPLETED | Created: 2026-09-22 16:33:48 | Elo: 2646.0
[2026-09-23 12:38:39] Ep 112082800 | Sub 56463035 | State: EpisodeState.COMPLETED | Created: 2026-09-22 16:17:56 | Elo: 2646.0
[2026-09-23 12:38:39] Ep 112081226 | Sub 56463035 | State: EpisodeState.COMPLETED | Created: 2026-09-22 16:13:49 | Elo: 2646.0
[2026-09-23 12:38:39] Ep 112081287 | Sub 56463035 | State: EpisodeState.COMPLETED | Created: 2026-09-22 16:13:49 | Elo: 2646.0
[2026-09-23 12:38:39] Ep 112080165 | Sub 56463035 | State: EpisodeState.COMPLETED | Created: 2026-09-22 16:09:49 | Elo: 2646.0
[2026-09-23 12:38:39] Ep 112079040 | Sub 56463035 | State: EpisodeState.COMPLETED | Created: 2026-09-22 16:05:52 | Elo: 2646.0
[2026-09-23 12:38:39] Ep 112077897 | Sub 56463035 | State: EpisodeState.COMPLETED | Created: 2026-09-22 16:01:49 | Elo: 2646.0
[2026-09-23 12:38:39] Ep 112076759 | Sub 56463035 | State: EpisodeState.COMPLETED | Created: 2026-09-22 15:57:51 | Elo: 2646.0
[2026-09-23 12:38:39] Ep 112075523 | Sub 56463035 | State: EpisodeState.COMPLETED | Created: 2026-09-22 15:53:50 | Elo: 2646.0
[2026-09-23 12:38:39] Ep 112074835 | Sub 56463035 | State: EpisodeState.COMPLETED | Created: 2026-09-22 15:49:49 | Elo: 2646.0
[2026-09-23 12:38:39] Ep 112074468 | Sub 56463035 | State: EpisodeState.COMPLETED | Created: 2026-09-22 15:49:49 | Elo: 2646.0
[2026-09-23 12:38:39] Ep 112073315 | Sub 56463035 | State: EpisodeState.COMPLETED | Created: 2026-09-22 15:45:49 | Elo: 2646.0
[2026-09-23 12:38:39] Ep 112072184 | Sub 56463035 | State: EpisodeState.COMPLETED | Created: 2026-09-22 15:41:51 | Elo: 2646.0
[2026-09-23 12:38:39] Ep 112071026 | Sub 56463035 | State: EpisodeState.COMPLETED | Created: 2026-09-22 15:37:53 | Elo: 2646.0
[2026-09-23 12:38:39] Ep 112070058 | Sub 56463035 | State: EpisodeState.COMPLETED | Created: 2026-09-22 15:33:49 | Elo: 2646.0
[2026-09-23 12:38:39] Ep 112068694 | Sub 56463035 | State: EpisodeState.COMPLETED | Created: 2026-09-22 15:29:51 | Elo: 2646.0
[2026-09-23 12:38:39] Ep 112067577 | Sub 56463035 | State: EpisodeState.COMPLETED | Created: 2026-09-22 15:25:51 | Elo: 2646.0
[2026-09-23 12:38:39] Ep 112066375 | Sub 56463035 | State: EpisodeState.COMPLETED | Created: 2026-09-22 15:21:50 | Elo: 2646.0
[2026-09-23 12:38:39] Ep 112065273 | Sub 56463035 | State: EpisodeState.COMPLETED | Created: 2026-09-22 15:17:54 | Elo: 2646.0
[2026-09-23 12:38:39] Ep 112064189 | Sub 56463035 | State: EpisodeState.COMPLETED | Created: 2026-09-22 15:13:49 | Elo: 2646.0
[2026-09-23 12:38:39] Ep 112063057 | Sub 56463035 | State: EpisodeState.COMPLETED | Created: 2026-09-22 15:09:49 | Elo: 2646.0
[2026-09-23 12:38:39] Ep 112061910 | Sub 56463035 | State: EpisodeState.COMPLETED | Created: 2026-09-22 15:05:50 | Elo: 2646.0
[2026-09-23 12:38:39] Ep 112061339 | Sub 56463035 | State: EpisodeState.COMPLETED | Created: 2026-09-22 15:01:50 | Elo: 2646.0
[2026-09-23 12:38:39] Ep 112060749 | Sub 56463035 | State: EpisodeState.COMPLETED | Created: 2026-09-22 15:01:50 | Elo: 2646.0
[2026-09-23 12:38:39] Ep 112059633 | Sub 56463035 | State: EpisodeState.COMPLETED | Created: 2026-09-22 14:57:51 | Elo: 2646.0
[2026-09-23 12:38:39] Ep 112058756 | Sub 56463035 | State: EpisodeState.COMPLETED | Created: 2026-09-22 14:53:49 | Elo: 2646.0
[2026-09-23 12:38:39] Ep 112057356 | Sub 56463035 | State: EpisodeState.COMPLETED | Created: 2026-09-22 14:49:49 | Elo: 2646.0
[2026-09-23 12:38:39] Ep 112056216 | Sub 56463035 | State: EpisodeState.COMPLETED | Created: 2026-09-22 14:45:49 | Elo: 2646.0
[2026-09-23 12:38:39] Ep 112055079 | Sub 56463035 | State: EpisodeState.COMPLETED | Created: 2026-09-22 14:41:49 | Elo: 2646.0
[2026-09-23 12:38:39] Ep 112053925 | Sub 56463035 | State: EpisodeState.COMPLETED | Created: 2026-09-22 14:38:04 | Elo: 2646.0
[2026-09-23 12:38:39] Ep 112052774 | Sub 56463035 | State: EpisodeState.COMPLETED | Created: 2026-09-22 14:31:08 | Elo: 2646.0
[2026-09-23 12:38:39] Ep 112051639 | Sub 56463035 | State: EpisodeState.COMPLETED | Created: 2026-09-22 14:27:07 | Elo: 2646.0
[2026-09-23 12:38:39] Ep 112050503 | Sub 56463035 | State: EpisodeState.COMPLETED | Created: 2026-09-22 14:23:05 | Elo: 2646.0
[2026-09-23 12:38:39] Ep 112049363 | Sub 56463035 | State: EpisodeState.COMPLETED | Created: 2026-09-22 14:19:05 | Elo: 2646.0
[2026-09-23 12:38:39] Ep 112048242 | Sub 56463035 | State: EpisodeState.COMPLETED | Created: 2026-09-22 14:15:05 | Elo: 2646.0
[2026-09-23 12:38:39] Ep 112047102 | Sub 56463035 | State: EpisodeState.COMPLETED | Created: 2026-09-22 14:11:08 | Elo: 2646.0
[2026-09-23 12:38:39] Ep 112045955 | Sub 56463035 | State: EpisodeState.COMPLETED | Created: 2026-09-22 14:07:05 | Elo: 2646.0
[2026-09-23 12:38:39] Ep 112044838 | Sub 56463035 | State: EpisodeState.COMPLETED | Created: 2026-09-22 14:03:06 | Elo: 2646.0
[2026-09-23 12:38:39] Ep 112043721 | Sub 56463035 | State: EpisodeState.COMPLETED | Created: 2026-09-22 13:59:05 | Elo: 2646.0
[2026-09-23 12:38:39] Ep 112042556 | Sub 56463035 | State: EpisodeState.COMPLETED | Created: 2026-09-22 13:55:06 | Elo: 2646.0
[2026-09-23 12:38:39] Ep 112041429 | Sub 56463035 | State: EpisodeState.COMPLETED | Created: 2026-09-22 13:51:07 | Elo: 2646.0
[2026-09-23 12:38:39] Ep 112041524 | Sub 56463035 | State: EpisodeState.COMPLETED | Created: 2026-09-22 13:51:07 | Elo: 2646.0
[2026-09-23 12:38:39] Ep 112040285 | Sub 56463035 | State: EpisodeState.COMPLETED | Created: 2026-09-22 13:47:05 | Elo: 2646.0
[2026-09-23 12:38:39] Ep 112039460 | Sub 56463035 | State: EpisodeState.COMPLETED | Created: 2026-09-22 13:43:07 | Elo: 2646.0
[2026-09-23 12:38:39] Ep 112039134 | Sub 56463035 | State: EpisodeState.COMPLETED | Created: 2026-09-22 13:43:06 | Elo: 2646.0
[2026-09-23 12:38:39] Ep 112038004 | Sub 56463035 | State: EpisodeState.COMPLETED | Created: 2026-09-22 13:39:05 | Elo: 2646.0
[2026-09-23 12:38:39] Ep 112036862 | Sub 56463035 | State: EpisodeState.COMPLETED | Created: 2026-09-22 13:35:06 | Elo: 2646.0
[2026-09-23 12:38:39] Ep 112036074 | Sub 56463035 | State: EpisodeState.COMPLETED | Created: 2026-09-22 13:31:10 | Elo: 2646.0
[2026-09-23 12:38:39] Ep 112035887 | Sub 56463035 | State: EpisodeState.COMPLETED | Created: 2026-09-22 13:31:09 | Elo: 2646.0
[2026-09-23 12:38:39] Ep 112035719 | Sub 56463035 | State: EpisodeState.COMPLETED | Created: 2026-09-22 13:31:09 | Elo: 2646.0
[2026-09-23 12:38:39] Ep 112034587 | Sub 56463035 | State: EpisodeState.COMPLETED | Created: 2026-09-22 13:27:07 | Elo: 2646.0
[2026-09-23 12:38:39] Ep 112033431 | Sub 56463035 | State: EpisodeState.COMPLETED | Created: 2026-09-22 13:23:06 | Elo: 2646.0
[2026-09-23 12:38:39] Ep 112032301 | Sub 56463035 | State: EpisodeState.COMPLETED | Created: 2026-09-22 13:19:09 | Elo: 2646.0
[2026-09-23 12:38:39] Ep 112031177 | Sub 56463035 | State: EpisodeState.COMPLETED | Created: 2026-09-22 13:15:05 | Elo: 2646.0
[2026-09-23 12:38:39] Ep 112030038 | Sub 56463035 | State: EpisodeState.COMPLETED | Created: 2026-09-22 13:11:09 | Elo: 2646.0
[2026-09-23 12:38:39] Ep 112028908 | Sub 56463035 | State: EpisodeState.COMPLETED | Created: 2026-09-22 13:07:06 | Elo: 2646.0
[2026-09-23 12:38:39] Ep 112027775 | Sub 56463035 | State: EpisodeState.COMPLETED | Created: 2026-09-22 13:03:09 | Elo: 2646.0
[2026-09-23 12:38:39] Ep 112026596 | Sub 56463035 | State: EpisodeState.COMPLETED | Created: 2026-09-22 12:59:04 | Elo: 2646.0
[2026-09-23 12:38:39] Ep 112025450 | Sub 56463035 | State: EpisodeState.COMPLETED | Created: 2026-09-22 12:55:04 | Elo: 2646.0
[2026-09-23 12:38:39] Ep 112024331 | Sub 56463035 | State: EpisodeState.COMPLETED | Created: 2026-09-22 12:51:07 | Elo: 2646.0
[2026-09-23 12:38:39] Ep 112023158 | Sub 56463035 | State: EpisodeState.COMPLETED | Created: 2026-09-22 12:47:05 | Elo: 2646.0
[2026-09-23 12:38:39] Ep 112022035 | Sub 56463035 | State: EpisodeState.COMPLETED | Created: 2026-09-22 12:43:05 | Elo: 2646.0
[2026-09-23 12:38:39] Ep 112020886 | Sub 56463035 | State: EpisodeState.COMPLETED | Created: 2026-09-22 12:39:05 | Elo: 2646.0
[2026-09-23 12:38:39] Ep 112019708 | Sub 56463035 | State: EpisodeState.COMPLETED | Created: 2026-09-22 12:35:04 | Elo: 2646.0
[2026-09-23 12:38:39] Ep 112018588 | Sub 56463035 | State: EpisodeState.COMPLETED | Created: 2026-09-22 12:31:07 | Elo: 2646.0
[2026-09-23 12:38:39] Ep 112017468 | Sub 56463035 | State: EpisodeState.COMPLETED | Created: 2026-09-22 12:27:03 | Elo: 2646.0
[2026-09-23 12:38:39] Ep 112016348 | Sub 56463035 | State: EpisodeState.COMPLETED | Created: 2026-09-22 12:23:04 | Elo: 2646.0
[2026-09-23 12:38:39] Ep 112015233 | Sub 56463035 | State: EpisodeState.COMPLETED | Created: 2026-09-22 12:19:05 | Elo: 2646.0
[2026-09-23 12:38:39] Ep 112014110 | Sub 56463035 | State: EpisodeState.COMPLETED | Created: 2026-09-22 12:15:04 | Elo: 2646.0
[2026-09-23 12:38:39] Ep 112012995 | Sub 56463035 | State: EpisodeState.COMPLETED | Created: 2026-09-22 12:11:05 | Elo: 2646.0
[2026-09-23 12:38:39] Ep 112011878 | Sub 56463035 | State: EpisodeState.COMPLETED | Created: 2026-09-22 12:07:05 | Elo: 2646.0
[2026-09-23 12:38:39] Ep 112010752 | Sub 56463035 | State: EpisodeState.COMPLETED | Created: 2026-09-22 12:03:06 | Elo: 2646.0
[2026-09-23 12:38:39] Ep 112009649 | Sub 56463035 | State: EpisodeState.COMPLETED | Created: 2026-09-22 11:59:04 | Elo: 2646.0
[2026-09-23 12:38:39] Ep 112008531 | Sub 56463035 | State: EpisodeState.COMPLETED | Created: 2026-09-22 11:55:04 | Elo: 2646.0
[2026-09-23 12:38:39] Ep 112007421 | Sub 56463035 | State: EpisodeState.COMPLETED | Created: 2026-09-22 11:51:06 | Elo: 2646.0
[2026-09-23 12:38:39] Ep 112006303 | Sub 56463035 | State: EpisodeState.COMPLETED | Created: 2026-09-22 11:47:05 | Elo: 2646.0
[2026-09-23 12:38:39] Ep 112005191 | Sub 56463035 | State: EpisodeState.COMPLETED | Created: 2026-09-22 11:43:07 | Elo: 2646.0
[2026-09-23 12:38:39] Ep 112004076 | Sub 56463035 | State: EpisodeState.COMPLETED | Created: 2026-09-22 11:39:05 | Elo: 2646.0
[2026-09-23 12:38:39] Ep 112002976 | Sub 56463035 | State: EpisodeState.COMPLETED | Created: 2026-09-22 11:35:05 | Elo: 2646.0
[2026-09-23 12:38:39] Ep 112001880 | Sub 56463035 | State: EpisodeState.COMPLETED | Created: 2026-09-22 11:31:09 | Elo: 2646.0
[2026-09-23 12:38:39] Ep 112000596 | Sub 56463035 | State: EpisodeState.COMPLETED | Created: 2026-09-22 11:27:03 | Elo: 2646.0
[2026-09-23 12:45:15] Ep 112451893 | Sub 56463035 | State: EpisodeState.COMPLETED | Created: 2026-09-23 12:41:16 | Elo: 2641.8
[2026-09-23 12:51:49] Ep 112453024 | Sub 56463035 | State: EpisodeState.COMPLETED | Created: 2026-09-23 12:45:15 | Elo: 2645.9
[2026-09-23 12:56:07] Ep 112454163 | Sub 56479742 | State: EpisodeState.COMPLETED | Created: 2026-09-23 12:49:18 | Elo: 2632.9
[2026-09-23 13:07:05] Ep 112457673 | Sub 56479742 | State: EpisodeState.COMPLETED | Created: 2026-09-23 13:01:20 | Elo: 2637.9
[2026-09-23 13:18:10] Ep 112461309 | Sub 56463035 | State: EpisodeState.COMPLETED | Created: 2026-09-23 13:13:12 | Elo: 2642.0
[2026-09-23 13:26:57] Ep 112462909 | Sub 56463035 | State: EpisodeState.COMPLETED | Created: 2026-09-23 13:21:16 | Elo: 2638.6
[2026-09-23 13:31:20] Ep 112464590 | Sub 56463035 | State: EpisodeState.COMPLETED | Created: 2026-09-23 13:25:12 | Elo: 2635.1
[2026-09-23 13:33:27] Ep 112466010 | Sub 56479742 | State: EpisodeState.COMPLETED | Created: 2026-09-23 13:29:13 | Elo: 2640.8
[2026-09-23 13:46:37] Ep 112469347 | Sub 56479742 | State: EpisodeState.COMPLETED | Created: 2026-09-23 13:41:18 | Elo: 2636.9
[2026-09-23 13:48:47] Ep 112468983 | Sub 56479742 | State: EpisodeState.COMPLETED | Created: 2026-09-23 13:41:17 | Elo: 2633.3
[2026-09-23 13:55:29] Ep 112472934 | Sub 56463035 | State: EpisodeState.COMPLETED | Created: 2026-09-23 13:53:13 | Elo: 2631.2
[2026-09-23 13:57:41] Ep 112472443 | Sub 56463035 | State: EpisodeState.COMPLETED | Created: 2026-09-23 13:53:12 | Elo: 2636.2
[2026-09-23 14:02:06] Ep 112473475 | Sub 56463035 | State: EpisodeState.COMPLETED | Created: 2026-09-23 13:57:13 | Elo: 2632.1
[2026-09-23 14:06:29] Ep 112474766 | Sub 56463035 | State: EpisodeState.COMPLETED | Created: 2026-09-23 14:01:25 | Elo: 2635.3
[2026-09-23 14:15:12] Ep 112477841 | Sub 56479742 | State: EpisodeState.COMPLETED | Created: 2026-09-23 14:09:13 | Elo: 2636.8
[2026-09-23 14:32:48] Ep 112483654 | Sub 56463035 | State: EpisodeState.COMPLETED | Created: 2026-09-23 14:29:13 | Elo: 2629.4
[2026-09-23 14:39:17] Ep 112484854 | Sub 56496099 | State: EpisodeState.COMPLETED | Created: 2026-09-23 14:36:08 | Elo: 600.0
[2026-09-23 14:45:53] Ep 112486234 | Sub 56496099 | State: EpisodeState.COMPLETED | Created: 2026-09-23 14:41:15 | Elo: 676.7
[2026-09-23 14:45:58] Ep 112487026 | Sub 56479742 | State: EpisodeState.COMPLETED | Created: 2026-09-23 14:41:16 | Elo: 2641.5
[2026-09-23 14:48:06] Ep 112487367 | Sub 56496099 | State: EpisodeState.COMPLETED | Created: 2026-09-23 14:45:12 | Elo: 832.7
[2026-09-23 14:48:11] Ep 112487750 | Sub 56479742 | State: EpisodeState.COMPLETED | Created: 2026-09-23 14:45:13 | Elo: 2637.6
[2026-09-23 14:54:42] Ep 112488464 | Sub 56496099 | State: EpisodeState.COMPLETED | Created: 2026-09-23 14:49:11 | Elo: 956.0
[2026-09-23 14:54:47] Ep 112488837 | Sub 56479742 | State: EpisodeState.COMPLETED | Created: 2026-09-23 14:49:12 | Elo: 2633.7
[2026-09-23 14:56:54] Ep 112489635 | Sub 56496099 | State: EpisodeState.COMPLETED | Created: 2026-09-23 14:53:11 | Elo: 1004.6
[2026-09-23 15:01:17] Ep 112490755 | Sub 56496099 | State: EpisodeState.COMPLETED | Created: 2026-09-23 14:57:12 | Elo: 1125.9
[2026-09-23 15:03:28] Ep 112491909 | Sub 56496099 | State: EpisodeState.COMPLETED | Created: 2026-09-23 15:01:25 | Elo: 1275.7
[2026-09-23 15:03:33] Ep 112490993 | Sub 56479742 | State: EpisodeState.COMPLETED | Created: 2026-09-23 14:57:12 | Elo: 2630.6
[2026-09-23 15:10:03] Ep 112493024 | Sub 56496099 | State: EpisodeState.COMPLETED | Created: 2026-09-23 15:05:11 | Elo: 1383.1
[2026-09-23 15:16:37] Ep 112494173 | Sub 56496099 | State: EpisodeState.COMPLETED | Created: 2026-09-23 15:09:12 | Elo: 1278.3
[2026-09-23 15:18:49] Ep 112495325 | Sub 56496099 | State: EpisodeState.COMPLETED | Created: 2026-09-23 15:13:11 | Elo: 1411.6
[2026-09-23 15:21:01] Ep 112496515 | Sub 56496099 | State: EpisodeState.COMPLETED | Created: 2026-09-23 15:17:12 | Elo: 1448.8
[2026-09-23 15:25:26] Ep 112498096 | Sub 56496099 | State: EpisodeState.COMPLETED | Created: 2026-09-23 15:21:17 | Elo: 1606.1
[2026-09-23 15:25:26] Ep 112497671 | Sub 56496099 | State: EpisodeState.COMPLETED | Created: 2026-09-23 15:21:16 | Elo: 1606.1
[2026-09-23 15:29:54] Ep 112498946 | Sub 56496099 | State: EpisodeState.COMPLETED | Created: 2026-09-23 15:25:12 | Elo: 1662.4
[2026-09-23 15:34:17] Ep 112500088 | Sub 56496099 | State: EpisodeState.COMPLETED | Created: 2026-09-23 15:29:11 | Elo: 1682.7
[2026-09-23 15:34:23] Ep 112500798 | Sub 56479742 | State: EpisodeState.COMPLETED | Created: 2026-09-23 15:29:12 | Elo: 2626.2
[2026-09-23 15:36:30] Ep 112501286 | Sub 56496099 | State: EpisodeState.COMPLETED | Created: 2026-09-23 15:33:13 | Elo: 1712.1
[2026-09-23 15:36:34] Ep 112502026 | Sub 56479742 | State: EpisodeState.COMPLETED | Created: 2026-09-23 15:33:14 | Elo: 2630.3
[2026-09-23 15:38:46] Ep 112501596 | Sub 56479742 | State: EpisodeState.COMPLETED | Created: 2026-09-23 15:33:14 | Elo: 2633.5
[2026-09-23 15:40:53] Ep 112502444 | Sub 56496099 | State: EpisodeState.COMPLETED | Created: 2026-09-23 15:37:13 | Elo: 1768.1
[2026-09-23 15:45:21] Ep 112504346 | Sub 56479742 | State: EpisodeState.COMPLETED | Created: 2026-09-23 15:41:20 | Elo: 2629.6
[2026-09-23 15:47:29] Ep 112503598 | Sub 56496099 | State: EpisodeState.COMPLETED | Created: 2026-09-23 15:41:18 | Elo: 1794.7
[2026-09-23 15:49:41] Ep 112504804 | Sub 56496099 | State: EpisodeState.COMPLETED | Created: 2026-09-23 15:45:13 | Elo: 1818.9
[2026-09-23 15:54:07] Ep 112506016 | Sub 56496099 | State: EpisodeState.COMPLETED | Created: 2026-09-23 15:49:13 | Elo: 1847.6
[2026-09-23 16:00:48] Ep 112508434 | Sub 56496099 | State: EpisodeState.COMPLETED | Created: 2026-09-23 15:57:13 | Elo: 1892.0
[2026-09-23 16:00:48] Ep 112507190 | Sub 56496099 | State: EpisodeState.COMPLETED | Created: 2026-09-23 15:53:12 | Elo: 1892.0
[2026-09-23 16:07:22] Ep 112509610 | Sub 56496099 | State: EpisodeState.COMPLETED | Created: 2026-09-23 16:01:22 | Elo: 1918.4
[2026-09-23 16:16:11] Ep 112510837 | Sub 56496099 | State: EpisodeState.COMPLETED | Created: 2026-09-23 16:10:12 | Elo: 1932.7
[2026-09-23 16:18:22] Ep 112511990 | Sub 56496099 | State: EpisodeState.COMPLETED | Created: 2026-09-23 16:13:55 | Elo: 1951.0
[2026-09-23 16:24:57] Ep 112514334 | Sub 56496099 | State: EpisodeState.COMPLETED | Created: 2026-09-23 16:22:03 | Elo: 1992.0
[2026-09-23 16:24:57] Ep 112514339 | Sub 56496099 | State: EpisodeState.COMPLETED | Created: 2026-09-23 16:22:03 | Elo: 1992.0
[2026-09-23 16:24:57] Ep 112513258 | Sub 56496099 | State: EpisodeState.COMPLETED | Created: 2026-09-23 16:17:55 | Elo: 1992.0
[2026-09-23 16:25:03] Ep 112514904 | Sub 56479742 | State: EpisodeState.COMPLETED | Created: 2026-09-23 16:22:04 | Elo: 2624.5
[2026-09-23 16:29:21] Ep 112515537 | Sub 56496099 | State: EpisodeState.COMPLETED | Created: 2026-09-23 16:25:55 | Elo: 2014.4
[2026-09-23 16:29:21] Ep 112514623 | Sub 56496099 | State: EpisodeState.COMPLETED | Created: 2026-09-23 16:22:04 | Elo: 2014.4
[2026-09-23 16:33:50] Ep 112516997 | Sub 56479742 | State: EpisodeState.COMPLETED | Created: 2026-09-23 16:29:57 | Elo: 2619.9
[2026-09-23 16:35:57] Ep 112516798 | Sub 56496099 | State: EpisodeState.COMPLETED | Created: 2026-09-23 16:29:56 | Elo: 2027.1
[2026-09-23 16:38:10] Ep 112517951 | Sub 56496099 | State: EpisodeState.COMPLETED | Created: 2026-09-23 16:33:54 | Elo: 2039.5
[2026-09-23 16:42:35] Ep 112519155 | Sub 56496099 | State: EpisodeState.COMPLETED | Created: 2026-09-23 16:37:56 | Elo: 2054.7
[2026-09-23 16:46:58] Ep 112520310 | Sub 56496099 | State: EpisodeState.COMPLETED | Created: 2026-09-23 16:42:00 | Elo: 2070.8
[2026-09-23 16:47:03] Ep 112520385 | Sub 56479742 | State: EpisodeState.COMPLETED | Created: 2026-09-23 16:42:00 | Elo: 2623.8
[2026-09-23 16:49:10] Ep 112521459 | Sub 56496099 | State: EpisodeState.COMPLETED | Created: 2026-09-23 16:45:54 | Elo: 2076.9
[2026-09-23 16:53:34] Ep 112523004 | Sub 56496099 | State: EpisodeState.COMPLETED | Created: 2026-09-23 16:50:00 | Elo: 2084.3
[2026-09-23 17:02:22] Ep 112526115 | Sub 56496099 | State: EpisodeState.COMPLETED | Created: 2026-09-23 16:57:55 | Elo: 2094.4
[2026-09-23 17:04:36] Ep 112524713 | Sub 56496099 | State: EpisodeState.COMPLETED | Created: 2026-09-23 16:53:58 | Elo: 2105.6
[2026-09-23 17:06:49] Ep 112527592 | Sub 56496099 | State: EpisodeState.COMPLETED | Created: 2026-09-23 17:01:56 | Elo: 2126.2
[2026-09-23 17:06:49] Ep 112527339 | Sub 56496099 | State: EpisodeState.COMPLETED | Created: 2026-09-23 17:01:56 | Elo: 2126.2
[2026-09-23 17:09:01] Ep 112528721 | Sub 56496099 | State: EpisodeState.COMPLETED | Created: 2026-09-23 17:06:00 | Elo: 2134.1
[2026-09-23 17:11:13] Ep 112529003 | Sub 56496099 | State: EpisodeState.COMPLETED | Created: 2026-09-23 17:06:01 | Elo: 2140.1
[2026-09-23 17:13:31] Ep 112530085 | Sub 56479742 | State: EpisodeState.COMPLETED | Created: 2026-09-23 17:10:04 | Elo: 2628.3
[2026-09-23 17:17:50] Ep 112530097 | Sub 56496099 | State: EpisodeState.COMPLETED | Created: 2026-09-23 17:10:04 | Elo: 2157.6
[2026-09-23 17:17:50] Ep 112530157 | Sub 56496099 | State: EpisodeState.COMPLETED | Created: 2026-09-23 17:10:04 | Elo: 2157.6
[2026-09-23 17:20:01] Ep 112531363 | Sub 56496099 | State: EpisodeState.COMPLETED | Created: 2026-09-23 17:13:56 | Elo: 2168.2
[2026-09-23 17:22:13] Ep 112532565 | Sub 56496099 | State: EpisodeState.COMPLETED | Created: 2026-09-23 17:18:30 | Elo: 2174.9
[2026-09-23 17:26:36] Ep 112533824 | Sub 56496099 | State: EpisodeState.COMPLETED | Created: 2026-09-23 17:21:55 | Elo: 2186.8
[2026-09-23 17:26:36] Ep 112533332 | Sub 56496099 | State: EpisodeState.COMPLETED | Created: 2026-09-23 17:21:54 | Elo: 2186.8
[2026-09-23 17:26:42] Ep 112533717 | Sub 56479742 | State: EpisodeState.COMPLETED | Created: 2026-09-23 17:21:55 | Elo: 2628.3
[2026-09-23 17:28:49] Ep 112535009 | Sub 56496099 | State: EpisodeState.COMPLETED | Created: 2026-09-23 17:25:56 | Elo: 2192.4
[2026-09-23 17:31:05] Ep 112535423 | Sub 56479742 | State: EpisodeState.COMPLETED | Created: 2026-09-23 17:25:56 | Elo: 2629.2
[2026-09-23 17:33:10] Ep 112536188 | Sub 56496099 | State: EpisodeState.COMPLETED | Created: 2026-09-23 17:31:20 | Elo: 2201.0
[2026-09-23 17:35:26] Ep 112535999 | Sub 56479742 | State: EpisodeState.COMPLETED | Created: 2026-09-23 17:31:19 | Elo: 2625.2
[2026-09-23 17:37:32] Ep 112537377 | Sub 56496099 | State: EpisodeState.COMPLETED | Created: 2026-09-23 17:33:58 | Elo: 2207.1
[2026-09-23 17:39:50] Ep 112538929 | Sub 56479742 | State: EpisodeState.COMPLETED | Created: 2026-09-23 17:37:58 | Elo: 2625.2
[2026-09-23 17:41:58] Ep 112538538 | Sub 56496099 | State: EpisodeState.COMPLETED | Created: 2026-09-23 17:37:57 | Elo: 2207.1
[2026-09-23 17:46:23] Ep 112539691 | Sub 56496099 | State: EpisodeState.COMPLETED | Created: 2026-09-23 17:41:57 | Elo: 2219.9
[2026-09-23 17:48:41] Ep 112539977 | Sub 56479742 | State: EpisodeState.COMPLETED | Created: 2026-09-23 17:41:57 | Elo: 2624.3
[2026-09-23 17:50:47] Ep 112540960 | Sub 56496099 | State: EpisodeState.COMPLETED | Created: 2026-09-23 17:46:30 | Elo: 2226.2
[2026-09-23 17:53:03] Ep 112542277 | Sub 56479742 | State: EpisodeState.COMPLETED | Created: 2026-09-23 17:50:26 | Elo: 2619.4
[2026-09-23 17:55:11] Ep 112542111 | Sub 56496099 | State: EpisodeState.COMPLETED | Created: 2026-09-23 17:50:26 | Elo: 2231.8
[2026-09-23 17:59:35] Ep 112543297 | Sub 56496099 | State: EpisodeState.COMPLETED | Created: 2026-09-23 17:54:29 | Elo: 2239.3
[2026-09-23 18:03:59] Ep 112544454 | Sub 56496099 | State: EpisodeState.COMPLETED | Created: 2026-09-23 17:58:26 | Elo: 2244.6
[2026-09-23 18:06:12] Ep 112545642 | Sub 56496099 | State: EpisodeState.COMPLETED | Created: 2026-09-23 18:02:28 | Elo: 2238.4
[2026-09-23 18:08:23] Ep 112546417 | Sub 56496099 | State: EpisodeState.COMPLETED | Created: 2026-09-23 18:06:24 | Elo: 2233.5
[2026-09-23 18:10:40] Ep 112546875 | Sub 56479742 | State: EpisodeState.COMPLETED | Created: 2026-09-23 18:06:25 | Elo: 2615.5
[2026-09-23 18:12:47] Ep 112547969 | Sub 56496099 | State: EpisodeState.COMPLETED | Created: 2026-09-23 18:10:26 | Elo: 2250.2
[2026-09-23 18:12:47] Ep 112547552 | Sub 56496099 | State: EpisodeState.COMPLETED | Created: 2026-09-23 18:10:25 | Elo: 2250.2
[2026-09-23 18:12:47] Ep 112546817 | Sub 56496099 | State: EpisodeState.COMPLETED | Created: 2026-09-23 18:06:25 | Elo: 2250.2
[2026-09-23 18:14:59] Ep 112547814 | Sub 56496099 | State: EpisodeState.COMPLETED | Created: 2026-09-23 18:10:26 | Elo: 2245.0
[2026-09-23 18:19:22] Ep 112549288 | Sub 56496099 | State: EpisodeState.COMPLETED | Created: 2026-09-23 18:14:26 | Elo: 2239.9
[2026-09-23 18:23:47] Ep 112550493 | Sub 56496099 | State: EpisodeState.COMPLETED | Created: 2026-09-23 18:18:26 | Elo: 2235.4
[2026-09-23 18:23:52] Ep 112551679 | Sub 56479742 | State: EpisodeState.COMPLETED | Created: 2026-09-23 18:22:25 | Elo: 2615.5
[2026-09-23 18:28:11] Ep 112551707 | Sub 56496099 | State: EpisodeState.COMPLETED | Created: 2026-09-23 18:22:25 | Elo: 2240.0
[2026-09-23 18:32:35] Ep 112552899 | Sub 56496099 | State: EpisodeState.COMPLETED | Created: 2026-09-23 18:26:25 | Elo: 2236.0
[2026-09-23 18:34:47] Ep 112554106 | Sub 56496099 | State: EpisodeState.COMPLETED | Created: 2026-09-23 18:30:25 | Elo: 2241.3
[2026-09-23 18:36:59] Ep 112555310 | Sub 56496099 | State: EpisodeState.COMPLETED | Created: 2026-09-23 18:34:25 | Elo: 2246.2
[2026-09-23 18:43:34] Ep 112556581 | Sub 56496099 | State: EpisodeState.COMPLETED | Created: 2026-09-23 18:38:28 | Elo: 2252.5
[2026-09-23 18:47:58] Ep 112557764 | Sub 56496099 | State: EpisodeState.COMPLETED | Created: 2026-09-23 18:42:29 | Elo: 2262.2
[2026-09-23 18:47:58] Ep 112557658 | Sub 56496099 | State: EpisodeState.COMPLETED | Created: 2026-09-23 18:42:29 | Elo: 2262.2
[2026-09-23 18:52:27] Ep 112559349 | Sub 56479742 | State: EpisodeState.COMPLETED | Created: 2026-09-23 18:46:28 | Elo: 2611.6
[2026-09-23 18:52:27] Ep 112558701 | Sub 56479742 | State: EpisodeState.COMPLETED | Created: 2026-09-23 18:46:27 | Elo: 2611.6
[2026-09-23 19:07:46] Ep 112564034 | Sub 56496099 | State: EpisodeState.COMPLETED | Created: 2026-09-23 19:04:20 | Elo: 2268.5
[2026-09-23 19:14:28] Ep 112566700 | Sub 56479742 | State: EpisodeState.COMPLETED | Created: 2026-09-23 19:12:23 | Elo: 2611.6
[2026-09-23 19:16:35] Ep 112566445 | Sub 56496099 | State: EpisodeState.COMPLETED | Created: 2026-09-23 19:12:23 | Elo: 2271.8
[2026-09-23 19:40:47] Ep 112573560 | Sub 56496099 | State: EpisodeState.COMPLETED | Created: 2026-09-23 19:38:01 | Elo: 2277.1
[2026-09-23 19:43:05] Ep 112573719 | Sub 56479742 | State: EpisodeState.COMPLETED | Created: 2026-09-23 19:38:01 | Elo: 2611.2
[2026-09-23 20:05:06] Ep 112580714 | Sub 56479742 | State: EpisodeState.COMPLETED | Created: 2026-09-23 20:01:58 | Elo: 2616.3
[2026-09-23 20:07:13] Ep 112580620 | Sub 56496099 | State: EpisodeState.COMPLETED | Created: 2026-09-23 20:01:58 | Elo: 2281.8
[2026-09-23 20:16:08] Ep 112582552 | Sub 56479742 | State: EpisodeState.COMPLETED | Created: 2026-09-23 20:10:00 | Elo: 2620.9
[2026-09-23 20:18:16] Ep 112583719 | Sub 56496099 | State: EpisodeState.COMPLETED | Created: 2026-09-23 20:13:57 | Elo: 2285.9
[2026-09-23 20:33:39] Ep 112589386 | Sub 56496099 | State: EpisodeState.COMPLETED | Created: 2026-09-23 20:29:59 | Elo: 2291.0
[2026-09-23 20:35:56] Ep 112589203 | Sub 56479742 | State: EpisodeState.COMPLETED | Created: 2026-09-23 20:29:58 | Elo: 2630.4
[2026-09-23 20:35:56] Ep 112589233 | Sub 56479742 | State: EpisodeState.COMPLETED | Created: 2026-09-23 20:29:58 | Elo: 2630.4
[2026-09-23 20:49:04] Ep 112593723 | Sub 56496099 | State: EpisodeState.COMPLETED | Created: 2026-09-23 20:46:02 | Elo: 2296.8
[2026-09-23 20:55:48] Ep 112595351 | Sub 56479742 | State: EpisodeState.COMPLETED | Created: 2026-09-23 20:50:04 | Elo: 2626.9
[2026-09-23 21:11:09] Ep 112599954 | Sub 56496099 | State: EpisodeState.COMPLETED | Created: 2026-09-23 21:06:05 | Elo: 2301.4
[2026-09-23 21:11:13] Ep 112600226 | Sub 56479742 | State: EpisodeState.COMPLETED | Created: 2026-09-23 21:06:06 | Elo: 2631.2
[2026-09-23 21:17:49] Ep 112602075 | Sub 56479742 | State: EpisodeState.COMPLETED | Created: 2026-09-23 21:14:04 | Elo: 2633.7
[2026-09-23 21:26:35] Ep 112604104 | Sub 56496099 | State: EpisodeState.COMPLETED | Created: 2026-09-23 21:22:02 | Elo: 2296.5
[2026-09-23 21:37:41] Ep 112608135 | Sub 56479742 | State: EpisodeState.COMPLETED | Created: 2026-09-23 21:34:03 | Elo: 2628.9
[2026-09-23 21:50:49] Ep 112610543 | Sub 56496099 | State: EpisodeState.COMPLETED | Created: 2026-09-23 21:45:00 | Elo: 2301.9
[2026-09-23 21:53:02] Ep 112610994 | Sub 56496099 | State: EpisodeState.COMPLETED | Created: 2026-09-23 21:48:57 | Elo: 2310.8
[2026-09-23 21:53:02] Ep 112610414 | Sub 56496099 | State: EpisodeState.COMPLETED | Created: 2026-09-23 21:45:00 | Elo: 2310.8
[2026-09-23 21:53:06] Ep 112611243 | Sub 56479742 | State: EpisodeState.COMPLETED | Created: 2026-09-23 21:48:58 | Elo: 2625.0
[2026-09-23 22:06:18] Ep 112615152 | Sub 56479742 | State: EpisodeState.COMPLETED | Created: 2026-09-23 22:00:58 | Elo: 2621.5
[2026-09-23 22:10:41] Ep 112616071 | Sub 56479742 | State: EpisodeState.COMPLETED | Created: 2026-09-23 22:04:57 | Elo: 2616.9
[2026-09-23 22:12:49] Ep 112616706 | Sub 56496099 | State: EpisodeState.COMPLETED | Created: 2026-09-23 22:04:58 | Elo: 2316.4
[2026-09-23 22:23:58] Ep 112621391 | Sub 56479742 | State: EpisodeState.COMPLETED | Created: 2026-09-23 22:21:00 | Elo: 2611.7
[2026-09-23 22:28:18] Ep 112622290 | Sub 56496099 | State: EpisodeState.COMPLETED | Created: 2026-09-23 22:24:58 | Elo: 2321.7
[2026-09-23 22:48:13] Ep 112627634 | Sub 56479742 | State: EpisodeState.COMPLETED | Created: 2026-09-23 22:44:56 | Elo: 2602.2
[2026-09-23 22:48:13] Ep 112626879 | Sub 56479742 | State: EpisodeState.COMPLETED | Created: 2026-09-23 22:40:59 | Elo: 2602.2
[2026-09-23 22:50:20] Ep 112627934 | Sub 56496099 | State: EpisodeState.COMPLETED | Created: 2026-09-23 22:44:56 | Elo: 2327.4
[2026-09-23 23:10:17] Ep 112632889 | Sub 56479742 | State: EpisodeState.COMPLETED | Created: 2026-09-23 23:04:46 | Elo: 2598.6
[2026-09-23 23:14:36] Ep 112633642 | Sub 56496099 | State: EpisodeState.COMPLETED | Created: 2026-09-23 23:08:41 | Elo: 2332.4
[2026-09-23 23:23:26] Ep 112636307 | Sub 56496099 | State: EpisodeState.COMPLETED | Created: 2026-09-23 23:16:40 | Elo: 2327.6
[2026-09-23 23:27:51] Ep 112636871 | Sub 56496099 | State: EpisodeState.COMPLETED | Created: 2026-09-23 23:20:47 | Elo: 2322.4
[2026-09-23 23:27:56] Ep 112637527 | Sub 56479742 | State: EpisodeState.COMPLETED | Created: 2026-09-23 23:20:49 | Elo: 2593.3
[2026-09-23 23:34:29] Ep 112639328 | Sub 56496099 | State: EpisodeState.COMPLETED | Created: 2026-09-23 23:28:40 | Elo: 2326.0
[2026-09-23 23:38:58] Ep 112641000 | Sub 56479742 | State: EpisodeState.COMPLETED | Created: 2026-09-23 23:32:41 | Elo: 2599.0
[2026-09-23 23:45:34] Ep 112642512 | Sub 56479742 | State: EpisodeState.COMPLETED | Created: 2026-09-23 23:40:45 | Elo: 2594.5
[2026-09-23 23:47:41] Ep 112644254 | Sub 56496099 | State: EpisodeState.COMPLETED | Created: 2026-09-23 23:44:44 | Elo: 2331.2
[2026-09-24 00:01:00] Ep 112647690 | Sub 56479742 | State: EpisodeState.COMPLETED | Created: 2026-09-23 23:56:44 | Elo: 2589.2
[2026-09-24 00:09:44] Ep 112649867 | Sub 56496099 | State: EpisodeState.COMPLETED | Created: 2026-09-24 00:04:39 | Elo: 2335.8
[2026-09-24 00:14:09] Ep 112650592 | Sub 56496099 | State: EpisodeState.COMPLETED | Created: 2026-09-24 00:08:40 | Elo: 2338.7
[2026-09-24 00:14:14] Ep 112650896 | Sub 56479742 | State: EpisodeState.COMPLETED | Created: 2026-09-24 00:08:40 | Elo: 2584.8
[2026-09-24 00:18:38] Ep 112651712 | Sub 56479742 | State: EpisodeState.COMPLETED | Created: 2026-09-24 00:12:37 | Elo: 2581.4
[2026-09-24 00:33:59] Ep 112656800 | Sub 56496099 | State: EpisodeState.COMPLETED | Created: 2026-09-24 00:28:39 | Elo: 2343.7
[2026-09-24 00:38:21] Ep 112658253 | Sub 56496099 | State: EpisodeState.COMPLETED | Created: 2026-09-24 00:32:41 | Elo: 2348.4
[2026-09-24 00:38:26] Ep 112657975 | Sub 56479742 | State: EpisodeState.COMPLETED | Created: 2026-09-24 00:32:40 | Elo: 2577.3
[2026-09-24 00:44:58] Ep 112659959 | Sub 56496099 | State: EpisodeState.COMPLETED | Created: 2026-09-24 00:40:42 | Elo: 2352.0
[2026-09-24 00:45:03] Ep 112660004 | Sub 56479742 | State: EpisodeState.COMPLETED | Created: 2026-09-24 00:40:42 | Elo: 2580.9
[2026-09-24 00:55:59] Ep 112663798 | Sub 56496099 | State: EpisodeState.COMPLETED | Created: 2026-09-24 00:52:43 | Elo: 2357.6
[2026-09-24 01:04:51] Ep 112666137 | Sub 56479742 | State: EpisodeState.COMPLETED | Created: 2026-09-24 01:00:43 | Elo: 2584.8
[2026-09-24 01:13:40] Ep 112667880 | Sub 56479742 | State: EpisodeState.COMPLETED | Created: 2026-09-24 01:08:37 | Elo: 2589.4
[2026-09-24 01:18:02] Ep 112669750 | Sub 56496099 | State: EpisodeState.COMPLETED | Created: 2026-09-24 01:12:43 | Elo: 2362.7
[2026-09-24 01:20:19] Ep 112670493 | Sub 56479742 | State: EpisodeState.COMPLETED | Created: 2026-09-24 01:16:37 | Elo: 2592.8
[2026-09-24 01:37:54] Ep 112675761 | Sub 56496099 | State: EpisodeState.COMPLETED | Created: 2026-09-24 01:32:41 | Elo: 2359.7
[2026-09-24 01:42:23] Ep 112676739 | Sub 56479742 | State: EpisodeState.COMPLETED | Created: 2026-09-24 01:36:39 | Elo: 2596.3
[2026-09-24 01:55:29] Ep 112679629 | Sub 56496099 | State: EpisodeState.COMPLETED | Created: 2026-09-24 01:48:41 | Elo: 2364.2
[2026-09-24 02:02:10] Ep 112682794 | Sub 56479742 | State: EpisodeState.COMPLETED | Created: 2026-09-24 01:56:44 | Elo: 2593.2
[2026-09-24 02:10:59] Ep 112684275 | Sub 56479742 | State: EpisodeState.COMPLETED | Created: 2026-09-24 02:04:37 | Elo: 2588.6
[2026-09-24 02:13:06] Ep 112686175 | Sub 56496099 | State: EpisodeState.COMPLETED | Created: 2026-09-24 02:08:45 | Elo: 2367.8
[2026-09-24 02:17:35] Ep 112686935 | Sub 56479742 | State: EpisodeState.COMPLETED | Created: 2026-09-24 02:12:40 | Elo: 2584.0
[2026-09-24 02:21:55] Ep 112687759 | Sub 56496099 | State: EpisodeState.COMPLETED | Created: 2026-09-24 02:16:36 | Elo: 2364.2
[2026-09-24 02:26:27] Ep 112689162 | Sub 56479742 | State: EpisodeState.COMPLETED | Created: 2026-09-24 02:20:41 | Elo: 2588.7
[2026-09-24 02:33:04] Ep 112692009 | Sub 56479742 | State: EpisodeState.COMPLETED | Created: 2026-09-24 02:28:36 | Elo: 2586.3
[2026-09-24 02:39:36] Ep 112693675 | Sub 56496099 | State: EpisodeState.COMPLETED | Created: 2026-09-24 02:36:40 | Elo: 2374.6
[2026-09-24 02:39:36] Ep 112694244 | Sub 56496099 | State: EpisodeState.COMPLETED | Created: 2026-09-24 02:36:41 | Elo: 2374.6
[2026-09-24 02:41:53] Ep 112693708 | Sub 56479742 | State: EpisodeState.COMPLETED | Created: 2026-09-24 02:36:40 | Elo: 2582.6
[2026-09-24 03:01:41] Ep 112700178 | Sub 56479742 | State: EpisodeState.COMPLETED | Created: 2026-09-24 02:56:47 | Elo: 2585.9
[2026-09-24 03:03:48] Ep 112701214 | Sub 56496099 | State: EpisodeState.COMPLETED | Created: 2026-09-24 03:00:51 | Elo: 2379.4
[2026-09-24 03:08:18] Ep 112701742 | Sub 56479742 | State: EpisodeState.COMPLETED | Created: 2026-09-24 03:04:56 | Elo: 2582.4
[2026-09-24 03:28:07] Ep 112708310 | Sub 56496099 | State: EpisodeState.COMPLETED | Created: 2026-09-24 03:24:45 | Elo: 2384.1
[2026-09-24 03:28:12] Ep 112708181 | Sub 56479742 | State: EpisodeState.COMPLETED | Created: 2026-09-24 03:24:44 | Elo: 2586.7
[2026-09-24 03:30:24] Ep 112709436 | Sub 56479742 | State: EpisodeState.COMPLETED | Created: 2026-09-24 03:28:44 | Elo: 2582.1
[2026-09-24 03:41:29] Ep 112710002 | Sub 56479742 | State: EpisodeState.COMPLETED | Created: 2026-09-24 03:32:45 | Elo: 2577.8
[2026-09-24 03:48:00] Ep 112713130 | Sub 56496099 | State: EpisodeState.COMPLETED | Created: 2026-09-24 03:44:45 | Elo: 2379.7
[2026-09-24 03:48:05] Ep 112712406 | Sub 56479742 | State: EpisodeState.COMPLETED | Created: 2026-09-24 03:40:47 | Elo: 2572.6
[2026-09-24 04:07:55] Ep 112719838 | Sub 56479742 | State: EpisodeState.COMPLETED | Created: 2026-09-24 04:04:46 | Elo: 2568.9
[2026-09-24 04:14:24] Ep 112720932 | Sub 56496099 | State: EpisodeState.COMPLETED | Created: 2026-09-24 04:08:46 | Elo: 2386.0
[2026-09-24 04:21:04] Ep 112721726 | Sub 56479742 | State: EpisodeState.COMPLETED | Created: 2026-09-24 04:12:43 | Elo: 2564.9
[2026-09-24 04:38:35] Ep 112728915 | Sub 56496099 | State: EpisodeState.COMPLETED | Created: 2026-09-24 04:36:44 | Elo: 2390.8
[2026-09-24 04:43:01] Ep 112730029 | Sub 56479742 | State: EpisodeState.COMPLETED | Created: 2026-09-24 04:40:47 | Elo: 2568.8
[2026-09-24 05:05:02] Ep 112735680 | Sub 56479742 | State: EpisodeState.COMPLETED | Created: 2026-09-24 05:00:49 | Elo: 2573.2
[2026-09-24 05:09:20] Ep 112737024 | Sub 56496099 | State: EpisodeState.COMPLETED | Created: 2026-09-24 05:04:46 | Elo: 2395.1
[2026-09-24 05:22:35] Ep 112740040 | Sub 56479742 | State: EpisodeState.COMPLETED | Created: 2026-09-24 05:16:42 | Elo: 2568.5
[2026-09-24 05:35:42] Ep 112745017 | Sub 56496099 | State: EpisodeState.COMPLETED | Created: 2026-09-24 05:32:43 | Elo: 2401.6
[2026-09-24 05:46:45] Ep 112747696 | Sub 56479742 | State: EpisodeState.COMPLETED | Created: 2026-09-24 05:40:46 | Elo: 2572.1
[2026-09-24 06:02:04] Ep 112752291 | Sub 56496099 | State: EpisodeState.COMPLETED | Created: 2026-09-24 05:56:50 | Elo: 2405.8
[2026-09-24 06:15:21] Ep 112755679 | Sub 56479742 | State: EpisodeState.COMPLETED | Created: 2026-09-24 06:08:44 | Elo: 2575.6
[2026-09-24 06:17:33] Ep 112757059 | Sub 56479742 | State: EpisodeState.COMPLETED | Created: 2026-09-24 06:12:46 | Elo: 2571.7
[2026-09-24 06:21:58] Ep 112757924 | Sub 56479742 | State: EpisodeState.COMPLETED | Created: 2026-09-24 06:16:43 | Elo: 2576.5
[2026-09-24 06:24:05] Ep 112758460 | Sub 56496099 | State: EpisodeState.COMPLETED | Created: 2026-09-24 06:20:46 | Elo: 2410.6
[2026-09-24 06:26:17] Ep 112758482 | Sub 56496099 | State: EpisodeState.COMPLETED | Created: 2026-09-24 06:20:46 | Elo: 2413.8
[2026-09-24 06:28:34] Ep 112760525 | Sub 56479742 | State: EpisodeState.COMPLETED | Created: 2026-09-24 06:24:44 | Elo: 2572.5
[2026-09-24 06:48:16] Ep 112764355 | Sub 56496099 | State: EpisodeState.COMPLETED | Created: 2026-09-24 06:41:00 | Elo: 2416.7
[2026-09-24 06:54:57] Ep 112768539 | Sub 56479742 | State: EpisodeState.COMPLETED | Created: 2026-09-24 06:52:45 | Elo: 2568.3
[2026-09-24 06:57:04] Ep 112767999 | Sub 56496099 | State: EpisodeState.COMPLETED | Created: 2026-09-24 06:52:44 | Elo: 2420.8
[2026-09-24 07:10:20] Ep 112771252 | Sub 56496099 | State: EpisodeState.COMPLETED | Created: 2026-09-24 07:04:43 | Elo: 2424.3
[2026-09-24 07:25:44] Ep 112776766 | Sub 56496099 | State: EpisodeState.COMPLETED | Created: 2026-09-24 07:20:49 | Elo: 2429.1
[2026-09-24 07:25:50] Ep 112776549 | Sub 56479742 | State: EpisodeState.COMPLETED | Created: 2026-09-24 07:20:49 | Elo: 2563.8
[2026-09-24 07:36:45] Ep 112779564 | Sub 56496099 | State: EpisodeState.COMPLETED | Created: 2026-09-24 07:32:43 | Elo: 2425.6
[2026-09-24 07:43:27] Ep 112781936 | Sub 56479742 | State: EpisodeState.COMPLETED | Created: 2026-09-24 07:40:48 | Elo: 2568.7
[2026-09-24 07:47:46] Ep 112782565 | Sub 56496099 | State: EpisodeState.COMPLETED | Created: 2026-09-24 07:40:49 | Elo: 2422.1
[2026-09-24 07:52:14] Ep 112784398 | Sub 56479742 | State: EpisodeState.COMPLETED | Created: 2026-09-24 07:48:50 | Elo: 2564.6
[2026-09-24 08:14:09] Ep 112790594 | Sub 56496099 | State: EpisodeState.COMPLETED | Created: 2026-09-24 08:08:43 | Elo: 2427.0
[2026-09-24 08:16:26] Ep 112791919 | Sub 56479742 | State: EpisodeState.COMPLETED | Created: 2026-09-24 08:12:43 | Elo: 2560.6
[2026-09-24 08:22:57] Ep 112792408 | Sub 56496099 | State: EpisodeState.COMPLETED | Created: 2026-09-24 08:16:42 | Elo: 2431.1
[2026-09-24 08:42:46] Ep 112798272 | Sub 56496099 | State: EpisodeState.COMPLETED | Created: 2026-09-24 08:36:56 | Elo: 2435.2
[2026-09-24 08:47:09] Ep 112798082 | Sub 56496099 | State: EpisodeState.COMPLETED | Created: 2026-09-24 08:36:56 | Elo: 2431.7
[2026-09-24 08:47:14] Ep 112799902 | Sub 56479742 | State: EpisodeState.COMPLETED | Created: 2026-09-24 08:40:53 | Elo: 2564.6
[2026-09-24 08:49:25] Ep 112800302 | Sub 56479742 | State: EpisodeState.COMPLETED | Created: 2026-09-24 08:44:49 | Elo: 2560.5
[2026-09-24 08:51:37] Ep 112800304 | Sub 56479742 | State: EpisodeState.COMPLETED | Created: 2026-09-24 08:44:49 | Elo: 2553.7
[2026-09-24 08:51:37] Ep 112800269 | Sub 56479742 | State: EpisodeState.COMPLETED | Created: 2026-09-24 08:44:49 | Elo: 2553.7
[2026-09-24 09:00:18] Ep 112804449 | Sub 56496099 | State: EpisodeState.COMPLETED | Created: 2026-09-24 08:57:03 | Elo: 2435.6
[2026-09-24 09:13:28] Ep 112807883 | Sub 56496099 | State: EpisodeState.COMPLETED | Created: 2026-09-24 09:08:50 | Elo: 2440.6
[2026-09-24 09:13:33] Ep 112808136 | Sub 56479742 | State: EpisodeState.COMPLETED | Created: 2026-09-24 09:08:50 | Elo: 2548.4
[2026-09-24 09:39:51] Ep 112816322 | Sub 56479742 | State: EpisodeState.COMPLETED | Created: 2026-09-24 09:36:54 | Elo: 2543.5
[2026-09-24 09:41:58] Ep 112816238 | Sub 56496099 | State: EpisodeState.COMPLETED | Created: 2026-09-24 09:36:54 | Elo: 2435.4
[2026-09-24 09:57:26] Ep 112820769 | Sub 56479742 | State: EpisodeState.COMPLETED | Created: 2026-09-24 09:52:58 | Elo: 2543.5
[2026-09-24 10:10:32] Ep 112824309 | Sub 56496099 | State: EpisodeState.COMPLETED | Created: 2026-09-24 10:04:57 | Elo: 2429.2
[2026-09-24 10:10:37] Ep 112824358 | Sub 56479742 | State: EpisodeState.COMPLETED | Created: 2026-09-24 10:04:58 | Elo: 2544.9
[2026-09-24 10:21:33] Ep 112827225 | Sub 56479742 | State: EpisodeState.COMPLETED | Created: 2026-09-24 10:16:58 | Elo: 2544.4
[2026-09-24 10:21:33] Ep 112827226 | Sub 56479742 | State: EpisodeState.COMPLETED | Created: 2026-09-24 10:16:58 | Elo: 2544.4
[2026-09-24 10:25:50] Ep 112828360 | Sub 56496099 | State: EpisodeState.COMPLETED | Created: 2026-09-24 10:21:02 | Elo: 2434.5
[2026-09-24 10:45:40] Ep 112834874 | Sub 56479742 | State: EpisodeState.COMPLETED | Created: 2026-09-24 10:41:00 | Elo: 2544.4
[2026-09-24 10:47:52] Ep 112835327 | Sub 56479742 | State: EpisodeState.COMPLETED | Created: 2026-09-24 10:44:57 | Elo: 2544.5
[2026-09-24 10:49:59] Ep 112836067 | Sub 56496099 | State: EpisodeState.COMPLETED | Created: 2026-09-24 10:44:59 | Elo: 2439.2
[2026-09-24 11:09:50] Ep 112841204 | Sub 56479742 | State: EpisodeState.COMPLETED | Created: 2026-09-24 11:04:56 | Elo: 2540.3
[2026-09-24 11:16:22] Ep 112843978 | Sub 56496099 | State: EpisodeState.COMPLETED | Created: 2026-09-24 11:12:51 | Elo: 2443.3
[2026-09-24 11:20:50] Ep 112845063 | Sub 56479742 | State: EpisodeState.COMPLETED | Created: 2026-09-24 11:16:59 | Elo: 2536.6
[2026-09-24 11:38:23] Ep 112849705 | Sub 56479742 | State: EpisodeState.COMPLETED | Created: 2026-09-24 11:32:51 | Elo: 2532.0
[2026-09-24 11:42:41] Ep 112850880 | Sub 56496099 | State: EpisodeState.COMPLETED | Created: 2026-09-24 11:37:07 | Elo: 2446.7
[2026-09-24 11:44:52] Ep 112850180 | Sub 56496099 | State: EpisodeState.COMPLETED | Created: 2026-09-24 11:37:05 | Elo: 2443.2
[2026-09-24 11:58:01] Ep 112855751 | Sub 56496099 | State: EpisodeState.COMPLETED | Created: 2026-09-24 11:53:03 | Elo: 2439.8
[2026-09-24 12:02:31] Ep 112856427 | Sub 56479742 | State: EpisodeState.COMPLETED | Created: 2026-09-24 11:57:02 | Elo: 2527.8
[2026-09-24 12:02:31] Ep 112856690 | Sub 56479742 | State: EpisodeState.COMPLETED | Created: 2026-09-24 11:57:03 | Elo: 2527.8
[2026-09-24 12:11:19] Ep 112858567 | Sub 56479742 | State: EpisodeState.COMPLETED | Created: 2026-09-24 12:05:01 | Elo: 2519.8
[2026-09-24 12:17:49] Ep 112861478 | Sub 56496099 | State: EpisodeState.COMPLETED | Created: 2026-09-24 12:13:03 | Elo: 2445.1
[2026-09-24 12:28:53] Ep 112864895 | Sub 56479742 | State: EpisodeState.COMPLETED | Created: 2026-09-24 12:25:11 | Elo: 2514.8
[2026-09-24 12:37:42] Ep 112867197 | Sub 56479742 | State: EpisodeState.COMPLETED | Created: 2026-09-24 12:33:02 | Elo: 2518.4
[2026-09-24 12:46:24] Ep 112869613 | Sub 56496099 | State: EpisodeState.COMPLETED | Created: 2026-09-24 12:41:18 | Elo: 2449.8
[2026-09-24 12:55:12] Ep 112871526 | Sub 56496099 | State: EpisodeState.COMPLETED | Created: 2026-09-24 12:49:00 | Elo: 2453.8
[2026-09-24 13:04:04] Ep 112875363 | Sub 56479742 | State: EpisodeState.COMPLETED | Created: 2026-09-24 13:01:13 | Elo: 2524.3
[2026-09-24 13:06:15] Ep 112875382 | Sub 56479742 | State: EpisodeState.COMPLETED | Created: 2026-09-24 13:01:13 | Elo: 2519.9
[2026-09-24 13:19:22] Ep 112878371 | Sub 56496099 | State: EpisodeState.COMPLETED | Created: 2026-09-24 13:13:07 | Elo: 2457.4
[2026-09-24 13:26:03] Ep 112881285 | Sub 56479742 | State: EpisodeState.COMPLETED | Created: 2026-09-24 13:21:07 | Elo: 2523.1
[2026-09-24 13:37:04] Ep 112884040 | Sub 56479742 | State: EpisodeState.COMPLETED | Created: 2026-09-24 13:33:05 | Elo: 2518.8
[2026-09-24 13:39:16] Ep 112884104 | Sub 56479742 | State: EpisodeState.COMPLETED | Created: 2026-09-24 13:33:05 | Elo: 2514.8
[2026-09-24 13:41:23] Ep 112883874 | Sub 56496099 | State: EpisodeState.COMPLETED | Created: 2026-09-24 13:33:04 | Elo: 2453.5
[2026-09-24 14:01:12] Ep 112890832 | Sub 56496099 | State: EpisodeState.COMPLETED | Created: 2026-09-24 13:57:02 | Elo: 2449.4
[2026-09-24 14:05:42] Ep 112892776 | Sub 56479742 | State: EpisodeState.COMPLETED | Created: 2026-09-24 14:01:13 | Elo: 2509.5
[2026-09-24 14:25:28] Ep 112898326 | Sub 56479742 | State: EpisodeState.COMPLETED | Created: 2026-09-24 14:21:05 | Elo: 2505.0
[2026-09-24 14:29:46] Ep 112899085 | Sub 56496099 | State: EpisodeState.COMPLETED | Created: 2026-09-24 14:25:03 | Elo: 2445.4
[2026-09-24 14:29:46] Ep 112899801 | Sub 56496099 | State: EpisodeState.COMPLETED | Created: 2026-09-24 14:25:05 | Elo: 2445.4
[2026-09-24 14:29:46] Ep 112899871 | Sub 56496099 | State: EpisodeState.COMPLETED | Created: 2026-09-24 14:25:06 | Elo: 2445.4
[2026-09-24 14:38:39] Ep 112901822 | Sub 56479742 | State: EpisodeState.COMPLETED | Created: 2026-09-24 14:33:05 | Elo: 2501.9
[2026-09-24 14:51:44] Ep 112906160 | Sub 56496099 | State: EpisodeState.COMPLETED | Created: 2026-09-24 14:49:05 | Elo: 2449.6
[2026-09-24 15:09:25] Ep 112911455 | Sub 56479742 | State: EpisodeState.COMPLETED | Created: 2026-09-24 15:05:08 | Elo: 2498.1
[2026-09-24 15:15:56] Ep 112912730 | Sub 56524707 | State: EpisodeState.COMPLETED | Created: 2026-09-24 15:11:06 | Elo: 600.0
[2026-09-24 15:22:32] Ep 112914162 | Sub 56524707 | State: EpisodeState.COMPLETED | Created: 2026-09-24 15:17:09 | Elo: 661.9
[2026-09-24 15:26:55] Ep 112915345 | Sub 56524707 | State: EpisodeState.COMPLETED | Created: 2026-09-24 15:21:08 | Elo: 732.2
[2026-09-24 15:26:59] Ep 112916134 | Sub 56496099 | State: EpisodeState.COMPLETED | Created: 2026-09-24 15:21:10 | Elo: 2444.8
[2026-09-24 15:29:07] Ep 112916487 | Sub 56524707 | State: EpisodeState.COMPLETED | Created: 2026-09-24 15:25:04 | Elo: 782.7
[2026-09-24 15:33:31] Ep 112917615 | Sub 56524707 | State: EpisodeState.COMPLETED | Created: 2026-09-24 15:29:03 | Elo: 859.5
[2026-09-24 15:33:36] Ep 112917944 | Sub 56496099 | State: EpisodeState.COMPLETED | Created: 2026-09-24 15:29:04 | Elo: 2448.9
[2026-09-24 15:37:55] Ep 112918741 | Sub 56524707 | State: EpisodeState.COMPLETED | Created: 2026-09-24 15:33:00 | Elo: 943.4
[2026-09-24 15:40:07] Ep 112919887 | Sub 56524707 | State: EpisodeState.COMPLETED | Created: 2026-09-24 15:37:02 | Elo: 1043.7
[2026-09-24 15:44:30] Ep 112921024 | Sub 56524707 | State: EpisodeState.COMPLETED | Created: 2026-09-24 15:41:00 | Elo: 1217.2
[2026-09-24 15:44:30] Ep 112920083 | Sub 56524707 | State: EpisodeState.COMPLETED | Created: 2026-09-24 15:37:02 | Elo: 1217.2
[2026-09-24 15:44:36] Ep 112921435 | Sub 56496099 | State: EpisodeState.COMPLETED | Created: 2026-09-24 15:41:01 | Elo: 2443.5
[2026-09-24 15:48:54] Ep 112922134 | Sub 56524707 | State: EpisodeState.COMPLETED | Created: 2026-09-24 15:45:03 | Elo: 1319.8
[2026-09-24 15:53:19] Ep 112923282 | Sub 56524707 | State: EpisodeState.COMPLETED | Created: 2026-09-24 15:49:02 | Elo: 1445.5
[2026-09-24 15:57:44] Ep 112924424 | Sub 56524707 | State: EpisodeState.COMPLETED | Created: 2026-09-24 15:52:59 | Elo: 1560.6
[2026-09-24 15:59:56] Ep 112925577 | Sub 56524707 | State: EpisodeState.COMPLETED | Created: 2026-09-24 15:56:59 | Elo: 1658.1
[2026-09-24 16:04:26] Ep 112925809 | Sub 56496099 | State: EpisodeState.COMPLETED | Created: 2026-09-24 15:56:59 | Elo: 2440.8
[2026-09-24 16:06:33] Ep 112926715 | Sub 56524707 | State: EpisodeState.COMPLETED | Created: 2026-09-24 16:01:01 | Elo: 1793.2
[2026-09-24 16:08:46] Ep 112928175 | Sub 56524707 | State: EpisodeState.COMPLETED | Created: 2026-09-24 16:05:01 | Elo: 1867.2
[2026-09-24 16:08:51] Ep 112928117 | Sub 56496099 | State: EpisodeState.COMPLETED | Created: 2026-09-24 16:05:00 | Elo: 2436.2
[2026-09-24 16:11:00] Ep 112927860 | Sub 56524707 | State: EpisodeState.COMPLETED | Created: 2026-09-24 16:05:00 | Elo: 1899.0
[2026-09-24 16:13:13] Ep 112929466 | Sub 56524707 | State: EpisodeState.COMPLETED | Created: 2026-09-24 16:09:00 | Elo: 2004.9
[2026-09-24 16:15:24] Ep 112929057 | Sub 56524707 | State: EpisodeState.COMPLETED | Created: 2026-09-24 16:08:59 | Elo: 2047.9
[2026-09-24 16:19:47] Ep 112931425 | Sub 56524707 | State: EpisodeState.COMPLETED | Created: 2026-09-24 16:17:04 | Elo: 2160.8
[2026-09-24 16:19:47] Ep 112930230 | Sub 56524707 | State: EpisodeState.COMPLETED | Created: 2026-09-24 16:13:04 | Elo: 2160.8
[2026-09-24 16:22:03] Ep 112932046 | Sub 56496099 | State: EpisodeState.COMPLETED | Created: 2026-09-24 16:17:06 | Elo: 2439.8
[2026-09-24 16:24:10] Ep 112932663 | Sub 56524707 | State: EpisodeState.COMPLETED | Created: 2026-09-24 16:21:07 | Elo: 2258.7
[2026-09-24 16:30:48] Ep 112933843 | Sub 56524707 | State: EpisodeState.COMPLETED | Created: 2026-09-24 16:25:01 | Elo: 2217.0
[2026-09-24 16:35:12] Ep 112935003 | Sub 56524707 | State: EpisodeState.COMPLETED | Created: 2026-09-24 16:29:01 | Elo: 2281.3
[2026-09-24 16:37:24] Ep 112936852 | Sub 56524707 | State: EpisodeState.COMPLETED | Created: 2026-09-24 16:33:04 | Elo: 2313.8
[2026-09-24 16:39:35] Ep 112936200 | Sub 56524707 | State: EpisodeState.COMPLETED | Created: 2026-09-24 16:33:02 | Elo: 2341.1
[2026-09-24 16:41:46] Ep 112937458 | Sub 56524707 | State: EpisodeState.COMPLETED | Created: 2026-09-24 16:37:06 | Elo: 2304.3
[2026-09-24 16:44:03] Ep 112939496 | Sub 56496099 | State: EpisodeState.COMPLETED | Created: 2026-09-24 16:41:11 | Elo: 2436.2
[2026-09-24 16:46:11] Ep 112938636 | Sub 56524707 | State: EpisodeState.COMPLETED | Created: 2026-09-24 16:41:08 | Elo: 2277.0
[2026-09-24 16:50:33] Ep 112939826 | Sub 56524707 | State: EpisodeState.COMPLETED | Created: 2026-09-24 16:45:01 | Elo: 2307.5
[2026-09-24 16:54:59] Ep 112941008 | Sub 56524707 | State: EpisodeState.COMPLETED | Created: 2026-09-24 16:49:01 | Elo: 2339.0
[2026-09-24 16:59:23] Ep 112942204 | Sub 56524707 | State: EpisodeState.COMPLETED | Created: 2026-09-24 16:53:00 | Elo: 2355.4
[2026-09-24 17:01:35] Ep 112943405 | Sub 56524707 | State: EpisodeState.COMPLETED | Created: 2026-09-24 16:57:05 | Elo: 2374.1
[2026-09-24 17:03:46] Ep 112944615 | Sub 56524707 | State: EpisodeState.COMPLETED | Created: 2026-09-24 17:01:12 | Elo: 2393.1
[2026-09-24 17:10:22] Ep 112945788 | Sub 56524707 | State: EpisodeState.COMPLETED | Created: 2026-09-24 17:05:01 | Elo: 2373.9
[2026-09-24 17:12:34] Ep 112946901 | Sub 56524707 | State: EpisodeState.COMPLETED | Created: 2026-09-24 17:09:05 | Elo: 2373.9
[2026-09-24 17:16:59] Ep 112948102 | Sub 56524707 | State: EpisodeState.COMPLETED | Created: 2026-09-24 17:13:00 | Elo: 2376.6
[2026-09-24 17:21:27] Ep 112949948 | Sub 56496099 | State: EpisodeState.COMPLETED | Created: 2026-09-24 17:17:02 | Elo: 2439.6
[2026-09-24 17:23:34] Ep 112949249 | Sub 56524707 | State: EpisodeState.COMPLETED | Created: 2026-09-24 17:17:00 | Elo: 2388.5
[2026-09-24 17:27:58] Ep 112950405 | Sub 56524707 | State: EpisodeState.COMPLETED | Created: 2026-09-24 17:21:06 | Elo: 2375.0
[2026-09-24 17:28:03] Ep 112950421 | Sub 56496099 | State: EpisodeState.COMPLETED | Created: 2026-09-24 17:21:06 | Elo: 2444.1
[2026-09-24 17:32:24] Ep 112952864 | Sub 56524707 | State: EpisodeState.COMPLETED | Created: 2026-09-24 17:29:06 | Elo: 2402.7
[2026-09-24 17:32:24] Ep 112951603 | Sub 56524707 | State: EpisodeState.COMPLETED | Created: 2026-09-24 17:25:01 | Elo: 2402.7
[2026-09-24 17:36:49] Ep 112954136 | Sub 56524707 | State: EpisodeState.COMPLETED | Created: 2026-09-24 17:33:01 | Elo: 2390.9
[2026-09-24 17:43:25] Ep 112955398 | Sub 56524707 | State: EpisodeState.COMPLETED | Created: 2026-09-24 17:37:02 | Elo: 2402.8
[2026-09-24 17:45:37] Ep 112956695 | Sub 56524707 | State: EpisodeState.COMPLETED | Created: 2026-09-24 17:41:09 | Elo: 2392.4
[2026-09-24 17:50:02] Ep 112957759 | Sub 56524707 | State: EpisodeState.COMPLETED | Created: 2026-09-24 17:45:08 | Elo: 2404.6
[2026-09-24 17:54:27] Ep 112958997 | Sub 56524707 | State: EpisodeState.COMPLETED | Created: 2026-09-24 17:49:02 | Elo: 2395.5
[2026-09-24 17:56:39] Ep 112960254 | Sub 56524707 | State: EpisodeState.COMPLETED | Created: 2026-09-24 17:53:02 | Elo: 2405.4
[2026-09-24 17:56:44] Ep 112960564 | Sub 56496099 | State: EpisodeState.COMPLETED | Created: 2026-09-24 17:53:03 | Elo: 2450.0
[2026-09-24 17:58:57] Ep 112960855 | Sub 56496099 | State: EpisodeState.COMPLETED | Created: 2026-09-24 17:53:04 | Elo: 2445.7
[2026-09-24 18:01:04] Ep 112961465 | Sub 56524707 | State: EpisodeState.COMPLETED | Created: 2026-09-24 17:57:03 | Elo: 2405.4
[2026-09-24 18:03:16] Ep 112962818 | Sub 56524707 | State: EpisodeState.COMPLETED | Created: 2026-09-24 18:01:06 | Elo: 2386.8
[2026-09-24 18:07:41] Ep 112962646 | Sub 56524707 | State: EpisodeState.COMPLETED | Created: 2026-09-24 18:01:06 | Elo: 2396.3
[2026-09-24 18:09:52] Ep 112963833 | Sub 56524707 | State: EpisodeState.COMPLETED | Created: 2026-09-24 18:05:01 | Elo: 2404.8
[2026-09-24 18:16:24] Ep 112965035 | Sub 56524707 | State: EpisodeState.COMPLETED | Created: 2026-09-24 18:09:06 | Elo: 2396.7
[2026-09-24 18:25:13] Ep 112966217 | Sub 56524707 | State: EpisodeState.COMPLETED | Created: 2026-09-24 18:18:24 | Elo: 2406.1
[2026-09-24 18:25:19] Ep 112967852 | Sub 56496099 | State: EpisodeState.COMPLETED | Created: 2026-09-24 18:22:03 | Elo: 2449.7
[2026-09-24 18:27:25] Ep 112967372 | Sub 56524707 | State: EpisodeState.COMPLETED | Created: 2026-09-24 18:22:02 | Elo: 2412.0
[2026-09-24 18:29:36] Ep 112968892 | Sub 56524707 | State: EpisodeState.COMPLETED | Created: 2026-09-24 18:26:07 | Elo: 2404.6
[2026-09-24 18:31:48] Ep 112968534 | Sub 56524707 | State: EpisodeState.COMPLETED | Created: 2026-09-24 18:26:06 | Elo: 2396.2
[2026-09-24 18:34:02] Ep 112969718 | Sub 56524707 | State: EpisodeState.COMPLETED | Created: 2026-09-24 18:30:01 | Elo: 2412.4
[2026-09-24 18:34:02] Ep 112969966 | Sub 56524707 | State: EpisodeState.COMPLETED | Created: 2026-09-24 18:30:02 | Elo: 2412.4
[2026-09-24 18:38:26] Ep 112970883 | Sub 56524707 | State: EpisodeState.COMPLETED | Created: 2026-09-24 18:34:06 | Elo: 2404.8
[2026-09-24 18:42:50] Ep 112972024 | Sub 56524707 | State: EpisodeState.COMPLETED | Created: 2026-09-24 18:38:04 | Elo: 2414.5
[2026-09-24 18:42:55] Ep 112970648 | Sub 56496099 | State: EpisodeState.COMPLETED | Created: 2026-09-24 18:34:06 | Elo: 2454.0
[2026-09-24 18:47:13] Ep 112973183 | Sub 56524707 | State: EpisodeState.COMPLETED | Created: 2026-09-24 18:42:02 | Elo: 2420.7
[2026-09-24 18:51:38] Ep 112974361 | Sub 56524707 | State: EpisodeState.COMPLETED | Created: 2026-09-24 18:46:04 | Elo: 2425.7
[2026-09-24 18:53:50] Ep 112975307 | Sub 56524707 | State: EpisodeState.COMPLETED | Created: 2026-09-24 18:50:04 | Elo: 2427.0
[2026-09-24 18:53:50] Ep 112975503 | Sub 56524707 | State: EpisodeState.COMPLETED | Created: 2026-09-24 18:50:04 | Elo: 2427.0
[2026-09-24 18:56:03] Ep 112976703 | Sub 56524707 | State: EpisodeState.COMPLETED | Created: 2026-09-24 18:54:02 | Elo: 2419.0
[2026-09-24 18:58:20] Ep 112977185 | Sub 56496099 | State: EpisodeState.COMPLETED | Created: 2026-09-24 18:54:03 | Elo: 2450.8
[2026-09-24 19:04:51] Ep 112977868 | Sub 56524707 | State: EpisodeState.COMPLETED | Created: 2026-09-24 18:58:07 | Elo: 2411.1
[2026-09-24 19:07:04] Ep 112979146 | Sub 56524707 | State: EpisodeState.COMPLETED | Created: 2026-09-24 19:02:03 | Elo: 2416.4
[2026-09-24 19:09:14] Ep 112980156 | Sub 56524707 | State: EpisodeState.COMPLETED | Created: 2026-09-24 19:06:02 | Elo: 2410.1
[2026-09-24 19:15:50] Ep 112981314 | Sub 56524707 | State: EpisodeState.COMPLETED | Created: 2026-09-24 19:10:08 | Elo: 2405.1
[2026-09-24 19:20:15] Ep 112982455 | Sub 56524707 | State: EpisodeState.COMPLETED | Created: 2026-09-24 19:14:01 | Elo: 2410.2
[2026-09-24 19:22:26] Ep 112983605 | Sub 56524707 | State: EpisodeState.COMPLETED | Created: 2026-09-24 19:18:06 | Elo: 2414.3
[2026-09-24 19:26:51] Ep 112984781 | Sub 56524707 | State: EpisodeState.COMPLETED | Created: 2026-09-24 19:22:04 | Elo: 2418.4
[2026-09-24 19:26:56] Ep 112985230 | Sub 56496099 | State: EpisodeState.COMPLETED | Created: 2026-09-24 19:22:05 | Elo: 2455.1
[2026-09-24 19:31:16] Ep 112985919 | Sub 56524707 | State: EpisodeState.COMPLETED | Created: 2026-09-24 19:26:02 | Elo: 2423.4
[2026-09-24 19:33:28] Ep 112987181 | Sub 56524707 | State: EpisodeState.COMPLETED | Created: 2026-09-24 19:30:02 | Elo: 2423.9
[2026-09-24 19:33:28] Ep 112986154 | Sub 56524707 | State: EpisodeState.COMPLETED | Created: 2026-09-24 19:26:03 | Elo: 2423.9
[2026-09-24 19:37:52] Ep 112988353 | Sub 56524707 | State: EpisodeState.COMPLETED | Created: 2026-09-24 19:34:05 | Elo: 2428.1
[2026-09-24 19:40:04] Ep 112989545 | Sub 56524707 | State: EpisodeState.COMPLETED | Created: 2026-09-24 19:38:09 | Elo: 2428.1
[2026-09-24 19:44:30] Ep 112990732 | Sub 56524707 | State: EpisodeState.COMPLETED | Created: 2026-09-24 19:42:03 | Elo: 2418.5
[2026-09-24 19:51:07] Ep 112991912 | Sub 56524707 | State: EpisodeState.COMPLETED | Created: 2026-09-24 19:46:03 | Elo: 2423.7
[2026-09-24 19:51:12] Ep 112991594 | Sub 56496099 | State: EpisodeState.COMPLETED | Created: 2026-09-24 19:46:02 | Elo: 2450.9
[2026-09-24 19:55:30] Ep 112993058 | Sub 56524707 | State: EpisodeState.COMPLETED | Created: 2026-09-24 19:50:03 | Elo: 2430.0
[2026-09-24 19:59:54] Ep 112994233 | Sub 56524707 | State: EpisodeState.COMPLETED | Created: 2026-09-24 19:54:03 | Elo: 2425.8
[2026-09-24 20:02:07] Ep 112995387 | Sub 56524707 | State: EpisodeState.COMPLETED | Created: 2026-09-24 19:58:06 | Elo: 2421.5
[2026-09-24 20:13:18] Ep 112999033 | Sub 56496099 | State: EpisodeState.COMPLETED | Created: 2026-09-24 20:10:03 | Elo: 2455.3
[2026-09-24 20:22:02] Ep 113001572 | Sub 56524707 | State: EpisodeState.COMPLETED | Created: 2026-09-24 20:18:07 | Elo: 2427.4
[2026-09-24 20:37:34] Ep 113005883 | Sub 56496099 | State: EpisodeState.COMPLETED | Created: 2026-09-24 20:34:03 | Elo: 2450.9
[2026-09-24 20:44:04] Ep 113007567 | Sub 56524707 | State: EpisodeState.COMPLETED | Created: 2026-09-24 20:42:01 | Elo: 2427.9
[2026-09-24 20:44:04] Ep 113008289 | Sub 56524707 | State: EpisodeState.COMPLETED | Created: 2026-09-24 20:42:03 | Elo: 2427.9
[2026-09-24 20:44:10] Ep 113006604 | Sub 56496099 | State: EpisodeState.COMPLETED | Created: 2026-09-24 20:38:14 | Elo: 2447.5
[2026-09-24 20:59:30] Ep 113011282 | Sub 56524707 | State: EpisodeState.COMPLETED | Created: 2026-09-24 20:54:02 | Elo: 2423.1
[2026-09-24 21:01:42] Ep 113011196 | Sub 56524707 | State: EpisodeState.COMPLETED | Created: 2026-09-24 20:54:02 | Elo: 2419.4
[2026-09-24 21:01:48] Ep 113012855 | Sub 56496099 | State: EpisodeState.COMPLETED | Created: 2026-09-24 20:58:03 | Elo: 2453.0
[2026-09-24 21:19:19] Ep 113017481 | Sub 56524707 | State: EpisodeState.COMPLETED | Created: 2026-09-24 21:14:02 | Elo: 2424.5
[2026-09-24 21:23:44] Ep 113018182 | Sub 56524707 | State: EpisodeState.COMPLETED | Created: 2026-09-24 21:18:06 | Elo: 2423.3
[2026-09-24 21:23:44] Ep 113018571 | Sub 56524707 | State: EpisodeState.COMPLETED | Created: 2026-09-24 21:18:07 | Elo: 2423.3
[2026-09-24 21:23:49] Ep 113018778 | Sub 56496099 | State: EpisodeState.COMPLETED | Created: 2026-09-24 21:18:07 | Elo: 2448.0
[2026-09-24 21:36:57] Ep 113021460 | Sub 56524707 | State: EpisodeState.COMPLETED | Created: 2026-09-24 21:30:01 | Elo: 2427.4
[2026-09-24 21:41:27] Ep 113024533 | Sub 56496099 | State: EpisodeState.COMPLETED | Created: 2026-09-24 21:38:05 | Elo: 2452.0
[2026-09-24 21:54:35] Ep 113027806 | Sub 56524707 | State: EpisodeState.COMPLETED | Created: 2026-09-24 21:50:04 | Elo: 2432.9
[2026-09-24 22:01:17] Ep 113028991 | Sub 56496099 | State: EpisodeState.COMPLETED | Created: 2026-09-24 21:54:05 | Elo: 2447.2
[2026-09-24 22:14:26] Ep 113033610 | Sub 56524707 | State: EpisodeState.COMPLETED | Created: 2026-09-24 22:10:03 | Elo: 2437.5
[2026-09-24 22:16:37] Ep 113034085 | Sub 56524707 | State: EpisodeState.COMPLETED | Created: 2026-09-24 22:14:00 | Elo: 2441.5
[2026-09-24 22:18:50] Ep 113034666 | Sub 56524707 | State: EpisodeState.COMPLETED | Created: 2026-09-24 22:14:01 | Elo: 2436.6
[2026-09-24 22:18:55] Ep 113034714 | Sub 56496099 | State: EpisodeState.COMPLETED | Created: 2026-09-24 22:14:01 | Elo: 2453.3
[2026-09-24 22:21:02] Ep 113035866 | Sub 56524707 | State: EpisodeState.COMPLETED | Created: 2026-09-24 22:18:08 | Elo: 2428.3
[2026-09-24 22:21:02] Ep 113034673 | Sub 56524707 | State: EpisodeState.COMPLETED | Created: 2026-09-24 22:14:01 | Elo: 2428.3
[2026-09-24 22:21:07] Ep 113035212 | Sub 56496099 | State: EpisodeState.COMPLETED | Created: 2026-09-24 22:18:06 | Elo: 2448.5
[2026-09-24 22:25:25] Ep 113036490 | Sub 56524707 | State: EpisodeState.COMPLETED | Created: 2026-09-24 22:22:01 | Elo: 2425.1
[2026-09-24 22:36:24] Ep 113038971 | Sub 56524707 | State: EpisodeState.COMPLETED | Created: 2026-09-24 22:30:03 | Elo: 2419.9
[2026-09-24 22:38:41] Ep 113040640 | Sub 56496099 | State: EpisodeState.COMPLETED | Created: 2026-09-24 22:34:11 | Elo: 2444.8
[2026-09-24 22:49:39] Ep 113044132 | Sub 56524707 | State: EpisodeState.COMPLETED | Created: 2026-09-24 22:46:01 | Elo: 2422.7
[2026-09-24 22:56:17] Ep 113045077 | Sub 56524707 | State: EpisodeState.COMPLETED | Created: 2026-09-24 22:50:02 | Elo: 2426.5
[2026-09-24 22:56:22] Ep 113045286 | Sub 56496099 | State: EpisodeState.COMPLETED | Created: 2026-09-24 22:50:02 | Elo: 2440.0
[2026-09-24 23:05:04] Ep 113048607 | Sub 56524707 | State: EpisodeState.COMPLETED | Created: 2026-09-24 23:02:02 | Elo: 2422.9
[2026-09-24 23:09:33] Ep 113048371 | Sub 56496099 | State: EpisodeState.COMPLETED | Created: 2026-09-24 23:02:02 | Elo: 2436.1
[2026-09-24 23:20:36] Ep 113053358 | Sub 56496099 | State: EpisodeState.COMPLETED | Created: 2026-09-24 23:18:04 | Elo: 2440.3
[2026-09-24 23:24:54] Ep 113053532 | Sub 56524707 | State: EpisodeState.COMPLETED | Created: 2026-09-24 23:18:04 | Elo: 2426.6
[2026-09-24 23:27:08] Ep 113053736 | Sub 56524707 | State: EpisodeState.COMPLETED | Created: 2026-09-24 23:22:00 | Elo: 2426.6
[2026-09-24 23:38:07] Ep 113057467 | Sub 56524707 | State: EpisodeState.COMPLETED | Created: 2026-09-24 23:34:02 | Elo: 2425.1
[2026-09-24 23:44:50] Ep 113058830 | Sub 56496099 | State: EpisodeState.COMPLETED | Created: 2026-09-24 23:38:12 | Elo: 2444.5
[2026-09-24 23:47:03] Ep 113059992 | Sub 56496099 | State: EpisodeState.COMPLETED | Created: 2026-09-24 23:42:01 | Elo: 2447.9
[2026-09-24 23:53:46] Ep 113062512 | Sub 56496099 | State: EpisodeState.COMPLETED | Created: 2026-09-24 23:50:01 | Elo: 2452.7
[2026-09-24 23:55:53] Ep 113062684 | Sub 56524707 | State: EpisodeState.COMPLETED | Created: 2026-09-24 23:50:01 | Elo: 2421.2
[2026-09-25 00:04:40] Ep 113065168 | Sub 56524707 | State: EpisodeState.COMPLETED | Created: 2026-09-24 23:58:04 | Elo: 2426.1
[2026-09-25 00:11:24] Ep 113067547 | Sub 56496099 | State: EpisodeState.COMPLETED | Created: 2026-09-25 00:06:03 | Elo: 2455.7
[2026-09-25 00:17:55] Ep 113069417 | Sub 56524707 | State: EpisodeState.COMPLETED | Created: 2026-09-25 00:14:02 | Elo: 2421.7
[2026-09-25 00:18:01] Ep 113069601 | Sub 56496099 | State: EpisodeState.COMPLETED | Created: 2026-09-25 00:14:02 | Elo: 2460.7
[2026-09-25 00:20:07] Ep 113069430 | Sub 56524707 | State: EpisodeState.COMPLETED | Created: 2026-09-25 00:14:02 | Elo: 2417.7
[2026-09-25 00:26:45] Ep 113072133 | Sub 56524707 | State: EpisodeState.COMPLETED | Created: 2026-09-25 00:22:02 | Elo: 2423.8
[2026-09-25 00:40:06] Ep 113075511 | Sub 56496099 | State: EpisodeState.COMPLETED | Created: 2026-09-25 00:34:02 | Elo: 2463.7
[2026-09-25 00:46:37] Ep 113078015 | Sub 56524707 | State: EpisodeState.COMPLETED | Created: 2026-09-25 00:42:03 | Elo: 2419.2
[2026-09-25 00:59:58] Ep 113081545 | Sub 56496099 | State: EpisodeState.COMPLETED | Created: 2026-09-25 00:54:06 | Elo: 2469.6
[2026-09-25 01:10:55] Ep 113084830 | Sub 56524707 | State: EpisodeState.COMPLETED | Created: 2026-09-25 01:06:03 | Elo: 2423.2
[2026-09-25 01:11:00] Ep 113084529 | Sub 56496099 | State: EpisodeState.COMPLETED | Created: 2026-09-25 01:06:02 | Elo: 2465.3
[2026-09-25 01:15:19] Ep 113085672 | Sub 56524707 | State: EpisodeState.COMPLETED | Created: 2026-09-25 01:10:01 | Elo: 2427.4
[2026-09-25 01:15:24] Ep 113084438 | Sub 56496099 | State: EpisodeState.COMPLETED | Created: 2026-09-25 01:06:02 | Elo: 2461.3
[2026-09-25 01:28:33] Ep 113090384 | Sub 56524707 | State: EpisodeState.COMPLETED | Created: 2026-09-25 01:26:01 | Elo: 2423.5
[2026-09-25 01:30:51] Ep 113090717 | Sub 56496099 | State: EpisodeState.COMPLETED | Created: 2026-09-25 01:26:02 | Elo: 2457.0
[2026-09-25 01:50:37] Ep 113096594 | Sub 56524707 | State: EpisodeState.COMPLETED | Created: 2026-09-25 01:46:01 | Elo: 2428.0
[2026-09-25 01:50:42] Ep 113096709 | Sub 56496099 | State: EpisodeState.COMPLETED | Created: 2026-09-25 01:46:01 | Elo: 2452.1
[2026-09-25 01:59:32] Ep 113098952 | Sub 56496099 | State: EpisodeState.COMPLETED | Created: 2026-09-25 01:54:07 | Elo: 2456.4
[2026-09-25 02:01:39] Ep 113100255 | Sub 56524707 | State: EpisodeState.COMPLETED | Created: 2026-09-25 01:58:10 | Elo: 2433.1
[2026-09-25 02:10:29] Ep 113101685 | Sub 56524707 | State: EpisodeState.COMPLETED | Created: 2026-09-25 02:06:00 | Elo: 2429.4
[2026-09-25 02:17:03] Ep 113102790 | Sub 56524707 | State: EpisodeState.COMPLETED | Created: 2026-09-25 02:10:00 | Elo: 2426.4
[2026-09-25 02:19:21] Ep 113104279 | Sub 56496099 | State: EpisodeState.COMPLETED | Created: 2026-09-25 02:14:01 | Elo: 2461.3
[2026-09-25 02:25:52] Ep 113106753 | Sub 56524707 | State: EpisodeState.COMPLETED | Created: 2026-09-25 02:22:01 | Elo: 2422.6
[2026-09-25 02:36:53] Ep 113110356 | Sub 56524707 | State: EpisodeState.COMPLETED | Created: 2026-09-25 02:34:08 | Elo: 2428.2
[2026-09-25 02:36:58] Ep 113110727 | Sub 56496099 | State: EpisodeState.COMPLETED | Created: 2026-09-25 02:34:09 | Elo: 2455.9
[2026-09-25 02:39:10] Ep 113110035 | Sub 56496099 | State: EpisodeState.COMPLETED | Created: 2026-09-25 02:34:07 | Elo: 2459.8
[2026-09-25 02:45:45] Ep 113112776 | Sub 56496099 | State: EpisodeState.COMPLETED | Created: 2026-09-25 02:42:02 | Elo: 2464.8
[2026-09-25 02:50:10] Ep 113113305 | Sub 56496099 | State: EpisodeState.COMPLETED | Created: 2026-09-25 02:46:01 | Elo: 2467.6
[2026-09-25 02:52:23] Ep 113114881 | Sub 56496099 | State: EpisodeState.COMPLETED | Created: 2026-09-25 02:50:01 | Elo: 2462.5
[2026-09-25 02:59:00] Ep 113116481 | Sub 56496099 | State: EpisodeState.COMPLETED | Created: 2026-09-25 02:54:02 | Elo: 2466.0
[2026-09-25 03:01:07] Ep 113116513 | Sub 56524707 | State: EpisodeState.COMPLETED | Created: 2026-09-25 02:54:02 | Elo: 2431.3
[2026-09-25 03:12:13] Ep 113119353 | Sub 56496099 | State: EpisodeState.COMPLETED | Created: 2026-09-25 03:06:19 | Elo: 2460.9
[2026-09-25 03:14:20] Ep 113120321 | Sub 56524707 | State: EpisodeState.COMPLETED | Created: 2026-09-25 03:10:11 | Elo: 2426.6
[2026-09-25 03:16:37] Ep 113120520 | Sub 56496099 | State: EpisodeState.COMPLETED | Created: 2026-09-25 03:10:11 | Elo: 2456.0
[2026-09-25 03:25:22] Ep 113124074 | Sub 56524707 | State: EpisodeState.COMPLETED | Created: 2026-09-25 03:22:01 | Elo: 2421.8
[2026-09-25 03:36:20] Ep 113126453 | Sub 56524707 | State: EpisodeState.COMPLETED | Created: 2026-09-25 03:30:01 | Elo: 2417.2
[2026-09-25 03:36:26] Ep 113126909 | Sub 56496099 | State: EpisodeState.COMPLETED | Created: 2026-09-25 03:30:02 | Elo: 2460.4
[2026-09-25 03:38:38] Ep 113128102 | Sub 56496099 | State: EpisodeState.COMPLETED | Created: 2026-09-25 03:34:01 | Elo: 2464.3
[2026-09-25 03:58:25] Ep 113133931 | Sub 56524707 | State: EpisodeState.COMPLETED | Created: 2026-09-25 03:54:02 | Elo: 2412.7
[2026-09-25 04:02:50] Ep 113134537 | Sub 56524707 | State: EpisodeState.COMPLETED | Created: 2026-09-25 03:58:04 | Elo: 2417.3
[2026-09-25 04:02:55] Ep 113135214 | Sub 56496099 | State: EpisodeState.COMPLETED | Created: 2026-09-25 03:58:05 | Elo: 2468.2
[2026-09-25 04:07:14] Ep 113135656 | Sub 56524707 | State: EpisodeState.COMPLETED | Created: 2026-09-25 04:02:00 | Elo: 2423.5
[2026-09-25 04:09:26] Ep 113137367 | Sub 56524707 | State: EpisodeState.COMPLETED | Created: 2026-09-25 04:06:03 | Elo: 2427.9
[2026-09-25 04:27:05] Ep 113142090 | Sub 56496099 | State: EpisodeState.COMPLETED | Created: 2026-09-25 04:22:01 | Elo: 2462.2
[2026-09-25 04:33:38] Ep 113143712 | Sub 56524707 | State: EpisodeState.COMPLETED | Created: 2026-09-25 04:30:01 | Elo: 2421.7
[2026-09-25 04:35:51] Ep 113144300 | Sub 56524707 | State: EpisodeState.COMPLETED | Created: 2026-09-25 04:30:02 | Elo: 2425.8
[2026-09-25 04:49:03] Ep 113148751 | Sub 56496099 | State: EpisodeState.COMPLETED | Created: 2026-09-25 04:46:03 | Elo: 2457.0
[2026-09-25 04:57:45] Ep 113151096 | Sub 56524707 | State: EpisodeState.COMPLETED | Created: 2026-09-25 04:54:02 | Elo: 2430.5
[2026-09-25 05:04:21] Ep 113152433 | Sub 56524707 | State: EpisodeState.COMPLETED | Created: 2026-09-25 04:58:05 | Elo: 2434.3
[2026-09-25 05:15:25] Ep 113155791 | Sub 56496099 | State: EpisodeState.COMPLETED | Created: 2026-09-25 05:10:08 | Elo: 2452.0
[2026-09-25 05:22:01] Ep 113158397 | Sub 56496099 | State: EpisodeState.COMPLETED | Created: 2026-09-25 05:18:18 | Elo: 2447.7
[2026-09-25 05:28:31] Ep 113159199 | Sub 56524707 | State: EpisodeState.COMPLETED | Created: 2026-09-25 05:22:02 | Elo: 2435.2
[2026-09-25 05:28:31] Ep 113159414 | Sub 56524707 | State: EpisodeState.COMPLETED | Created: 2026-09-25 05:22:02 | Elo: 2435.2
[2026-09-25 05:37:20] Ep 113162702 | Sub 56524707 | State: EpisodeState.COMPLETED | Created: 2026-09-25 05:34:02 | Elo: 2439.6
[2026-09-25 05:39:32] Ep 113162468 | Sub 56524707 | State: EpisodeState.COMPLETED | Created: 2026-09-25 05:34:01 | Elo: 2435.4
[2026-09-25 05:46:11] Ep 113165243 | Sub 56496099 | State: EpisodeState.COMPLETED | Created: 2026-09-25 05:42:05 | Elo: 2442.3
[2026-09-25 05:48:23] Ep 113165205 | Sub 56496099 | State: EpisodeState.COMPLETED | Created: 2026-09-25 05:42:05 | Elo: 2439.0
[2026-09-25 05:57:06] Ep 113168182 | Sub 56524707 | State: EpisodeState.COMPLETED | Created: 2026-09-25 05:54:07 | Elo: 2439.2
[2026-09-25 05:59:19] Ep 113168895 | Sub 56524707 | State: EpisodeState.COMPLETED | Created: 2026-09-25 05:54:08 | Elo: 2443.1
[2026-09-25 06:01:32] Ep 113169318 | Sub 56524707 | State: EpisodeState.COMPLETED | Created: 2026-09-25 05:58:09 | Elo: 2438.8
[2026-09-25 06:05:55] Ep 113171217 | Sub 56524707 | State: EpisodeState.COMPLETED | Created: 2026-09-25 06:02:09 | Elo: 2435.1
[2026-09-25 06:08:07] Ep 113170711 | Sub 56524707 | State: EpisodeState.COMPLETED | Created: 2026-09-25 06:02:08 | Elo: 2430.6
[2026-09-25 06:10:23] Ep 113172035 | Sub 56496099 | State: EpisodeState.COMPLETED | Created: 2026-09-25 06:06:05 | Elo: 2433.2
[2026-09-25 06:12:35] Ep 113171682 | Sub 56496099 | State: EpisodeState.COMPLETED | Created: 2026-09-25 06:06:04 | Elo: 2428.9
[2026-09-25 06:32:17] Ep 113177683 | Sub 56524707 | State: EpisodeState.COMPLETED | Created: 2026-09-25 06:26:06 | Elo: 2430.3
[2026-09-25 06:32:17] Ep 113177992 | Sub 56524707 | State: EpisodeState.COMPLETED | Created: 2026-09-25 06:26:06 | Elo: 2430.3
[2026-09-25 06:34:34] Ep 113178973 | Sub 56496099 | State: EpisodeState.COMPLETED | Created: 2026-09-25 06:30:06 | Elo: 2423.4
[2026-09-25 06:38:53] Ep 113180244 | Sub 56524707 | State: EpisodeState.COMPLETED | Created: 2026-09-25 06:34:06 | Elo: 2426.2
[2026-09-25 06:54:25] Ep 113184460 | Sub 56496099 | State: EpisodeState.COMPLETED | Created: 2026-09-25 06:50:05 | Elo: 2419.0
[2026-09-25 07:00:56] Ep 113187235 | Sub 56524707 | State: EpisodeState.COMPLETED | Created: 2026-09-25 06:58:10 | Elo: 2423.4
[2026-09-25 07:16:26] Ep 113190936 | Sub 56496099 | State: EpisodeState.COMPLETED | Created: 2026-09-25 07:10:06 | Elo: 2413.8
[2026-09-25 07:18:33] Ep 113191995 | Sub 56524707 | State: EpisodeState.COMPLETED | Created: 2026-09-25 07:14:06 | Elo: 2427.7
[2026-09-25 07:27:24] Ep 113194302 | Sub 56496099 | State: EpisodeState.COMPLETED | Created: 2026-09-25 07:22:05 | Elo: 2408.9
[2026-09-25 07:31:44] Ep 113194828 | Sub 56524707 | State: EpisodeState.COMPLETED | Created: 2026-09-25 07:26:04 | Elo: 2422.8
[2026-09-25 07:31:49] Ep 113195211 | Sub 56496099 | State: EpisodeState.COMPLETED | Created: 2026-09-25 07:26:04 | Elo: 2404.7
[2026-09-25 07:40:30] Ep 113197666 | Sub 56524707 | State: EpisodeState.COMPLETED | Created: 2026-09-25 07:34:05 | Elo: 2417.1
[2026-09-25 07:42:43] Ep 113198512 | Sub 56524707 | State: EpisodeState.COMPLETED | Created: 2026-09-25 07:38:09 | Elo: 2412.6
[2026-09-25 07:45:00] Ep 113199373 | Sub 56496099 | State: EpisodeState.COMPLETED | Created: 2026-09-25 07:42:11 | Elo: 2404.7
[2026-09-25 08:04:42] Ep 113205999 | Sub 56524707 | State: EpisodeState.COMPLETED | Created: 2026-09-25 08:02:06 | Elo: 2417.0
[2026-09-25 08:09:09] Ep 113207093 | Sub 56496099 | State: EpisodeState.COMPLETED | Created: 2026-09-25 08:06:06 | Elo: 2394.9
[2026-09-25 08:11:16] Ep 113206817 | Sub 56524707 | State: EpisodeState.COMPLETED | Created: 2026-09-25 08:06:06 | Elo: 2412.8
[2026-09-25 08:13:33] Ep 113208254 | Sub 56496099 | State: EpisodeState.COMPLETED | Created: 2026-09-25 08:10:14 | Elo: 2399.6
[2026-09-25 08:15:39] Ep 113208391 | Sub 56524707 | State: EpisodeState.COMPLETED | Created: 2026-09-25 08:10:15 | Elo: 2417.9
[2026-09-25 08:22:13] Ep 113210403 | Sub 56524707 | State: EpisodeState.COMPLETED | Created: 2026-09-25 08:18:10 | Elo: 2423.6
[2026-09-25 08:30:58] Ep 113211167 | Sub 56524707 | State: EpisodeState.COMPLETED | Created: 2026-09-25 08:22:03 | Elo: 2428.7
[2026-09-25 08:37:38] Ep 113215470 | Sub 56496099 | State: EpisodeState.COMPLETED | Created: 2026-09-25 08:34:06 | Elo: 2398.8
[2026-09-25 08:37:38] Ep 113215308 | Sub 56496099 | State: EpisodeState.COMPLETED | Created: 2026-09-25 08:34:06 | Elo: 2398.8
[2026-09-25 08:48:36] Ep 113218668 | Sub 56524707 | State: EpisodeState.COMPLETED | Created: 2026-09-25 08:46:06 | Elo: 2433.9
[2026-09-25 08:55:12] Ep 113219557 | Sub 56524707 | State: EpisodeState.COMPLETED | Created: 2026-09-25 08:50:12 | Elo: 2426.6
[2026-09-25 08:55:12] Ep 113219977 | Sub 56524707 | State: EpisodeState.COMPLETED | Created: 2026-09-25 08:50:13 | Elo: 2426.6
[2026-09-25 09:01:54] Ep 113221584 | Sub 56496099 | State: EpisodeState.COMPLETED | Created: 2026-09-25 08:58:19 | Elo: 2393.8
[2026-09-25 09:23:46] Ep 113228143 | Sub 56524707 | State: EpisodeState.COMPLETED | Created: 2026-09-25 09:18:12 | Elo: 2430.8
[2026-09-25 09:28:14] Ep 113229425 | Sub 56496099 | State: EpisodeState.COMPLETED | Created: 2026-09-25 09:22:07 | Elo: 2391.0
[2026-09-25 09:45:46] Ep 113235363 | Sub 56524707 | State: EpisodeState.COMPLETED | Created: 2026-09-25 09:42:07 | Elo: 2436.8
[2026-09-25 09:48:02] Ep 113236545 | Sub 56496099 | State: EpisodeState.COMPLETED | Created: 2026-09-25 09:46:09 | Elo: 2391.0
[2026-09-25 10:01:13] Ep 113239122 | Sub 56496099 | State: EpisodeState.COMPLETED | Created: 2026-09-25 09:58:08 | Elo: 2382.0
[2026-09-25 10:03:20] Ep 113239033 | Sub 56524707 | State: EpisodeState.COMPLETED | Created: 2026-09-25 09:58:08 | Elo: 2433.2
[2026-09-25 10:05:37] Ep 113239782 | Sub 56496099 | State: EpisodeState.COMPLETED | Created: 2026-09-25 09:58:09 | Elo: 2385.6
[2026-09-25 10:18:46] Ep 113243931 | Sub 56496099 | State: EpisodeState.COMPLETED | Created: 2026-09-25 10:14:09 | Elo: 2389.7
[2026-09-25 10:25:14] Ep 113246758 | Sub 56524707 | State: EpisodeState.COMPLETED | Created: 2026-09-25 10:22:07 | Elo: 2437.6
[2026-09-25 10:33:58] Ep 113248985 | Sub 56524707 | State: EpisodeState.COMPLETED | Created: 2026-09-25 10:30:07 | Elo: 2433.3
[2026-09-25 10:42:51] Ep 113251515 | Sub 56496099 | State: EpisodeState.COMPLETED | Created: 2026-09-25 10:38:22 | Elo: 2393.3
[2026-09-25 10:53:44] Ep 113254280 | Sub 56524707 | State: EpisodeState.COMPLETED | Created: 2026-09-25 10:50:06 | Elo: 2428.3
[2026-09-25 10:53:50] Ep 113254595 | Sub 56496099 | State: EpisodeState.COMPLETED | Created: 2026-09-25 10:50:07 | Elo: 2389.4
[2026-09-25 11:13:39] Ep 113260957 | Sub 56496099 | State: EpisodeState.COMPLETED | Created: 2026-09-25 11:10:08 | Elo: 2386.2
[2026-09-25 11:20:10] Ep 113261999 | Sub 56524707 | State: EpisodeState.COMPLETED | Created: 2026-09-25 11:14:07 | Elo: 2432.2
[2026-09-25 11:31:13] Ep 113265159 | Sub 56496099 | State: EpisodeState.COMPLETED | Created: 2026-09-25 11:26:08 | Elo: 2389.6
[2026-09-25 11:37:43] Ep 113267461 | Sub 56524707 | State: EpisodeState.COMPLETED | Created: 2026-09-25 11:34:07 | Elo: 2427.2
[2026-09-25 11:46:29] Ep 113270019 | Sub 56524707 | State: EpisodeState.COMPLETED | Created: 2026-09-25 11:42:20 | Elo: 2421.8
[2026-09-25 11:53:04] Ep 113272219 | Sub 56524707 | State: EpisodeState.COMPLETED | Created: 2026-09-25 11:50:18 | Elo: 2417.2
[2026-09-25 11:53:09] Ep 113272586 | Sub 56496099 | State: EpisodeState.COMPLETED | Created: 2026-09-25 11:50:19 | Elo: 2394.3
[2026-09-25 11:57:28] Ep 113273354 | Sub 56524707 | State: EpisodeState.COMPLETED | Created: 2026-09-25 11:54:19 | Elo: 2412.8
[2026-09-25 12:06:20] Ep 113275412 | Sub 56496099 | State: EpisodeState.COMPLETED | Created: 2026-09-25 12:02:18 | Elo: 2398.7
[2026-09-25 12:19:29] Ep 113279216 | Sub 56496099 | State: EpisodeState.COMPLETED | Created: 2026-09-25 12:14:18 | Elo: 2393.6
[2026-09-25 12:25:58] Ep 113281861 | Sub 56524707 | State: EpisodeState.COMPLETED | Created: 2026-09-25 12:22:18 | Elo: 2417.4
[2026-09-25 12:26:02] Ep 113281983 | Sub 56496099 | State: EpisodeState.COMPLETED | Created: 2026-09-25 12:22:18 | Elo: 2388.2
[2026-09-25 12:30:25] Ep 113282996 | Sub 56496099 | State: EpisodeState.COMPLETED | Created: 2026-09-25 12:26:22 | Elo: 2383.4
[2026-09-25 12:41:24] Ep 113286044 | Sub 56496099 | State: EpisodeState.COMPLETED | Created: 2026-09-25 12:38:18 | Elo: 2387.2
[2026-09-25 12:56:42] Ep 113289977 | Sub 56524707 | State: EpisodeState.COMPLETED | Created: 2026-09-25 12:50:19 | Elo: 2412.9
[2026-09-25 13:01:11] Ep 113290784 | Sub 56496099 | State: EpisodeState.COMPLETED | Created: 2026-09-25 12:54:19 | Elo: 2383.1
[2026-09-25 13:09:59] Ep 113294039 | Sub 56496099 | State: EpisodeState.COMPLETED | Created: 2026-09-25 13:06:19 | Elo: 2378.6
[2026-09-25 13:20:53] Ep 113296875 | Sub 56524707 | State: EpisodeState.COMPLETED | Created: 2026-09-25 13:14:17 | Elo: 2407.6
[2026-09-25 13:36:21] Ep 113301834 | Sub 56496099 | State: EpisodeState.COMPLETED | Created: 2026-09-25 13:30:18 | Elo: 2374.1
[2026-09-25 13:38:28] Ep 113302628 | Sub 56524707 | State: EpisodeState.COMPLETED | Created: 2026-09-25 13:34:17 | Elo: 2403.7
[2026-09-25 13:49:32] Ep 113305963 | Sub 56496099 | State: EpisodeState.COMPLETED | Created: 2026-09-25 13:46:17 | Elo: 2378.3
[2026-09-25 14:00:26] Ep 113308753 | Sub 56524707 | State: EpisodeState.COMPLETED | Created: 2026-09-25 13:54:19 | Elo: 2397.6
[2026-09-25 14:04:56] Ep 113310405 | Sub 56496099 | State: EpisodeState.COMPLETED | Created: 2026-09-25 14:02:17 | Elo: 2374.2
[2026-09-25 14:15:51] Ep 113312636 | Sub 56524707 | State: EpisodeState.COMPLETED | Created: 2026-09-25 14:10:16 | Elo: 2392.9
[2026-09-25 14:20:16] Ep 113314524 | Sub 56524707 | State: EpisodeState.COMPLETED | Created: 2026-09-25 14:14:21 | Elo: 2388.6
[2026-09-25 14:31:22] Ep 113318260 | Sub 56496099 | State: EpisodeState.COMPLETED | Created: 2026-09-25 14:26:19 | Elo: 2378.6
[2026-09-25 14:33:30] Ep 113319449 | Sub 56524707 | State: EpisodeState.COMPLETED | Created: 2026-09-25 14:30:17 | Elo: 2384.8
[2026-09-25 14:37:54] Ep 113320421 | Sub 56524707 | State: EpisodeState.COMPLETED | Created: 2026-09-25 14:34:23 | Elo: 2388.2
[2026-09-25 14:42:19] Ep 113321573 | Sub 56524707 | State: EpisodeState.COMPLETED | Created: 2026-09-25 14:38:21 | Elo: 2383.7
[2026-09-25 14:42:25] Ep 113320912 | Sub 56496099 | State: EpisodeState.COMPLETED | Created: 2026-09-25 14:38:20 | Elo: 2373.9
[2026-09-25 15:08:44] Ep 113329747 | Sub 56524707 | State: EpisodeState.COMPLETED | Created: 2026-09-25 15:06:17 | Elo: 2387.1
[2026-09-25 15:08:50] Ep 113329641 | Sub 56496099 | State: EpisodeState.COMPLETED | Created: 2026-09-25 15:06:17 | Elo: 2379.1
[2026-09-25 15:10:57] Ep 113329762 | Sub 56524707 | State: EpisodeState.COMPLETED | Created: 2026-09-25 15:06:17 | Elo: 2382.0
[2026-09-25 15:28:32] Ep 113333786 | Sub 56524707 | State: EpisodeState.COMPLETED | Created: 2026-09-25 15:22:16 | Elo: 2378.1
[2026-09-25 15:37:26] Ep 113338164 | Sub 56496099 | State: EpisodeState.COMPLETED | Created: 2026-09-25 15:34:23 | Elo: 2381.5
[2026-09-25 15:52:45] Ep 113341347 | Sub 56524707 | State: EpisodeState.COMPLETED | Created: 2026-09-25 15:46:19 | Elo: 2373.1
[2026-09-25 15:57:20] Ep 113342424 | Sub 56496099 | State: EpisodeState.COMPLETED | Created: 2026-09-25 15:50:18 | Elo: 2375.9
[2026-09-25 16:14:56] Ep 113348567 | Sub 56496099 | State: EpisodeState.COMPLETED | Created: 2026-09-25 16:10:48 | Elo: 2370.6
[2026-09-25 16:19:17] Ep 113349511 | Sub 56496099 | State: EpisodeState.COMPLETED | Created: 2026-09-25 16:14:47 | Elo: 2365.1
[2026-09-25 16:21:25] Ep 113350863 | Sub 56524707 | State: EpisodeState.COMPLETED | Created: 2026-09-25 16:18:49 | Elo: 2368.1
[2026-09-25 16:28:02] Ep 113351983 | Sub 56524707 | State: EpisodeState.COMPLETED | Created: 2026-09-25 16:22:52 | Elo: 2363.3
[2026-09-25 16:39:11] Ep 113355339 | Sub 56496099 | State: EpisodeState.COMPLETED | Created: 2026-09-25 16:34:48 | Elo: 2361.3
[2026-09-25 16:50:14] Ep 113358681 | Sub 56496099 | State: EpisodeState.COMPLETED | Created: 2026-09-25 16:46:51 | Elo: 2356.1
[2026-09-25 16:52:26] Ep 113358898 | Sub 56496099 | State: EpisodeState.COMPLETED | Created: 2026-09-25 16:46:52 | Elo: 2360.6
[2026-09-25 16:54:33] Ep 113360131 | Sub 56524707 | State: EpisodeState.COMPLETED | Created: 2026-09-25 16:50:47 | Elo: 2359.6
[2026-09-25 17:23:18] Ep 113368441 | Sub 56496099 | State: EpisodeState.COMPLETED | Created: 2026-09-25 17:18:53 | Elo: 2355.7
[2026-09-25 17:27:38] Ep 113369597 | Sub 56524707 | State: EpisodeState.COMPLETED | Created: 2026-09-25 17:22:48 | Elo: 2355.5
[2026-09-25 17:34:12] Ep 113370600 | Sub 56524707 | State: EpisodeState.COMPLETED | Created: 2026-09-25 17:26:49 | Elo: 2360.2
[2026-09-25 17:40:53] Ep 113372872 | Sub 56496099 | State: EpisodeState.COMPLETED | Created: 2026-09-25 17:35:15 | Elo: 2350.4
[2026-09-25 17:54:07] Ep 113377287 | Sub 56496099 | State: EpisodeState.COMPLETED | Created: 2026-09-25 17:50:54 | Elo: 2344.4
[2026-09-25 17:56:15] Ep 113377252 | Sub 56524707 | State: EpisodeState.COMPLETED | Created: 2026-09-25 17:50:54 | Elo: 2357.3
[2026-09-25 18:24:59] Ep 113386005 | Sub 56496099 | State: EpisodeState.COMPLETED | Created: 2026-09-25 18:20:14 | Elo: 2348.5
[2026-09-25 18:27:06] Ep 113385998 | Sub 56524707 | State: EpisodeState.COMPLETED | Created: 2026-09-25 18:20:14 | Elo: 2351.8
[2026-09-25 18:27:11] Ep 113386803 | Sub 56496099 | State: EpisodeState.COMPLETED | Created: 2026-09-25 18:24:19 | Elo: 2348.5
[2026-09-25 18:47:02] Ep 113391199 | Sub 56496099 | State: EpisodeState.COMPLETED | Created: 2026-09-25 18:40:15 | Elo: 2349.8
[2026-09-25 18:49:09] Ep 113392591 | Sub 56524707 | State: EpisodeState.COMPLETED | Created: 2026-09-25 18:45:47 | Elo: 2348.6
[2026-09-25 19:09:11] Ep 113398834 | Sub 56496099 | State: EpisodeState.COMPLETED | Created: 2026-09-25 19:05:38 | Elo: 2346.3
[2026-09-25 19:13:32] Ep 113399465 | Sub 56524707 | State: EpisodeState.COMPLETED | Created: 2026-09-25 19:09:43 | Elo: 2355.6
[2026-09-25 19:13:32] Ep 113398605 | Sub 56524707 | State: EpisodeState.COMPLETED | Created: 2026-09-25 19:05:37 | Elo: 2355.6
[2026-09-25 19:35:40] Ep 113405789 | Sub 56496099 | State: EpisodeState.COMPLETED | Created: 2026-09-25 19:30:41 | Elo: 2350.3
[2026-09-25 19:37:48] Ep 113406822 | Sub 56524707 | State: EpisodeState.COMPLETED | Created: 2026-09-25 19:34:28 | Elo: 2360.2
[2026-09-25 19:44:26] Ep 113407711 | Sub 56524707 | State: EpisodeState.COMPLETED | Created: 2026-09-25 19:38:25 | Elo: 2357.5
[2026-09-25 19:59:58] Ep 113412750 | Sub 56496099 | State: EpisodeState.COMPLETED | Created: 2026-09-25 19:57:22 | Elo: 2345.2
[2026-09-25 20:10:55] Ep 113415345 | Sub 56559337 | State: EpisodeState.COMPLETED | Created: 2026-09-25 20:05:29 | Elo: 600.0
[2026-09-25 20:11:00] Ep 113414972 | Sub 56524707 | State: EpisodeState.COMPLETED | Created: 2026-09-25 20:05:02 | Elo: 2352.3
[2026-09-25 20:17:31] Ep 113416728 | Sub 56559337 | State: EpisodeState.COMPLETED | Created: 2026-09-25 20:13:00 | Elo: 725.0
[2026-09-25 20:21:55] Ep 113417888 | Sub 56559337 | State: EpisodeState.COMPLETED | Created: 2026-09-25 20:17:02 | Elo: 802.0
[2026-09-25 20:24:06] Ep 113419039 | Sub 56559337 | State: EpisodeState.COMPLETED | Created: 2026-09-25 20:21:00 | Elo: 907.3
[2026-09-25 20:30:41] Ep 113420181 | Sub 56559337 | State: EpisodeState.COMPLETED | Created: 2026-09-25 20:25:00 | Elo: 980.8
[2026-09-25 20:30:47] Ep 113421126 | Sub 56524707 | State: EpisodeState.COMPLETED | Created: 2026-09-25 20:25:01 | Elo: 2355.7
[2026-09-25 20:35:06] Ep 113421343 | Sub 56559337 | State: EpisodeState.COMPLETED | Created: 2026-09-25 20:29:02 | Elo: 1037.3
[2026-09-25 20:37:18] Ep 113422518 | Sub 56559337 | State: EpisodeState.COMPLETED | Created: 2026-09-25 20:33:04 | Elo: 1120.5
[2026-09-25 20:39:29] Ep 113423632 | Sub 56559337 | State: EpisodeState.COMPLETED | Created: 2026-09-25 20:37:11 | Elo: 1205.0
[2026-09-25 20:39:34] Ep 113423401 | Sub 56524707 | State: EpisodeState.COMPLETED | Created: 2026-09-25 20:33:05 | Elo: 2350.3
[2026-09-25 20:46:07] Ep 113424775 | Sub 56559337 | State: EpisodeState.COMPLETED | Created: 2026-09-25 20:41:03 | Elo: 1357.1
[2026-09-25 20:50:30] Ep 113425952 | Sub 56559337 | State: EpisodeState.COMPLETED | Created: 2026-09-25 20:45:01 | Elo: 1441.1
[2026-09-25 20:52:47] Ep 113428137 | Sub 56524707 | State: EpisodeState.COMPLETED | Created: 2026-09-25 20:49:03 | Elo: 2346.4
[2026-09-25 20:54:54] Ep 113427080 | Sub 56559337 | State: EpisodeState.COMPLETED | Created: 2026-09-25 20:49:01 | Elo: 1535.3
[2026-09-25 20:57:07] Ep 113428255 | Sub 56559337 | State: EpisodeState.COMPLETED | Created: 2026-09-25 20:53:01 | Elo: 1640.3
[2026-09-25 21:01:33] Ep 113429486 | Sub 56559337 | State: EpisodeState.COMPLETED | Created: 2026-09-25 20:57:04 | Elo: 1766.0
[2026-09-25 21:03:46] Ep 113430556 | Sub 56559337 | State: EpisodeState.COMPLETED | Created: 2026-09-25 21:01:02 | Elo: 1955.1
[2026-09-25 21:03:46] Ep 113430827 | Sub 56559337 | State: EpisodeState.COMPLETED | Created: 2026-09-25 21:01:02 | Elo: 1955.1
[2026-09-25 21:08:08] Ep 113431698 | Sub 56559337 | State: EpisodeState.COMPLETED | Created: 2026-09-25 21:05:01 | Elo: 2072.2
[2026-09-25 21:12:38] Ep 113433838 | Sub 56524707 | State: EpisodeState.COMPLETED | Created: 2026-09-25 21:09:04 | Elo: 2349.8
[2026-09-25 21:14:45] Ep 113432939 | Sub 56559337 | State: EpisodeState.COMPLETED | Created: 2026-09-25 21:09:02 | Elo: 2175.5
[2026-09-25 21:19:11] Ep 113434100 | Sub 56559337 | State: EpisodeState.COMPLETED | Created: 2026-09-25 21:13:01 | Elo: 2246.1
[2026-09-25 21:21:23] Ep 113435273 | Sub 56559337 | State: EpisodeState.COMPLETED | Created: 2026-09-25 21:17:08 | Elo: 2325.8
[2026-09-25 21:23:34] Ep 113436493 | Sub 56559337 | State: EpisodeState.COMPLETED | Created: 2026-09-25 21:21:04 | Elo: 2405.1
[2026-09-25 21:27:59] Ep 113437662 | Sub 56559337 | State: EpisodeState.COMPLETED | Created: 2026-09-25 21:25:01 | Elo: 2446.0
[2026-09-25 21:34:38] Ep 113439573 | Sub 56524707 | State: EpisodeState.COMPLETED | Created: 2026-09-25 21:32:35 | Elo: 2352.9
[2026-09-25 21:36:44] Ep 113438840 | Sub 56559337 | State: EpisodeState.COMPLETED | Created: 2026-09-25 21:32:34 | Elo: 2500.2
[2026-09-25 21:38:57] Ep 113440001 | Sub 56559337 | State: EpisodeState.COMPLETED | Created: 2026-09-25 21:36:14 | Elo: 2451.3
[2026-09-25 21:47:47] Ep 113441141 | Sub 56559337 | State: EpisodeState.COMPLETED | Created: 2026-09-25 21:40:14 | Elo: 2488.0
[2026-09-25 21:50:01] Ep 113442327 | Sub 56559337 | State: EpisodeState.COMPLETED | Created: 2026-09-25 21:44:13 | Elo: 2510.2
[2026-09-25 21:52:12] Ep 113443475 | Sub 56559337 | State: EpisodeState.COMPLETED | Created: 2026-09-25 21:48:13 | Elo: 2477.6
[2026-09-25 21:54:29] Ep 113443748 | Sub 56524707 | State: EpisodeState.COMPLETED | Created: 2026-09-25 21:48:13 | Elo: 2349.6
[2026-09-25 21:56:36] Ep 113444636 | Sub 56559337 | State: EpisodeState.COMPLETED | Created: 2026-09-25 21:52:14 | Elo: 2446.3
[2026-09-25 22:01:01] Ep 113445771 | Sub 56559337 | State: EpisodeState.COMPLETED | Created: 2026-09-25 21:56:12 | Elo: 2415.6
[2026-09-25 22:03:13] Ep 113446943 | Sub 56559337 | State: EpisodeState.COMPLETED | Created: 2026-09-25 22:00:13 | Elo: 2398.2
[2026-09-25 22:07:43] Ep 113448879 | Sub 56524707 | State: EpisodeState.COMPLETED | Created: 2026-09-25 22:04:13 | Elo: 2345.5
[2026-09-25 22:09:51] Ep 113448103 | Sub 56559337 | State: EpisodeState.COMPLETED | Created: 2026-09-25 22:04:12 | Elo: 2425.5
[2026-09-25 22:12:04] Ep 113449280 | Sub 56559337 | State: EpisodeState.COMPLETED | Created: 2026-09-25 22:08:12 | Elo: 2398.4
[2026-09-25 22:14:16] Ep 113450418 | Sub 56559337 | State: EpisodeState.COMPLETED | Created: 2026-09-25 22:12:15 | Elo: 2415.1
[2026-09-25 22:20:52] Ep 113451592 | Sub 56559337 | State: EpisodeState.COMPLETED | Created: 2026-09-25 22:16:12 | Elo: 2432.2
[2026-09-25 22:27:30] Ep 113452760 | Sub 56559337 | State: EpisodeState.COMPLETED | Created: 2026-09-25 22:20:13 | Elo: 2416.1
[2026-09-25 22:29:41] Ep 113453909 | Sub 56559337 | State: EpisodeState.COMPLETED | Created: 2026-09-25 22:24:37 | Elo: 2432.6
[2026-09-25 22:31:58] Ep 113454320 | Sub 56524707 | State: EpisodeState.COMPLETED | Created: 2026-09-25 22:24:38 | Elo: 2341.2
[2026-09-25 22:34:06] Ep 113455081 | Sub 56559337 | State: EpisodeState.COMPLETED | Created: 2026-09-25 22:28:34 | Elo: 2400.1
[2026-09-25 22:34:06] Ep 113455744 | Sub 56559337 | State: EpisodeState.COMPLETED | Created: 2026-09-25 22:28:35 | Elo: 2400.1
[2026-09-25 22:36:18] Ep 113456243 | Sub 56559337 | State: EpisodeState.COMPLETED | Created: 2026-09-25 22:32:34 | Elo: 2412.0
[2026-09-25 22:40:43] Ep 113457362 | Sub 56559337 | State: EpisodeState.COMPLETED | Created: 2026-09-25 22:36:33 | Elo: 2400.8
[2026-09-25 22:45:08] Ep 113458571 | Sub 56559337 | State: EpisodeState.COMPLETED | Created: 2026-09-25 22:40:33 | Elo: 2389.3
[2026-09-25 22:45:14] Ep 113459136 | Sub 56524707 | State: EpisodeState.COMPLETED | Created: 2026-09-25 22:40:34 | Elo: 2347.6
[2026-09-25 22:49:33] Ep 113459825 | Sub 56559337 | State: EpisodeState.COMPLETED | Created: 2026-09-25 22:46:27 | Elo: 2401.0
[2026-09-25 22:51:44] Ep 113460001 | Sub 56559337 | State: EpisodeState.COMPLETED | Created: 2026-09-25 22:46:28 | Elo: 2411.5
[2026-09-25 22:56:06] Ep 113460988 | Sub 56559337 | State: EpisodeState.COMPLETED | Created: 2026-09-25 22:50:19 | Elo: 2427.0
[2026-09-25 22:56:06] Ep 113461503 | Sub 56559337 | State: EpisodeState.COMPLETED | Created: 2026-09-25 22:50:19 | Elo: 2427.0
[2026-09-25 23:00:29] Ep 113462139 | Sub 56559337 | State: EpisodeState.COMPLETED | Created: 2026-09-25 22:54:19 | Elo: 2436.1
[2026-09-25 23:02:47] Ep 113464017 | Sub 56524707 | State: EpisodeState.COMPLETED | Created: 2026-09-25 22:58:20 | Elo: 2341.9
[2026-09-25 23:04:54] Ep 113463408 | Sub 56559337 | State: EpisodeState.COMPLETED | Created: 2026-09-25 22:58:19 | Elo: 2455.0
[2026-09-25 23:04:54] Ep 113464462 | Sub 56559337 | State: EpisodeState.COMPLETED | Created: 2026-09-25 23:02:18 | Elo: 2455.0
[2026-09-25 23:04:54] Ep 113463305 | Sub 56559337 | State: EpisodeState.COMPLETED | Created: 2026-09-25 22:58:19 | Elo: 2455.0
[2026-09-25 23:07:11] Ep 113464955 | Sub 56524707 | State: EpisodeState.COMPLETED | Created: 2026-09-25 23:02:19 | Elo: 2345.7
[2026-09-25 23:09:18] Ep 113465620 | Sub 56559337 | State: EpisodeState.COMPLETED | Created: 2026-09-25 23:06:19 | Elo: 2464.3
[2026-09-25 23:13:42] Ep 113466850 | Sub 56559337 | State: EpisodeState.COMPLETED | Created: 2026-09-25 23:10:19 | Elo: 2473.8
[2026-09-25 23:15:59] Ep 113467274 | Sub 56524707 | State: EpisodeState.COMPLETED | Created: 2026-09-25 23:10:19 | Elo: 2342.6
[2026-09-25 23:18:07] Ep 113467855 | Sub 56559337 | State: EpisodeState.COMPLETED | Created: 2026-09-25 23:14:19 | Elo: 2457.4
[2026-09-25 23:18:07] Ep 113467933 | Sub 56559337 | State: EpisodeState.COMPLETED | Created: 2026-09-25 23:14:19 | Elo: 2457.4
[2026-09-25 23:24:41] Ep 113469097 | Sub 56559337 | State: EpisodeState.COMPLETED | Created: 2026-09-25 23:18:20 | Elo: 2450.5
[2026-09-25 23:26:54] Ep 113470245 | Sub 56559337 | State: EpisodeState.COMPLETED | Created: 2026-09-25 23:22:19 | Elo: 2443.2
[2026-09-25 23:29:06] Ep 113471403 | Sub 56559337 | State: EpisodeState.COMPLETED | Created: 2026-09-25 23:26:18 | Elo: 2436.7
[2026-09-25 23:29:11] Ep 113472014 | Sub 56524707 | State: EpisodeState.COMPLETED | Created: 2026-09-25 23:26:19 | Elo: 2347.0
[2026-09-25 23:35:44] Ep 113472546 | Sub 56559337 | State: EpisodeState.COMPLETED | Created: 2026-09-25 23:30:19 | Elo: 2430.3
[2026-09-25 23:37:57] Ep 113473703 | Sub 56559337 | State: EpisodeState.COMPLETED | Created: 2026-09-25 23:34:19 | Elo: 2437.1
[2026-09-25 23:46:47] Ep 113474884 | Sub 56559337 | State: EpisodeState.COMPLETED | Created: 2026-09-25 23:43:25 | Elo: 2445.3
[2026-09-25 23:49:04] Ep 113475376 | Sub 56524707 | State: EpisodeState.COMPLETED | Created: 2026-09-25 23:43:26 | Elo: 2350.4
[2026-09-25 23:53:24] Ep 113476697 | Sub 56559337 | State: EpisodeState.COMPLETED | Created: 2026-09-25 23:47:03 | Elo: 2451.3
[2026-09-25 23:57:50] Ep 113477926 | Sub 56559337 | State: EpisodeState.COMPLETED | Created: 2026-09-25 23:51:05 | Elo: 2445.5
[2026-09-26 00:02:15] Ep 113479120 | Sub 56559337 | State: EpisodeState.COMPLETED | Created: 2026-09-25 23:55:04 | Elo: 2450.2
[2026-09-26 00:02:21] Ep 113480919 | Sub 56524707 | State: EpisodeState.COMPLETED | Created: 2026-09-25 23:59:06 | Elo: 2356.4
[2026-09-26 00:04:28] Ep 113480269 | Sub 56559337 | State: EpisodeState.COMPLETED | Created: 2026-09-25 23:59:05 | Elo: 2443.6
[2026-09-26 00:08:52] Ep 113481536 | Sub 56559337 | State: EpisodeState.COMPLETED | Created: 2026-09-26 00:03:05 | Elo: 2448.6
[2026-09-26 00:11:05] Ep 113482764 | Sub 56559337 | State: EpisodeState.COMPLETED | Created: 2026-09-26 00:07:02 | Elo: 2455.2
[2026-09-26 00:11:11] Ep 113482671 | Sub 56524707 | State: EpisodeState.COMPLETED | Created: 2026-09-26 00:07:02 | Elo: 2351.2
[2026-09-26 00:13:18] Ep 113483982 | Sub 56559337 | State: EpisodeState.COMPLETED | Created: 2026-09-26 00:11:02 | Elo: 2460.6
[2026-09-26 00:15:31] Ep 113484021 | Sub 56559337 | State: EpisodeState.COMPLETED | Created: 2026-09-26 00:11:02 | Elo: 2455.2
[2026-09-26 00:22:07] Ep 113485113 | Sub 56559337 | State: EpisodeState.COMPLETED | Created: 2026-09-26 00:15:03 | Elo: 2449.3
[2026-09-26 00:26:31] Ep 113487485 | Sub 56559337 | State: EpisodeState.COMPLETED | Created: 2026-09-26 00:23:08 | Elo: 2448.0
[2026-09-26 00:26:31] Ep 113486347 | Sub 56559337 | State: EpisodeState.COMPLETED | Created: 2026-09-26 00:19:03 | Elo: 2448.0
[2026-09-26 00:26:36] Ep 113488037 | Sub 56524707 | State: EpisodeState.COMPLETED | Created: 2026-09-26 00:23:08 | Elo: 2348.3
[2026-09-26 00:30:56] Ep 113488687 | Sub 56559337 | State: EpisodeState.COMPLETED | Created: 2026-09-26 00:27:03 | Elo: 2443.7
[2026-09-26 00:33:12] Ep 113488464 | Sub 56524707 | State: EpisodeState.COMPLETED | Created: 2026-09-26 00:27:03 | Elo: 2343.4
[2026-09-26 00:35:19] Ep 113490151 | Sub 56559337 | State: EpisodeState.COMPLETED | Created: 2026-09-26 00:31:08 | Elo: 2443.0
[2026-09-26 00:35:19] Ep 113489846 | Sub 56559337 | State: EpisodeState.COMPLETED | Created: 2026-09-26 00:31:08 | Elo: 2443.0
[2026-09-26 00:39:44] Ep 113491043 | Sub 56559337 | State: EpisodeState.COMPLETED | Created: 2026-09-26 00:35:08 | Elo: 2448.5
[2026-09-26 00:44:09] Ep 113492222 | Sub 56559337 | State: EpisodeState.COMPLETED | Created: 2026-09-26 00:39:08 | Elo: 2453.5
[2026-09-26 00:48:33] Ep 113493401 | Sub 56559337 | State: EpisodeState.COMPLETED | Created: 2026-09-26 00:43:09 | Elo: 2458.9
[2026-09-26 00:48:38] Ep 113493871 | Sub 56524707 | State: EpisodeState.COMPLETED | Created: 2026-09-26 00:43:09 | Elo: 2347.8
[2026-09-26 00:52:57] Ep 113494712 | Sub 56559337 | State: EpisodeState.COMPLETED | Created: 2026-09-26 00:47:05 | Elo: 2464.3
[2026-09-26 00:55:10] Ep 113495714 | Sub 56559337 | State: EpisodeState.COMPLETED | Created: 2026-09-26 00:51:06 | Elo: 2468.7
[2026-09-26 01:01:46] Ep 113498133 | Sub 56559337 | State: EpisodeState.COMPLETED | Created: 2026-09-26 00:59:05 | Elo: 2465.8
[2026-09-26 01:01:46] Ep 113496904 | Sub 56559337 | State: EpisodeState.COMPLETED | Created: 2026-09-26 00:55:03 | Elo: 2465.8
[2026-09-26 01:01:46] Ep 113496970 | Sub 56559337 | State: EpisodeState.COMPLETED | Created: 2026-09-26 00:55:03 | Elo: 2465.8
[2026-09-26 01:06:16] Ep 113499593 | Sub 56524707 | State: EpisodeState.COMPLETED | Created: 2026-09-26 01:03:06 | Elo: 2342.7
[2026-09-26 01:15:06] Ep 113501874 | Sub 56524707 | State: EpisodeState.COMPLETED | Created: 2026-09-26 01:11:04 | Elo: 2339.8
[2026-09-26 01:17:14] Ep 113502213 | Sub 56559337 | State: EpisodeState.COMPLETED | Created: 2026-09-26 01:11:04 | Elo: 2461.7
[2026-09-26 01:19:26] Ep 113503368 | Sub 56559337 | State: EpisodeState.COMPLETED | Created: 2026-09-26 01:15:04 | Elo: 2457.9
[2026-09-26 01:26:02] Ep 113505314 | Sub 56559337 | State: EpisodeState.COMPLETED | Created: 2026-09-26 01:23:12 | Elo: 2460.9
[2026-09-26 01:30:25] Ep 113505090 | Sub 56559337 | State: EpisodeState.COMPLETED | Created: 2026-09-26 01:23:12 | Elo: 2455.6
[2026-09-26 01:30:31] Ep 113506848 | Sub 56524707 | State: EpisodeState.COMPLETED | Created: 2026-09-26 01:27:04 | Elo: 2331.0
[2026-09-26 01:30:31] Ep 113506189 | Sub 56524707 | State: EpisodeState.COMPLETED | Created: 2026-09-26 01:27:03 | Elo: 2331.0
[2026-09-26 01:34:50] Ep 113507123 | Sub 56559337 | State: EpisodeState.COMPLETED | Created: 2026-09-26 01:31:02 | Elo: 2452.9
[2026-09-26 01:37:07] Ep 113507737 | Sub 56524707 | State: EpisodeState.COMPLETED | Created: 2026-09-26 01:31:04 | Elo: 2325.7
[2026-09-26 01:41:32] Ep 113508411 | Sub 56524707 | State: EpisodeState.COMPLETED | Created: 2026-09-26 01:35:02 | Elo: 2321.1
[2026-09-26 01:45:56] Ep 113511420 | Sub 56524707 | State: EpisodeState.COMPLETED | Created: 2026-09-26 01:43:37 | Elo: 2316.3
[2026-09-26 01:52:28] Ep 113512603 | Sub 56559337 | State: EpisodeState.COMPLETED | Created: 2026-09-26 01:47:34 | Elo: 2449.0
[2026-09-26 02:03:29] Ep 113516032 | Sub 56559337 | State: EpisodeState.COMPLETED | Created: 2026-09-26 01:59:42 | Elo: 2445.2
[2026-09-26 02:05:42] Ep 113516124 | Sub 56559337 | State: EpisodeState.COMPLETED | Created: 2026-09-26 01:59:42 | Elo: 2440.1
[2026-09-26 02:10:10] Ep 113517066 | Sub 56524707 | State: EpisodeState.COMPLETED | Created: 2026-09-26 02:03:36 | Elo: 2312.8
[2026-09-26 02:12:17] Ep 113518564 | Sub 56559337 | State: EpisodeState.COMPLETED | Created: 2026-09-26 02:07:38 | Elo: 2444.3
[2026-09-26 02:14:30] Ep 113519204 | Sub 56559337 | State: EpisodeState.COMPLETED | Created: 2026-09-26 02:11:35 | Elo: 2438.0
[2026-09-26 02:25:35] Ep 113522150 | Sub 56524707 | State: EpisodeState.COMPLETED | Created: 2026-09-26 02:19:34 | Elo: 2317.8
[2026-09-26 02:29:54] Ep 113524315 | Sub 56559337 | State: EpisodeState.COMPLETED | Created: 2026-09-26 02:27:34 | Elo: 2441.8
[2026-09-26 02:32:07] Ep 113524474 | Sub 56559337 | State: EpisodeState.COMPLETED | Created: 2026-09-26 02:27:34 | Elo: 2446.7
[2026-09-26 02:41:00] Ep 113526204 | Sub 56524707 | State: EpisodeState.COMPLETED | Created: 2026-09-26 02:35:37 | Elo: 2321.3
[2026-09-26 02:54:09] Ep 113530205 | Sub 56559337 | State: EpisodeState.COMPLETED | Created: 2026-09-26 02:47:35 | Elo: 2450.0
[2026-09-26 02:54:13] Ep 113531525 | Sub 56524707 | State: EpisodeState.COMPLETED | Created: 2026-09-26 02:51:35 | Elo: 2325.2
[2026-09-26 03:07:29] Ep 113533628 | Sub 56524707 | State: EpisodeState.COMPLETED | Created: 2026-09-26 02:59:37 | Elo: 2330.4
[2026-09-26 03:13:59] Ep 113535846 | Sub 56559337 | State: EpisodeState.COMPLETED | Created: 2026-09-26 03:07:57 | Elo: 2454.4
[2026-09-26 03:22:52] Ep 113538894 | Sub 56524707 | State: EpisodeState.COMPLETED | Created: 2026-09-26 03:19:32 | Elo: 2326.7
[2026-09-26 03:24:58] Ep 113539015 | Sub 56559337 | State: EpisodeState.COMPLETED | Created: 2026-09-26 03:19:32 | Elo: 2460.2
[2026-09-26 03:25:04] Ep 113539452 | Sub 56524707 | State: EpisodeState.COMPLETED | Created: 2026-09-26 03:19:33 | Elo: 2322.4
[2026-09-26 03:27:16] Ep 113540103 | Sub 56524707 | State: EpisodeState.COMPLETED | Created: 2026-09-26 03:23:38 | Elo: 2326.6
[2026-09-26 03:29:28] Ep 113540028 | Sub 56524707 | State: EpisodeState.COMPLETED | Created: 2026-09-26 03:23:38 | Elo: 2321.9
[2026-09-26 03:31:40] Ep 113541889 | Sub 56524707 | State: EpisodeState.COMPLETED | Created: 2026-09-26 03:27:33 | Elo: 2317.3
[2026-09-26 03:42:35] Ep 113545232 | Sub 56559337 | State: EpisodeState.COMPLETED | Created: 2026-09-26 03:39:34 | Elo: 2464.2
[2026-09-26 03:51:29] Ep 113547800 | Sub 56524707 | State: EpisodeState.COMPLETED | Created: 2026-09-26 03:47:34 | Elo: 2322.4
[2026-09-26 03:58:01] Ep 113549742 | Sub 56559337 | State: EpisodeState.COMPLETED | Created: 2026-09-26 03:55:32 | Elo: 2459.6
[2026-09-26 03:58:07] Ep 113550187 | Sub 56524707 | State: EpisodeState.COMPLETED | Created: 2026-09-26 03:55:33 | Elo: 2327.3
[2026-09-26 04:11:22] Ep 113553673 | Sub 56524707 | State: EpisodeState.COMPLETED | Created: 2026-09-26 04:07:34 | Elo: 2331.8
[2026-09-26 04:13:34] Ep 113553713 | Sub 56524707 | State: EpisodeState.COMPLETED | Created: 2026-09-26 04:07:34 | Elo: 2326.7
[2026-09-26 04:17:55] Ep 113555843 | Sub 56559337 | State: EpisodeState.COMPLETED | Created: 2026-09-26 04:15:35 | Elo: 2463.2
[2026-09-26 04:31:14] Ep 113559028 | Sub 56524707 | State: EpisodeState.COMPLETED | Created: 2026-09-26 04:27:33 | Elo: 2321.5
[2026-09-26 04:39:58] Ep 113561756 | Sub 56559337 | State: EpisodeState.COMPLETED | Created: 2026-09-26 04:35:33 | Elo: 2465.8
[2026-09-26 04:51:02] Ep 113565276 | Sub 56524707 | State: EpisodeState.COMPLETED | Created: 2026-09-26 04:47:37 | Elo: 2316.7
[2026-09-26 04:59:44] Ep 113567665 | Sub 56559337 | State: EpisodeState.COMPLETED | Created: 2026-09-26 04:55:34 | Elo: 2470.5
[2026-09-26 04:59:49] Ep 113567191 | Sub 56524707 | State: EpisodeState.COMPLETED | Created: 2026-09-26 04:55:34 | Elo: 2312.1
[2026-09-26 05:10:47] Ep 113570921 | Sub 56559337 | State: EpisodeState.COMPLETED | Created: 2026-09-26 05:07:35 | Elo: 2471.0
[2026-09-26 05:10:47] Ep 113569620 | Sub 56559337 | State: EpisodeState.COMPLETED | Created: 2026-09-26 05:03:35 | Elo: 2471.0
[2026-09-26 05:21:52] Ep 113573451 | Sub 56524707 | State: EpisodeState.COMPLETED | Created: 2026-09-26 05:15:34 | Elo: 2303.4
[2026-09-26 05:21:52] Ep 113572777 | Sub 56524707 | State: EpisodeState.COMPLETED | Created: 2026-09-26 05:15:33 | Elo: 2303.4
[2026-09-26 05:35:00] Ep 113577035 | Sub 56559337 | State: EpisodeState.COMPLETED | Created: 2026-09-26 05:28:04 | Elo: 2474.3
[2026-09-26 05:39:28] Ep 113579477 | Sub 56524707 | State: EpisodeState.COMPLETED | Created: 2026-09-26 05:36:05 | Elo: 2298.8
[2026-09-26 05:48:14] Ep 113581631 | Sub 56524707 | State: EpisodeState.COMPLETED | Created: 2026-09-26 05:44:15 | Elo: 2294.9
[2026-09-26 05:52:38] Ep 113582936 | Sub 56524707 | State: EpisodeState.COMPLETED | Created: 2026-09-26 05:48:11 | Elo: 2290.5
[2026-09-26 05:54:45] Ep 113583843 | Sub 56559337 | State: EpisodeState.COMPLETED | Created: 2026-09-26 05:52:10 | Elo: 2478.8
[2026-09-26 06:12:20] Ep 113588897 | Sub 56559337 | State: EpisodeState.COMPLETED | Created: 2026-09-26 06:08:11 | Elo: 2473.8
[2026-09-26 06:14:38] Ep 113588454 | Sub 56524707 | State: EpisodeState.COMPLETED | Created: 2026-09-26 06:08:11 | Elo: 2286.7
[2026-09-26 06:16:49] Ep 113589962 | Sub 56524707 | State: EpisodeState.COMPLETED | Created: 2026-09-26 06:12:12 | Elo: 2291.5
[2026-09-26 06:19:02] Ep 113589695 | Sub 56524707 | State: EpisodeState.COMPLETED | Created: 2026-09-26 06:12:12 | Elo: 2284.6
[2026-09-26 06:21:09] Ep 113590311 | Sub 56559337 | State: EpisodeState.COMPLETED | Created: 2026-09-26 06:16:09 | Elo: 2477.1
[2026-09-26 06:21:14] Ep 113590661 | Sub 56524707 | State: EpisodeState.COMPLETED | Created: 2026-09-26 06:16:10 | Elo: 2289.3
[2026-09-26 06:23:20] Ep 113591521 | Sub 56559337 | State: EpisodeState.COMPLETED | Created: 2026-09-26 06:20:09 | Elo: 2473.0
[2026-09-26 06:29:56] Ep 113592360 | Sub 56559337 | State: EpisodeState.COMPLETED | Created: 2026-09-26 06:20:11 | Elo: 2478.6
[2026-09-26 06:43:13] Ep 113596977 | Sub 56524707 | State: EpisodeState.COMPLETED | Created: 2026-09-26 06:36:10 | Elo: 2293.5
[2026-09-26 06:47:38] Ep 113597912 | Sub 56524707 | State: EpisodeState.COMPLETED | Created: 2026-09-26 06:40:10 | Elo: 2289.9
[2026-09-26 06:49:43] Ep 113599161 | Sub 56559337 | State: EpisodeState.COMPLETED | Created: 2026-09-26 06:44:48 | Elo: 2473.8
[2026-09-26 07:05:13] Ep 113604104 | Sub 56524707 | State: EpisodeState.COMPLETED | Created: 2026-09-26 07:00:39 | Elo: 2284.3
[2026-09-26 07:14:03] Ep 113606169 | Sub 56559337 | State: EpisodeState.COMPLETED | Created: 2026-09-26 07:08:40 | Elo: 2469.8
[2026-09-26 07:16:09] Ep 113606559 | Sub 56572614 | State: EpisodeState.COMPLETED | Created: 2026-09-26 07:12:17 | Elo: 600.0
[2026-09-26 07:22:45] Ep 113607930 | Sub 56572614 | State: EpisodeState.COMPLETED | Created: 2026-09-26 07:16:39 | Elo: 735.6
[2026-09-26 07:24:57] Ep 113609103 | Sub 56572614 | State: EpisodeState.COMPLETED | Created: 2026-09-26 07:20:39 | Elo: 817.3
[2026-09-26 07:31:31] Ep 113610233 | Sub 56572614 | State: EpisodeState.COMPLETED | Created: 2026-09-26 07:24:44 | Elo: 996.6
[2026-09-26 07:31:31] Ep 113611412 | Sub 56572614 | State: EpisodeState.COMPLETED | Created: 2026-09-26 07:28:39 | Elo: 996.6
[2026-09-26 07:33:47] Ep 113612367 | Sub 56559337 | State: EpisodeState.COMPLETED | Created: 2026-09-26 07:28:40 | Elo: 2473.7
[2026-09-26 07:38:05] Ep 113612561 | Sub 56572614 | State: EpisodeState.COMPLETED | Created: 2026-09-26 07:32:39 | Elo: 1131.3
[2026-09-26 07:38:09] Ep 113613527 | Sub 56559337 | State: EpisodeState.COMPLETED | Created: 2026-09-26 07:32:41 | Elo: 2470.4
[2026-09-26 07:40:16] Ep 113613738 | Sub 56572614 | State: EpisodeState.COMPLETED | Created: 2026-09-26 07:36:39 | Elo: 1207.0
[2026-09-26 07:42:32] Ep 113614724 | Sub 56559337 | State: EpisodeState.COMPLETED | Created: 2026-09-26 07:36:40 | Elo: 2465.7
[2026-09-26 07:46:51] Ep 113614880 | Sub 56572614 | State: EpisodeState.COMPLETED | Created: 2026-09-26 07:40:41 | Elo: 1321.2
[2026-09-26 07:51:13] Ep 113616059 | Sub 56572614 | State: EpisodeState.COMPLETED | Created: 2026-09-26 07:44:44 | Elo: 1391.0
[2026-09-26 07:55:37] Ep 113617213 | Sub 56572614 | State: EpisodeState.COMPLETED | Created: 2026-09-26 07:48:40 | Elo: 1513.3
[2026-09-26 07:57:48] Ep 113618440 | Sub 56572614 | State: EpisodeState.COMPLETED | Created: 2026-09-26 07:52:40 | Elo: 1626.5
[2026-09-26 08:02:12] Ep 113619527 | Sub 56572614 | State: EpisodeState.COMPLETED | Created: 2026-09-26 07:56:39 | Elo: 1753.3
[2026-09-26 08:06:35] Ep 113620707 | Sub 56572614 | State: EpisodeState.COMPLETED | Created: 2026-09-26 08:00:40 | Elo: 1859.4
[2026-09-26 08:06:41] Ep 113621724 | Sub 56559337 | State: EpisodeState.COMPLETED | Created: 2026-09-26 08:00:42 | Elo: 2460.8
[2026-09-26 08:08:48] Ep 113621869 | Sub 56572614 | State: EpisodeState.COMPLETED | Created: 2026-09-26 08:04:46 | Elo: 1995.3
[2026-09-26 08:13:12] Ep 113622164 | Sub 56572614 | State: EpisodeState.COMPLETED | Created: 2026-09-26 08:08:44 | Elo: 2124.5
[2026-09-26 08:17:36] Ep 113623336 | Sub 56572614 | State: EpisodeState.COMPLETED | Created: 2026-09-26 08:12:39 | Elo: 2219.4
[2026-09-26 08:19:54] Ep 113624384 | Sub 56559337 | State: EpisodeState.COMPLETED | Created: 2026-09-26 08:12:41 | Elo: 2455.9
[2026-09-26 08:22:02] Ep 113624534 | Sub 56572614 | State: EpisodeState.COMPLETED | Created: 2026-09-26 08:16:40 | Elo: 2138.3
[2026-09-26 08:22:07] Ep 113625245 | Sub 56559337 | State: EpisodeState.COMPLETED | Created: 2026-09-26 08:16:41 | Elo: 2459.7
[2026-09-26 08:24:15] Ep 113625708 | Sub 56572614 | State: EpisodeState.COMPLETED | Created: 2026-09-26 08:20:38 | Elo: 2078.7
[2026-09-26 08:26:27] Ep 113626334 | Sub 56572614 | State: EpisodeState.COMPLETED | Created: 2026-09-26 08:20:39 | Elo: 2206.1
[2026-09-26 08:30:52] Ep 113626976 | Sub 56572614 | State: EpisodeState.COMPLETED | Created: 2026-09-26 08:24:43 | Elo: 2274.6
[2026-09-26 08:33:04] Ep 113628160 | Sub 56572614 | State: EpisodeState.COMPLETED | Created: 2026-09-26 08:28:41 | Elo: 2192.5
[2026-09-26 08:35:16] Ep 113629407 | Sub 56572614 | State: EpisodeState.COMPLETED | Created: 2026-09-26 08:32:40 | Elo: 2234.9
[2026-09-26 08:39:45] Ep 113631393 | Sub 56559337 | State: EpisodeState.COMPLETED | Created: 2026-09-26 08:36:42 | Elo: 2464.2
[2026-09-26 08:41:53] Ep 113630589 | Sub 56572614 | State: EpisodeState.COMPLETED | Created: 2026-09-26 08:36:41 | Elo: 2185.5
[2026-09-26 08:46:16] Ep 113631769 | Sub 56572614 | State: EpisodeState.COMPLETED | Created: 2026-09-26 08:40:45 | Elo: 2206.9
[2026-09-26 08:48:27] Ep 113632944 | Sub 56572614 | State: EpisodeState.COMPLETED | Created: 2026-09-26 08:44:57 | Elo: 2228.6
[2026-09-26 08:50:39] Ep 113633442 | Sub 56572614 | State: EpisodeState.COMPLETED | Created: 2026-09-26 08:44:58 | Elo: 2250.5
[2026-09-26 08:50:44] Ep 113633723 | Sub 56559337 | State: EpisodeState.COMPLETED | Created: 2026-09-26 08:44:59 | Elo: 2470.3
[2026-09-26 08:52:51] Ep 113634115 | Sub 56572614 | State: EpisodeState.COMPLETED | Created: 2026-09-26 08:48:51 | Elo: 2264.8
[2026-09-26 08:52:56] Ep 113634597 | Sub 56559337 | State: EpisodeState.COMPLETED | Created: 2026-09-26 08:48:52 | Elo: 2473.7
[2026-09-26 08:57:16] Ep 113635259 | Sub 56572614 | State: EpisodeState.COMPLETED | Created: 2026-09-26 08:52:46 | Elo: 2277.7
[2026-09-26 08:57:20] Ep 113635335 | Sub 56559337 | State: EpisodeState.COMPLETED | Created: 2026-09-26 08:52:46 | Elo: 2473.7
[2026-09-26 08:59:27] Ep 113636477 | Sub 56572614 | State: EpisodeState.COMPLETED | Created: 2026-09-26 08:56:56 | Elo: 2299.8
[2026-09-26 09:03:56] Ep 113636396 | Sub 56559337 | State: EpisodeState.COMPLETED | Created: 2026-09-26 08:56:56 | Elo: 2465.4
[2026-09-26 09:08:14] Ep 113638843 | Sub 56572614 | State: EpisodeState.COMPLETED | Created: 2026-09-26 09:04:55 | Elo: 2259.5
[2026-09-26 09:08:14] Ep 113637665 | Sub 56572614 | State: EpisodeState.COMPLETED | Created: 2026-09-26 09:01:04 | Elo: 2259.5
[2026-09-26 09:10:31] Ep 113639576 | Sub 56559337 | State: EpisodeState.COMPLETED | Created: 2026-09-26 09:04:56 | Elo: 2469.9
[2026-09-26 09:12:37] Ep 113640126 | Sub 56572614 | State: EpisodeState.COMPLETED | Created: 2026-09-26 09:08:53 | Elo: 2276.6
[2026-09-26 09:12:42] Ep 113639385 | Sub 56559337 | State: EpisodeState.COMPLETED | Created: 2026-09-26 09:04:56 | Elo: 2464.9
[2026-09-26 09:19:13] Ep 113641222 | Sub 56572614 | State: EpisodeState.COMPLETED | Created: 2026-09-26 09:12:58 | Elo: 2293.2
[2026-09-26 09:21:24] Ep 113642418 | Sub 56572614 | State: EpisodeState.COMPLETED | Created: 2026-09-26 09:16:56 | Elo: 2276.4
[2026-09-26 09:25:46] Ep 113643511 | Sub 56572614 | State: EpisodeState.COMPLETED | Created: 2026-09-26 09:20:52 | Elo: 2294.2
[2026-09-26 09:30:11] Ep 113644764 | Sub 56572614 | State: EpisodeState.COMPLETED | Created: 2026-09-26 09:24:59 | Elo: 2307.0
[2026-09-26 09:32:27] Ep 113646260 | Sub 56559337 | State: EpisodeState.COMPLETED | Created: 2026-09-26 09:28:56 | Elo: 2461.3
[2026-09-26 09:34:35] Ep 113645962 | Sub 56572614 | State: EpisodeState.COMPLETED | Created: 2026-09-26 09:28:55 | Elo: 2291.7
[2026-09-26 09:36:52] Ep 113647521 | Sub 56559337 | State: EpisodeState.COMPLETED | Created: 2026-09-26 09:32:48 | Elo: 2456.5
[2026-09-26 09:38:59] Ep 113647140 | Sub 56572614 | State: EpisodeState.COMPLETED | Created: 2026-09-26 09:32:47 | Elo: 2306.9
[2026-09-26 09:41:10] Ep 113648316 | Sub 56572614 | State: EpisodeState.COMPLETED | Created: 2026-09-26 09:36:47 | Elo: 2319.3
[2026-09-26 09:43:22] Ep 113649722 | Sub 56572614 | State: EpisodeState.COMPLETED | Created: 2026-09-26 09:40:46 | Elo: 2331.7
[2026-09-26 09:43:27] Ep 113648982 | Sub 56559337 | State: EpisodeState.COMPLETED | Created: 2026-09-26 09:36:49 | Elo: 2451.5
[2026-09-26 09:47:44] Ep 113650689 | Sub 56572614 | State: EpisodeState.COMPLETED | Created: 2026-09-26 09:44:49 | Elo: 2324.7
[2026-09-26 09:54:20] Ep 113651714 | Sub 56572614 | State: EpisodeState.COMPLETED | Created: 2026-09-26 09:48:45 | Elo: 2333.9
[2026-09-26 09:56:31] Ep 113653338 | Sub 56572614 | State: EpisodeState.COMPLETED | Created: 2026-09-26 09:52:48 | Elo: 2342.2
[2026-09-26 09:58:43] Ep 113652772 | Sub 56572614 | State: EpisodeState.COMPLETED | Created: 2026-09-26 09:52:47 | Elo: 2330.9
[2026-09-26 10:03:06] Ep 113654204 | Sub 56572614 | State: EpisodeState.COMPLETED | Created: 2026-09-26 09:56:49 | Elo: 2340.7
[2026-09-26 10:07:29] Ep 113655416 | Sub 56572614 | State: EpisodeState.COMPLETED | Created: 2026-09-26 10:00:48 | Elo: 2332.5
[2026-09-26 10:09:40] Ep 113656605 | Sub 56572614 | State: EpisodeState.COMPLETED | Created: 2026-09-26 10:04:49 | Elo: 2340.7
[2026-09-26 10:09:45] Ep 113657090 | Sub 56559337 | State: EpisodeState.COMPLETED | Created: 2026-09-26 10:04:50 | Elo: 2446.6
[2026-09-26 10:16:16] Ep 113657765 | Sub 56572614 | State: EpisodeState.COMPLETED | Created: 2026-09-26 10:08:49 | Elo: 2332.0
[2026-09-26 10:18:26] Ep 113658965 | Sub 56572614 | State: EpisodeState.COMPLETED | Created: 2026-09-26 10:12:46 | Elo: 2341.2
[2026-09-26 10:22:48] Ep 113660140 | Sub 56572614 | State: EpisodeState.COMPLETED | Created: 2026-09-26 10:16:47 | Elo: 2349.0
[2026-09-26 10:24:59] Ep 113661320 | Sub 56572614 | State: EpisodeState.COMPLETED | Created: 2026-09-26 10:20:46 | Elo: 2354.7
[2026-09-26 10:29:23] Ep 113662496 | Sub 56572614 | State: EpisodeState.COMPLETED | Created: 2026-09-26 10:24:50 | Elo: 2347.4
[2026-09-26 10:31:35] Ep 113663614 | Sub 56572614 | State: EpisodeState.COMPLETED | Created: 2026-09-26 10:28:45 | Elo: 2339.8
[2026-09-26 10:31:40] Ep 113664283 | Sub 56559337 | State: EpisodeState.COMPLETED | Created: 2026-09-26 10:28:46 | Elo: 2443.2
[2026-09-26 10:40:21] Ep 113666533 | Sub 56572614 | State: EpisodeState.COMPLETED | Created: 2026-09-26 10:36:46 | Elo: 2349.0
[2026-09-26 10:40:21] Ep 113666010 | Sub 56572614 | State: EpisodeState.COMPLETED | Created: 2026-09-26 10:36:45 | Elo: 2349.0
[2026-09-26 10:40:21] Ep 113664844 | Sub 56572614 | State: EpisodeState.COMPLETED | Created: 2026-09-26 10:32:46 | Elo: 2349.0
[2026-09-26 10:42:39] Ep 113665775 | Sub 56559337 | State: EpisodeState.COMPLETED | Created: 2026-09-26 10:36:45 | Elo: 2439.6
[2026-09-26 10:44:47] Ep 113667742 | Sub 56572614 | State: EpisodeState.COMPLETED | Created: 2026-09-26 10:40:46 | Elo: 2365.2
[2026-09-26 10:44:47] Ep 113667208 | Sub 56572614 | State: EpisodeState.COMPLETED | Created: 2026-09-26 10:40:46 | Elo: 2365.2
[2026-09-26 10:46:58] Ep 113668359 | Sub 56572614 | State: EpisodeState.COMPLETED | Created: 2026-09-26 10:44:47 | Elo: 2358.2
[2026-09-26 10:51:21] Ep 113669600 | Sub 56572614 | State: EpisodeState.COMPLETED | Created: 2026-09-26 10:48:46 | Elo: 2365.4
[2026-09-26 10:57:56] Ep 113670777 | Sub 56572614 | State: EpisodeState.COMPLETED | Created: 2026-09-26 10:52:46 | Elo: 2371.0
[2026-09-26 11:02:19] Ep 113671953 | Sub 56572614 | State: EpisodeState.COMPLETED | Created: 2026-09-26 10:56:46 | Elo: 2375.2
[2026-09-26 11:04:31] Ep 113673136 | Sub 56572614 | State: EpisodeState.COMPLETED | Created: 2026-09-26 11:00:54 | Elo: 2381.7
[2026-09-26 11:04:36] Ep 113673401 | Sub 56559337 | State: EpisodeState.COMPLETED | Created: 2026-09-26 11:00:55 | Elo: 2434.2
[2026-09-26 11:08:56] Ep 113674308 | Sub 56572614 | State: EpisodeState.COMPLETED | Created: 2026-09-26 11:04:50 | Elo: 2387.7
[2026-09-26 11:13:21] Ep 113675500 | Sub 56572614 | State: EpisodeState.COMPLETED | Created: 2026-09-26 11:08:46 | Elo: 2382.5
[2026-09-26 11:19:54] Ep 113677840 | Sub 56572614 | State: EpisodeState.COMPLETED | Created: 2026-09-26 11:16:46 | Elo: 2373.8
[2026-09-26 11:19:54] Ep 113676675 | Sub 56572614 | State: EpisodeState.COMPLETED | Created: 2026-09-26 11:12:46 | Elo: 2373.8
[2026-09-26 11:24:17] Ep 113679006 | Sub 56572614 | State: EpisodeState.COMPLETED | Created: 2026-09-26 11:20:48 | Elo: 2377.8
[2026-09-26 11:28:41] Ep 113677412 | Sub 56572614 | State: EpisodeState.COMPLETED | Created: 2026-09-26 11:16:45 | Elo: 2377.1
[2026-09-26 11:28:41] Ep 113680200 | Sub 56572614 | State: EpisodeState.COMPLETED | Created: 2026-09-26 11:24:52 | Elo: 2377.1
[2026-09-26 11:30:58] Ep 113680460 | Sub 56559337 | State: EpisodeState.COMPLETED | Created: 2026-09-26 11:24:52 | Elo: 2428.6
[2026-09-26 11:33:05] Ep 113681400 | Sub 56572614 | State: EpisodeState.COMPLETED | Created: 2026-09-26 11:28:47 | Elo: 2378.3
[2026-09-26 11:33:05] Ep 113681331 | Sub 56572614 | State: EpisodeState.COMPLETED | Created: 2026-09-26 11:28:46 | Elo: 2378.3
[2026-09-26 11:39:40] Ep 113683549 | Sub 56572614 | State: EpisodeState.COMPLETED | Created: 2026-09-26 11:36:52 | Elo: 2377.4
[2026-09-26 11:39:40] Ep 113682592 | Sub 56572614 | State: EpisodeState.COMPLETED | Created: 2026-09-26 11:32:48 | Elo: 2377.4
[2026-09-26 11:46:15] Ep 113685193 | Sub 56572614 | State: EpisodeState.COMPLETED | Created: 2026-09-26 11:40:46 | Elo: 2373.1
[2026-09-26 11:50:38] Ep 113686145 | Sub 56572614 | State: EpisodeState.COMPLETED | Created: 2026-09-26 11:44:49 | Elo: 2376.6
[2026-09-26 11:52:49] Ep 113687320 | Sub 56572614 | State: EpisodeState.COMPLETED | Created: 2026-09-26 11:48:50 | Elo: 2369.3
[2026-09-26 11:52:54] Ep 113687581 | Sub 56559337 | State: EpisodeState.COMPLETED | Created: 2026-09-26 11:48:50 | Elo: 2424.1
[2026-09-26 11:57:11] Ep 113688537 | Sub 56572614 | State: EpisodeState.COMPLETED | Created: 2026-09-26 11:52:52 | Elo: 2365.6
[2026-09-26 11:59:23] Ep 113688111 | Sub 56572614 | State: EpisodeState.COMPLETED | Created: 2026-09-26 11:52:52 | Elo: 2361.0
[2026-09-26 12:14:48] Ep 113692958 | Sub 56572614 | State: EpisodeState.COMPLETED | Created: 2026-09-26 12:08:45 | Elo: 2366.6
[2026-09-26 12:17:05] Ep 113693209 | Sub 56559337 | State: EpisodeState.COMPLETED | Created: 2026-09-26 12:08:46 | Elo: 2419.2
[2026-09-26 12:21:22] Ep 113695471 | Sub 56572614 | State: EpisodeState.COMPLETED | Created: 2026-09-26 12:16:47 | Elo: 2360.9
[2026-09-26 12:23:39] Ep 113695382 | Sub 56559337 | State: EpisodeState.COMPLETED | Created: 2026-09-26 12:16:47 | Elo: 2414.6
[2026-09-26 12:30:12] Ep 113698071 | Sub 56559337 | State: EpisodeState.COMPLETED | Created: 2026-09-26 12:24:49 | Elo: 2409.6
[2026-09-26 12:32:24] Ep 113699221 | Sub 56559337 | State: EpisodeState.COMPLETED | Created: 2026-09-26 12:28:47 | Elo: 2409.6
[2026-09-26 12:32:24] Ep 113699430 | Sub 56559337 | State: EpisodeState.COMPLETED | Created: 2026-09-26 12:28:48 | Elo: 2409.6
[2026-09-26 12:45:37] Ep 113702324 | Sub 56559337 | State: EpisodeState.COMPLETED | Created: 2026-09-26 12:40:50 | Elo: 2405.0
[2026-09-26 12:47:45] Ep 113702954 | Sub 56572614 | State: EpisodeState.COMPLETED | Created: 2026-09-26 12:40:51 | Elo: 2356.0
[2026-09-26 13:07:38] Ep 113710006 | Sub 56559337 | State: EpisodeState.COMPLETED | Created: 2026-09-26 13:04:49 | Elo: 2410.4
[2026-09-26 13:14:07] Ep 113711061 | Sub 56572614 | State: EpisodeState.COMPLETED | Created: 2026-09-26 13:08:53 | Elo: 2360.6
[2026-09-26 13:20:40] Ep 113713369 | Sub 56572614 | State: EpisodeState.COMPLETED | Created: 2026-09-26 13:16:51 | Elo: 2359.5
[2026-09-26 13:20:40] Ep 113713508 | Sub 56572614 | State: EpisodeState.COMPLETED | Created: 2026-09-26 13:16:51 | Elo: 2359.5
[2026-09-26 13:25:03] Ep 113714316 | Sub 56572614 | State: EpisodeState.COMPLETED | Created: 2026-09-26 13:20:48 | Elo: 2354.3
[2026-09-26 13:31:41] Ep 113716630 | Sub 56559337 | State: EpisodeState.COMPLETED | Created: 2026-09-26 13:28:46 | Elo: 2406.3
[2026-09-26 13:49:09] Ep 113721786 | Sub 56572614 | State: EpisodeState.COMPLETED | Created: 2026-09-26 13:44:56 | Elo: 2350.0
[2026-09-26 13:58:01] Ep 113724112 | Sub 56559337 | State: EpisodeState.COMPLETED | Created: 2026-09-26 13:52:48 | Elo: 2401.1
[2026-09-26 14:15:30] Ep 113730017 | Sub 56572614 | State: EpisodeState.COMPLETED | Created: 2026-09-26 14:12:48 | Elo: 2349.7
[2026-09-26 14:15:30] Ep 113728802 | Sub 56572614 | State: EpisodeState.COMPLETED | Created: 2026-09-26 14:08:46 | Elo: 2349.7
[2026-09-26 14:24:22] Ep 113732207 | Sub 56559337 | State: EpisodeState.COMPLETED | Created: 2026-09-26 14:20:46 | Elo: 2407.4
[2026-09-26 14:48:27] Ep 113738060 | Sub 56572614 | State: EpisodeState.COMPLETED | Created: 2026-09-26 14:40:52 | Elo: 2354.3
[2026-09-26 14:52:55] Ep 113740206 | Sub 56559337 | State: EpisodeState.COMPLETED | Created: 2026-09-26 14:48:48 | Elo: 2402.4
[2026-09-26 14:55:07] Ep 113740477 | Sub 56559337 | State: EpisodeState.COMPLETED | Created: 2026-09-26 14:48:49 | Elo: 2408.1
[2026-09-26 15:08:19] Ep 113745225 | Sub 56559337 | State: EpisodeState.COMPLETED | Created: 2026-09-26 15:04:49 | Elo: 2403.2
[2026-09-26 15:12:38] Ep 113746396 | Sub 56572614 | State: EpisodeState.COMPLETED | Created: 2026-09-26 15:08:47 | Elo: 2350.7
[2026-09-26 15:17:09] Ep 113747343 | Sub 56559337 | State: EpisodeState.COMPLETED | Created: 2026-09-26 15:12:46 | Elo: 2398.9
[2026-09-26 15:36:48] Ep 113753221 | Sub 56572614 | State: EpisodeState.COMPLETED | Created: 2026-09-26 15:32:55 | Elo: 2346.2
[2026-09-26 15:41:10] Ep 113754711 | Sub 56572614 | State: EpisodeState.COMPLETED | Created: 2026-09-26 15:36:50 | Elo: 2350.6
[2026-09-26 15:43:23] Ep 113754372 | Sub 56572614 | State: EpisodeState.COMPLETED | Created: 2026-09-26 15:36:50 | Elo: 2345.3
[2026-09-26 15:43:28] Ep 113755790 | Sub 56559337 | State: EpisodeState.COMPLETED | Created: 2026-09-26 15:40:50 | Elo: 2394.2
[2026-09-26 15:50:03] Ep 113756559 | Sub 56559337 | State: EpisodeState.COMPLETED | Created: 2026-09-26 15:44:56 | Elo: 2390.5
[2026-09-26 16:14:10] Ep 113763964 | Sub 56572614 | State: EpisodeState.COMPLETED | Created: 2026-09-26 16:08:46 | Elo: 2352.1
[2026-09-26 16:14:10] Ep 113763823 | Sub 56572614 | State: EpisodeState.COMPLETED | Created: 2026-09-26 16:08:46 | Elo: 2352.1
[2026-09-26 16:16:28] Ep 113765271 | Sub 56559337 | State: EpisodeState.COMPLETED | Created: 2026-09-26 16:12:47 | Elo: 2395.3
[2026-09-26 16:20:47] Ep 113766300 | Sub 56572614 | State: EpisodeState.COMPLETED | Created: 2026-09-26 16:16:51 | Elo: 2356.1
[2026-09-26 16:22:59] Ep 113766329 | Sub 56572614 | State: EpisodeState.COMPLETED | Created: 2026-09-26 16:16:51 | Elo: 2359.6
[2026-09-26 16:27:23] Ep 113768672 | Sub 56572614 | State: EpisodeState.COMPLETED | Created: 2026-09-26 16:24:48 | Elo: 2365.2
[2026-09-26 16:51:39] Ep 113774506 | Sub 56559337 | State: EpisodeState.COMPLETED | Created: 2026-09-26 16:44:59 | Elo: 2402.2
[2026-09-26 16:51:39] Ep 113775690 | Sub 56559337 | State: EpisodeState.COMPLETED | Created: 2026-09-26 16:48:49 | Elo: 2402.2
[2026-09-26 16:58:09] Ep 113777059 | Sub 56572614 | State: EpisodeState.COMPLETED | Created: 2026-09-26 16:52:51 | Elo: 2359.7
[2026-09-26 17:00:21] Ep 113778241 | Sub 56572614 | State: EpisodeState.COMPLETED | Created: 2026-09-26 16:56:47 | Elo: 2364.9
[2026-09-26 17:20:13] Ep 113784083 | Sub 56559337 | State: EpisodeState.COMPLETED | Created: 2026-09-26 17:16:47 | Elo: 2405.9
[2026-09-26 17:22:24] Ep 113783783 | Sub 56559337 | State: EpisodeState.COMPLETED | Created: 2026-09-26 17:16:47 | Elo: 2409.1
[2026-09-26 17:35:32] Ep 113787429 | Sub 56572614 | State: EpisodeState.COMPLETED | Created: 2026-09-26 17:28:47 | Elo: 2360.6
[2026-09-26 17:42:12] Ep 113789023 | Sub 56559337 | State: EpisodeState.COMPLETED | Created: 2026-09-26 17:36:47 | Elo: 2405.9
[2026-09-26 17:44:24] Ep 113790394 | Sub 56559337 | State: EpisodeState.COMPLETED | Created: 2026-09-26 17:40:46 | Elo: 2399.9
[2026-09-26 17:46:30] Ep 113790586 | Sub 56572614 | State: EpisodeState.COMPLETED | Created: 2026-09-26 17:40:46 | Elo: 2356.3
[2026-09-26 17:59:48] Ep 113795260 | Sub 56559337 | State: EpisodeState.COMPLETED | Created: 2026-09-26 17:56:47 | Elo: 2395.2
[2026-09-26 18:02:00] Ep 113795055 | Sub 56559337 | State: EpisodeState.COMPLETED | Created: 2026-09-26 17:56:47 | Elo: 2390.6
[2026-09-26 18:15:05] Ep 113798100 | Sub 56572614 | State: EpisodeState.COMPLETED | Created: 2026-09-26 18:04:57 | Elo: 2348.6
[2026-09-26 18:15:05] Ep 113798543 | Sub 56572614 | State: EpisodeState.COMPLETED | Created: 2026-09-26 18:08:48 | Elo: 2348.6
[2026-09-26 18:19:27] Ep 113800246 | Sub 56572614 | State: EpisodeState.COMPLETED | Created: 2026-09-26 18:12:47 | Elo: 2338.9
[2026-09-26 18:19:27] Ep 113797951 | Sub 56572614 | State: EpisodeState.COMPLETED | Created: 2026-09-26 18:04:57 | Elo: 2338.9
[2026-09-26 18:23:57] Ep 113801591 | Sub 56559337 | State: EpisodeState.COMPLETED | Created: 2026-09-26 18:16:47 | Elo: 2385.8
[2026-09-26 18:26:05] Ep 113800715 | Sub 56572614 | State: EpisodeState.COMPLETED | Created: 2026-09-26 18:16:46 | Elo: 2336.6
[2026-09-26 18:43:39] Ep 113808734 | Sub 56572614 | State: EpisodeState.COMPLETED | Created: 2026-09-26 18:40:46 | Elo: 2341.9
[2026-09-26 18:48:03] Ep 113808309 | Sub 56572614 | State: EpisodeState.COMPLETED | Created: 2026-09-26 18:40:46 | Elo: 2346.3
[2026-09-26 18:48:08] Ep 113809898 | Sub 56559337 | State: EpisodeState.COMPLETED | Created: 2026-09-26 18:44:48 | Elo: 2390.0
[2026-09-26 18:50:22] Ep 113809866 | Sub 56559337 | State: EpisodeState.COMPLETED | Created: 2026-09-26 18:44:48 | Elo: 2394.3
[2026-09-26 18:52:34] Ep 113811341 | Sub 56559337 | State: EpisodeState.COMPLETED | Created: 2026-09-26 18:48:47 | Elo: 2391.3
[2026-09-26 18:59:12] Ep 113813286 | Sub 56559337 | State: EpisodeState.COMPLETED | Created: 2026-09-26 18:56:48 | Elo: 2387.3
[2026-09-26 19:10:09] Ep 113816212 | Sub 56572614 | State: EpisodeState.COMPLETED | Created: 2026-09-26 19:04:56 | Elo: 2349.4
[2026-09-26 19:25:39] Ep 113821123 | Sub 56559337 | State: EpisodeState.COMPLETED | Created: 2026-09-26 19:20:49 | Elo: 2391.0
[2026-09-26 19:27:46] Ep 113822430 | Sub 56572614 | State: EpisodeState.COMPLETED | Created: 2026-09-26 19:24:52 | Elo: 2354.5
[2026-09-26 19:47:42] Ep 113828527 | Sub 56559337 | State: EpisodeState.COMPLETED | Created: 2026-09-26 19:44:49 | Elo: 2394.9
[2026-09-26 19:52:02] Ep 113829826 | Sub 56572614 | State: EpisodeState.COMPLETED | Created: 2026-09-26 19:48:50 | Elo: 2357.8
[2026-09-26 20:07:33] Ep 113834986 | Sub 56559337 | State: EpisodeState.COMPLETED | Created: 2026-09-26 20:04:50 | Elo: 2391.5
[2026-09-26 20:09:46] Ep 113834728 | Sub 56559337 | State: EpisodeState.COMPLETED | Created: 2026-09-26 20:04:49 | Elo: 2395.6
[2026-09-26 20:14:06] Ep 113835862 | Sub 56572614 | State: EpisodeState.COMPLETED | Created: 2026-09-26 20:08:47 | Elo: 2352.7
[2026-09-26 20:31:45] Ep 113840278 | Sub 56572614 | State: EpisodeState.COMPLETED | Created: 2026-09-26 20:24:50 | Elo: 2349.4
[2026-09-26 20:34:03] Ep 113842275 | Sub 56559337 | State: EpisodeState.COMPLETED | Created: 2026-09-26 20:28:46 | Elo: 2390.5
[2026-09-26 20:36:10] Ep 113843507 | Sub 56572614 | State: EpisodeState.COMPLETED | Created: 2026-09-26 20:32:46 | Elo: 2342.3
[2026-09-26 20:36:10] Ep 113841484 | Sub 56572614 | State: EpisodeState.COMPLETED | Created: 2026-09-26 20:28:45 | Elo: 2342.3
[2026-09-26 20:36:15] Ep 113843560 | Sub 56559337 | State: EpisodeState.COMPLETED | Created: 2026-09-26 20:32:46 | Elo: 2393.6
[2026-09-26 20:56:01] Ep 113849199 | Sub 56572614 | State: EpisodeState.COMPLETED | Created: 2026-09-26 20:52:53 | Elo: 2339.4
[2026-09-26 20:58:20] Ep 113849803 | Sub 56559337 | State: EpisodeState.COMPLETED | Created: 2026-09-26 20:52:54 | Elo: 2399.4
[2026-09-26 21:00:27] Ep 113849756 | Sub 56572614 | State: EpisodeState.COMPLETED | Created: 2026-09-26 20:52:54 | Elo: 2335.5
[2026-09-26 21:15:59] Ep 113856053 | Sub 56559337 | State: EpisodeState.COMPLETED | Created: 2026-09-26 21:12:53 | Elo: 2394.7
[2026-09-26 21:18:06] Ep 113856010 | Sub 56572614 | State: EpisodeState.COMPLETED | Created: 2026-09-26 21:12:53 | Elo: 2332.0
[2026-09-26 21:26:57] Ep 113859419 | Sub 56572614 | State: EpisodeState.COMPLETED | Created: 2026-09-26 21:24:47 | Elo: 2328.2
[2026-09-26 21:33:35] Ep 113860632 | Sub 56572614 | State: EpisodeState.COMPLETED | Created: 2026-09-26 21:28:49 | Elo: 2324.6
[2026-09-26 21:35:52] Ep 113862146 | Sub 56559337 | State: EpisodeState.COMPLETED | Created: 2026-09-26 21:32:47 | Elo: 2389.9
[2026-09-26 21:55:40] Ep 113866842 | Sub 56572614 | State: EpisodeState.COMPLETED | Created: 2026-09-26 21:49:16 | Elo: 2327.7
[2026-09-26 21:55:44] Ep 113868252 | Sub 56559337 | State: EpisodeState.COMPLETED | Created: 2026-09-26 21:53:16 | Elo: 2394.0
[2026-09-26 22:00:04] Ep 113869326 | Sub 56572614 | State: EpisodeState.COMPLETED | Created: 2026-09-26 21:57:15 | Elo: 2323.0
[2026-09-26 22:00:04] Ep 113868290 | Sub 56572614 | State: EpisodeState.COMPLETED | Created: 2026-09-26 21:53:16 | Elo: 2323.0
[2026-09-26 22:17:52] Ep 113874384 | Sub 56559337 | State: EpisodeState.COMPLETED | Created: 2026-09-26 22:13:16 | Elo: 2398.5
[2026-09-26 22:22:11] Ep 113875508 | Sub 56572614 | State: EpisodeState.COMPLETED | Created: 2026-09-26 22:17:15 | Elo: 2323.4
[2026-09-26 22:22:16] Ep 113875696 | Sub 56559337 | State: EpisodeState.COMPLETED | Created: 2026-09-26 22:17:16 | Elo: 2393.3
[2026-09-26 22:31:06] Ep 113877431 | Sub 56559337 | State: EpisodeState.COMPLETED | Created: 2026-09-26 22:25:19 | Elo: 2391.6
[2026-09-26 22:39:49] Ep 113880582 | Sub 56572614 | State: EpisodeState.COMPLETED | Created: 2026-09-26 22:33:18 | Elo: 2327.1
[2026-09-26 22:44:14] Ep 113882670 | Sub 56572614 | State: EpisodeState.COMPLETED | Created: 2026-09-26 22:41:15 | Elo: 2331.0
[2026-09-26 22:46:30] Ep 113883247 | Sub 56559337 | State: EpisodeState.COMPLETED | Created: 2026-09-26 22:41:16 | Elo: 2396.8
[2026-09-26 23:01:57] Ep 113888013 | Sub 56559337 | State: EpisodeState.COMPLETED | Created: 2026-09-26 22:57:17 | Elo: 2391.2
[2026-09-26 23:04:04] Ep 113888246 | Sub 56572614 | State: EpisodeState.COMPLETED | Created: 2026-09-26 22:57:18 | Elo: 2324.9
[2026-09-26 23:21:48] Ep 113894060 | Sub 56559337 | State: EpisodeState.COMPLETED | Created: 2026-09-26 23:17:17 | Elo: 2386.3
[2026-09-26 23:23:55] Ep 113894178 | Sub 56572614 | State: EpisodeState.COMPLETED | Created: 2026-09-26 23:17:17 | Elo: 2327.6
[2026-09-26 23:24:00] Ep 113893652 | Sub 56559337 | State: EpisodeState.COMPLETED | Created: 2026-09-26 23:17:16 | Elo: 2390.1
[2026-09-26 23:37:11] Ep 113899520 | Sub 56572614 | State: EpisodeState.COMPLETED | Created: 2026-09-26 23:33:17 | Elo: 2332.0
[2026-09-26 23:37:16] Ep 113899428 | Sub 56559337 | State: EpisodeState.COMPLETED | Created: 2026-09-26 23:33:17 | Elo: 2386.4
[2026-09-26 23:46:02] Ep 113901743 | Sub 56572614 | State: EpisodeState.COMPLETED | Created: 2026-09-26 23:41:17 | Elo: 2335.9
[2026-09-26 23:48:19] Ep 113902113 | Sub 56559337 | State: EpisodeState.COMPLETED | Created: 2026-09-26 23:41:17 | Elo: 2382.4
[2026-09-26 23:50:32] Ep 113902515 | Sub 56559337 | State: EpisodeState.COMPLETED | Created: 2026-09-26 23:45:19 | Elo: 2378.5
[2026-09-26 23:54:57] Ep 113904178 | Sub 56559337 | State: EpisodeState.COMPLETED | Created: 2026-09-26 23:49:17 | Elo: 2374.8
[2026-09-26 23:57:10] Ep 113905271 | Sub 56559337 | State: EpisodeState.COMPLETED | Created: 2026-09-26 23:53:20 | Elo: 2378.6
[2026-09-27 00:03:43] Ep 113907169 | Sub 56572614 | State: EpisodeState.COMPLETED | Created: 2026-09-26 23:57:17 | Elo: 2339.9
[2026-09-27 00:12:38] Ep 113911146 | Sub 56559337 | State: EpisodeState.COMPLETED | Created: 2026-09-27 00:09:16 | Elo: 2372.8
[2026-09-27 00:16:58] Ep 113912267 | Sub 56572614 | State: EpisodeState.COMPLETED | Created: 2026-09-27 00:13:16 | Elo: 2335.6
[2026-09-27 00:21:21] Ep 113913635 | Sub 56572614 | State: EpisodeState.COMPLETED | Created: 2026-09-27 00:17:17 | Elo: 2331.0
[2026-09-27 00:21:26] Ep 113913217 | Sub 56559337 | State: EpisodeState.COMPLETED | Created: 2026-09-27 00:17:16 | Elo: 2378.2
[2026-09-27 00:32:30] Ep 113915784 | Sub 56559337 | State: EpisodeState.COMPLETED | Created: 2026-09-27 00:25:21 | Elo: 2382.2
[2026-09-27 00:41:14] Ep 113920203 | Sub 56572614 | State: EpisodeState.COMPLETED | Created: 2026-09-27 00:37:16 | Elo: 2334.5
[2026-09-27 00:45:39] Ep 113920887 | Sub 56572614 | State: EpisodeState.COMPLETED | Created: 2026-09-27 00:41:15 | Elo: 2338.8
[2026-09-27 00:47:57] Ep 113921861 | Sub 56559337 | State: EpisodeState.COMPLETED | Created: 2026-09-27 00:41:16 | Elo: 2387.3
[2026-09-27 00:52:16] Ep 113922482 | Sub 56572614 | State: EpisodeState.COMPLETED | Created: 2026-09-27 00:45:22 | Elo: 2334.2
[2026-09-27 00:54:33] Ep 113920901 | Sub 56559337 | State: EpisodeState.COMPLETED | Created: 2026-09-27 00:41:15 | Elo: 2384.0
[2026-09-27 00:56:46] Ep 113925511 | Sub 56559337 | State: EpisodeState.COMPLETED | Created: 2026-09-27 00:53:16 | Elo: 2379.9
[2026-09-27 01:01:11] Ep 113927032 | Sub 56559337 | State: EpisodeState.COMPLETED | Created: 2026-09-27 00:57:16 | Elo: 2384.2
[2026-09-27 01:09:53] Ep 113929379 | Sub 56572614 | State: EpisodeState.COMPLETED | Created: 2026-09-27 01:05:18 | Elo: 2330.1
[2026-09-27 01:18:43] Ep 113932249 | Sub 56572614 | State: EpisodeState.COMPLETED | Created: 2026-09-27 01:13:16 | Elo: 2333.7
[2026-09-27 01:21:01] Ep 113933613 | Sub 56559337 | State: EpisodeState.COMPLETED | Created: 2026-09-27 01:17:17 | Elo: 2380.0
[2026-09-27 01:38:34] Ep 113938771 | Sub 56572614 | State: EpisodeState.COMPLETED | Created: 2026-09-27 01:33:16 | Elo: 2330.0
[2026-09-27 01:40:46] Ep 113940047 | Sub 56572614 | State: EpisodeState.COMPLETED | Created: 2026-09-27 01:37:16 | Elo: 2335.4
[2026-09-27 01:40:50] Ep 113940097 | Sub 56559337 | State: EpisodeState.COMPLETED | Created: 2026-09-27 01:37:16 | Elo: 2384.7
[2026-09-27 01:49:36] Ep 113942246 | Sub 56572614 | State: EpisodeState.COMPLETED | Created: 2026-09-27 01:45:16 | Elo: 2331.5
[2026-09-27 01:51:53] Ep 113942560 | Sub 56559337 | State: EpisodeState.COMPLETED | Created: 2026-09-27 01:45:16 | Elo: 2380.2
[2026-09-27 02:02:49] Ep 113946052 | Sub 56572614 | State: EpisodeState.COMPLETED | Created: 2026-09-27 01:57:15 | Elo: 2328.4
[2026-09-27 02:09:31] Ep 113949162 | Sub 56559337 | State: EpisodeState.COMPLETED | Created: 2026-09-27 02:05:17 | Elo: 2375.3
[2026-09-27 02:16:03] Ep 113949900 | Sub 56572614 | State: EpisodeState.COMPLETED | Created: 2026-09-27 02:09:15 | Elo: 2325.4
[2026-09-27 02:24:56] Ep 113954462 | Sub 56559337 | State: EpisodeState.COMPLETED | Created: 2026-09-27 02:21:20 | Elo: 2380.3
[2026-09-27 02:31:26] Ep 113956943 | Sub 56572614 | State: EpisodeState.COMPLETED | Created: 2026-09-27 02:29:16 | Elo: 2329.5
[2026-09-27 02:40:20] Ep 113958326 | Sub 56559337 | State: EpisodeState.COMPLETED | Created: 2026-09-27 02:33:20 | Elo: 2376.7
[2026-09-27 02:55:38] Ep 113963660 | Sub 56572614 | State: EpisodeState.COMPLETED | Created: 2026-09-27 02:49:19 | Elo: 2329.3
[2026-09-27 02:55:38] Ep 113963435 | Sub 56572614 | State: EpisodeState.COMPLETED | Created: 2026-09-27 02:49:18 | Elo: 2329.3
[2026-09-27 02:55:43] Ep 113965040 | Sub 56559337 | State: EpisodeState.COMPLETED | Created: 2026-09-27 02:53:18 | Elo: 2371.5
[2026-09-27 03:04:27] Ep 113966273 | Sub 56572614 | State: EpisodeState.COMPLETED | Created: 2026-09-27 02:57:16 | Elo: 2333.8
[2026-09-27 03:08:51] Ep 113968846 | Sub 56572614 | State: EpisodeState.COMPLETED | Created: 2026-09-27 03:05:29 | Elo: 2330.1
[2026-09-27 03:13:17] Ep 113970343 | Sub 56572614 | State: EpisodeState.COMPLETED | Created: 2026-09-27 03:09:39 | Elo: 2325.7
[2026-09-27 03:15:29] Ep 113969707 | Sub 56572614 | State: EpisodeState.COMPLETED | Created: 2026-09-27 03:09:38 | Elo: 2322.2
[2026-09-27 03:17:42] Ep 113971650 | Sub 56572614 | State: EpisodeState.COMPLETED | Created: 2026-09-27 03:13:17 | Elo: 2326.6
[2026-09-27 03:17:47] Ep 113971794 | Sub 56559337 | State: EpisodeState.COMPLETED | Created: 2026-09-27 03:13:17 | Elo: 2366.9
[2026-09-27 03:39:52] Ep 113979452 | Sub 56559337 | State: EpisodeState.COMPLETED | Created: 2026-09-27 03:37:16 | Elo: 2366.9
[2026-09-27 03:41:58] Ep 113979344 | Sub 56572614 | State: EpisodeState.COMPLETED | Created: 2026-09-27 03:37:16 | Elo: 2321.5
[2026-09-27 03:44:16] Ep 113979457 | Sub 56559337 | State: EpisodeState.COMPLETED | Created: 2026-09-27 03:37:16 | Elo: 2372.3
[2026-09-27 03:44:16] Ep 113979311 | Sub 56559337 | State: EpisodeState.COMPLETED | Created: 2026-09-27 03:37:16 | Elo: 2372.3
[2026-09-27 03:52:58] Ep 113983011 | Sub 56572614 | State: EpisodeState.COMPLETED | Created: 2026-09-27 03:49:15 | Elo: 2321.5
[2026-09-27 03:55:16] Ep 113983311 | Sub 56559337 | State: EpisodeState.COMPLETED | Created: 2026-09-27 03:49:16 | Elo: 2372.2
[2026-09-27 03:55:16] Ep 113983417 | Sub 56559337 | State: EpisodeState.COMPLETED | Created: 2026-09-27 03:49:16 | Elo: 2372.2
[2026-09-27 04:08:29] Ep 113988839 | Sub 56559337 | State: EpisodeState.COMPLETED | Created: 2026-09-27 04:05:18 | Elo: 2368.2
[2026-09-27 04:12:47] Ep 113990167 | Sub 56572614 | State: EpisodeState.COMPLETED | Created: 2026-09-27 04:09:16 | Elo: 2313.4
[2026-09-27 04:19:29] Ep 113992590 | Sub 56559337 | State: EpisodeState.COMPLETED | Created: 2026-09-27 04:17:19 | Elo: 2371.8
[2026-09-27 04:23:48] Ep 113991847 | Sub 56572614 | State: EpisodeState.COMPLETED | Created: 2026-09-27 04:17:18 | Elo: 2309.9
[2026-09-27 04:30:23] Ep 113995226 | Sub 56572614 | State: EpisodeState.COMPLETED | Created: 2026-09-27 04:25:28 | Elo: 2314.1
[2026-09-27 04:32:35] Ep 113996251 | Sub 56572614 | State: EpisodeState.COMPLETED | Created: 2026-09-27 04:29:17 | Elo: 2310.4
[2026-09-27 04:37:05] Ep 113997529 | Sub 56559337 | State: EpisodeState.COMPLETED | Created: 2026-09-27 04:33:15 | Elo: 2366.2
[2026-09-27 04:43:42] Ep 113999199 | Sub 56559337 | State: EpisodeState.COMPLETED | Created: 2026-09-27 04:37:16 | Elo: 2370.2
[2026-09-27 04:45:54] Ep 113999872 | Sub 56559337 | State: EpisodeState.COMPLETED | Created: 2026-09-27 04:41:15 | Elo: 2364.9
[2026-09-27 04:48:01] Ep 114000708 | Sub 56572614 | State: EpisodeState.COMPLETED | Created: 2026-09-27 04:41:16 | Elo: 2306.4
[2026-09-27 04:52:23] Ep 114001489 | Sub 56572614 | State: EpisodeState.COMPLETED | Created: 2026-09-27 04:45:22 | Elo: 2302.4
[2026-09-27 05:05:43] Ep 114006784 | Sub 56559337 | State: EpisodeState.COMPLETED | Created: 2026-09-27 05:01:17 | Elo: 2360.0
[2026-09-27 05:10:02] Ep 114008574 | Sub 56572614 | State: EpisodeState.COMPLETED | Created: 2026-09-27 05:05:22 | Elo: 2306.1
[2026-09-27 05:12:19] Ep 114008391 | Sub 56559337 | State: EpisodeState.COMPLETED | Created: 2026-09-27 05:05:22 | Elo: 2355.0
[2026-09-27 05:34:12] Ep 114016209 | Sub 56572614 | State: EpisodeState.COMPLETED | Created: 2026-09-27 05:29:17 | Elo: 2310.4
[2026-09-27 05:34:17] Ep 114016142 | Sub 56559337 | State: EpisodeState.COMPLETED | Created: 2026-09-27 05:29:17 | Elo: 2351.2
[2026-09-27 05:38:37] Ep 114017529 | Sub 56572614 | State: EpisodeState.COMPLETED | Created: 2026-09-27 05:33:18 | Elo: 2305.3
[2026-09-27 05:45:13] Ep 114020584 | Sub 56572614 | State: EpisodeState.COMPLETED | Created: 2026-09-27 05:41:17 | Elo: 2301.9
[2026-09-27 05:58:32] Ep 114024462 | Sub 56559337 | State: EpisodeState.COMPLETED | Created: 2026-09-27 05:53:16 | Elo: 2355.4
[2026-09-27 06:02:50] Ep 114025270 | Sub 56572614 | State: EpisodeState.COMPLETED | Created: 2026-09-27 05:57:21 | Elo: 2304.9
[2026-09-27 06:09:28] Ep 114027742 | Sub 56572614 | State: EpisodeState.COMPLETED | Created: 2026-09-27 06:05:29 | Elo: 2301.0
[2026-09-27 06:24:57] Ep 114033117 | Sub 56559337 | State: EpisodeState.COMPLETED | Created: 2026-09-27 06:17:18 | Elo: 2351.5
[2026-09-27 06:27:09] Ep 114032461 | Sub 56559337 | State: EpisodeState.COMPLETED | Created: 2026-09-27 06:17:17 | Elo: 2345.6
[2026-09-27 06:33:41] Ep 114037251 | Sub 56572614 | State: EpisodeState.COMPLETED | Created: 2026-09-27 06:29:18 | Elo: 2306.6
[2026-09-27 06:40:19] Ep 114038088 | Sub 56559337 | State: EpisodeState.COMPLETED | Created: 2026-09-27 06:33:17 | Elo: 2350.0
[2026-09-27 06:46:51] Ep 114041244 | Sub 56572614 | State: EpisodeState.COMPLETED | Created: 2026-09-27 06:41:19 | Elo: 2302.2
[2026-09-27 06:49:03] Ep 114043147 | Sub 56572614 | State: EpisodeState.COMPLETED | Created: 2026-09-27 06:45:22 | Elo: 2306.0
[2026-09-27 07:02:23] Ep 114047310 | Sub 56559337 | State: EpisodeState.COMPLETED | Created: 2026-09-27 06:57:19 | Elo: 2354.2
[2026-09-27 07:04:34] Ep 114048769 | Sub 56559337 | State: EpisodeState.COMPLETED | Created: 2026-09-27 07:01:18 | Elo: 2354.2
[2026-09-27 07:08:53] Ep 114050410 | Sub 56572614 | State: EpisodeState.COMPLETED | Created: 2026-09-27 07:05:29 | Elo: 2308.7
[2026-09-27 07:11:04] Ep 114049957 | Sub 56572614 | State: EpisodeState.COMPLETED | Created: 2026-09-27 07:05:28 | Elo: 2303.4
[2026-09-27 07:13:15] Ep 114049915 | Sub 56572614 | State: EpisodeState.COMPLETED | Created: 2026-09-27 07:05:28 | Elo: 2299.7
[2026-09-27 07:19:57] Ep 114053341 | Sub 56559337 | State: EpisodeState.COMPLETED | Created: 2026-09-27 07:13:18 | Elo: 2346.1
[2026-09-27 07:26:27] Ep 114056123 | Sub 56572614 | State: EpisodeState.COMPLETED | Created: 2026-09-27 07:21:18 | Elo: 2304.2
[2026-09-27 07:26:32] Ep 114056016 | Sub 56559337 | State: EpisodeState.COMPLETED | Created: 2026-09-27 07:21:17 | Elo: 2349.9
[2026-09-27 07:41:51] Ep 114061085 | Sub 56572614 | State: EpisodeState.COMPLETED | Created: 2026-09-27 07:37:15 | Elo: 2300.2
[2026-09-27 07:46:21] Ep 114063428 | Sub 56559337 | State: EpisodeState.COMPLETED | Created: 2026-09-27 07:41:17 | Elo: 2345.9
[2026-09-27 07:52:50] Ep 114065608 | Sub 56572614 | State: EpisodeState.COMPLETED | Created: 2026-09-27 07:49:15 | Elo: 2303.6
[2026-09-27 08:01:44] Ep 114069360 | Sub 56559337 | State: EpisodeState.COMPLETED | Created: 2026-09-27 07:57:24 | Elo: 2341.2
[2026-09-27 08:03:51] Ep 114070179 | Sub 56572614 | State: EpisodeState.COMPLETED | Created: 2026-09-27 08:01:23 | Elo: 2307.5
[2026-09-27 08:17:00] Ep 114074816 | Sub 56572614 | State: EpisodeState.COMPLETED | Created: 2026-09-27 08:13:16 | Elo: 2302.8
[2026-09-27 08:23:33] Ep 114076456 | Sub 56572614 | State: EpisodeState.COMPLETED | Created: 2026-09-27 08:17:17 | Elo: 2298.4
[2026-09-27 08:30:09] Ep 114079059 | Sub 56572614 | State: EpisodeState.COMPLETED | Created: 2026-09-27 08:25:36 | Elo: 2292.6
[2026-09-27 08:30:14] Ep 114079290 | Sub 56559337 | State: EpisodeState.COMPLETED | Created: 2026-09-27 08:25:37 | Elo: 2341.2
[2026-09-27 08:50:00] Ep 114086655 | Sub 56559337 | State: EpisodeState.COMPLETED | Created: 2026-09-27 08:45:21 | Elo: 2332.1
[2026-09-27 08:56:32] Ep 114089593 | Sub 56572614 | State: EpisodeState.COMPLETED | Created: 2026-09-27 08:53:19 | Elo: 2288.4
[2026-09-27 08:58:50] Ep 114088900 | Sub 56559337 | State: EpisodeState.COMPLETED | Created: 2026-09-27 08:53:18 | Elo: 2327.2
[2026-09-27 09:05:23] Ep 114092628 | Sub 56559337 | State: EpisodeState.COMPLETED | Created: 2026-09-27 09:01:21 | Elo: 2323.2
[2026-09-27 09:18:34] Ep 114096996 | Sub 56559337 | State: EpisodeState.COMPLETED | Created: 2026-09-27 09:13:40 | Elo: 2323.6
[2026-09-27 09:18:34] Ep 114096364 | Sub 56559337 | State: EpisodeState.COMPLETED | Created: 2026-09-27 09:13:39 | Elo: 2323.6
[2026-09-27 09:27:15] Ep 114099900 | Sub 56572614 | State: EpisodeState.COMPLETED | Created: 2026-09-27 09:21:17 | Elo: 2293.0
[2026-09-27 09:31:43] Ep 114102685 | Sub 56559337 | State: EpisodeState.COMPLETED | Created: 2026-09-27 09:29:20 | Elo: 2320.3
[2026-09-27 09:55:45] Ep 114111452 | Sub 56572614 | State: EpisodeState.COMPLETED | Created: 2026-09-27 09:53:17 | Elo: 2295.6
[2026-09-27 09:58:01] Ep 114110773 | Sub 56559337 | State: EpisodeState.COMPLETED | Created: 2026-09-27 09:53:15 | Elo: 2316.1
[2026-09-27 10:00:08] Ep 114112328 | Sub 56572614 | State: EpisodeState.COMPLETED | Created: 2026-09-27 09:57:16 | Elo: 2290.7
[2026-09-27 10:15:29] Ep 114117283 | Sub 56572614 | State: EpisodeState.COMPLETED | Created: 2026-09-27 10:09:17 | Elo: 2286.7
[2026-09-27 10:19:57] Ep 114118804 | Sub 56559337 | State: EpisodeState.COMPLETED | Created: 2026-09-27 10:13:17 | Elo: 2321.2
[2026-09-27 10:22:08] Ep 114119903 | Sub 56559337 | State: EpisodeState.COMPLETED | Created: 2026-09-27 10:17:16 | Elo: 2317.6
[2026-09-27 10:24:20] Ep 114121140 | Sub 56559337 | State: EpisodeState.COMPLETED | Created: 2026-09-27 10:21:17 | Elo: 2313.7
[2026-09-27 10:48:22] Ep 114129016 | Sub 56572614 | State: EpisodeState.COMPLETED | Created: 2026-09-27 10:41:24 | Elo: 2281.5
[2026-09-27 10:52:50] Ep 114131806 | Sub 56559337 | State: EpisodeState.COMPLETED | Created: 2026-09-27 10:49:17 | Elo: 2313.7
[2026-09-27 10:54:57] Ep 114131306 | Sub 56572614 | State: EpisodeState.COMPLETED | Created: 2026-09-27 10:49:16 | Elo: 2276.7
[2026-09-27 10:57:09] Ep 114132623 | Sub 56572614 | State: EpisodeState.COMPLETED | Created: 2026-09-27 10:53:16 | Elo: 2273.4
[2026-09-27 11:10:19] Ep 114137989 | Sub 56606789 | State: EpisodeState.COMPLETED | Created: 2026-09-27 11:07:05 | Elo: 600.0
[2026-09-27 11:16:53] Ep 114139871 | Sub 56606789 | State: EpisodeState.COMPLETED | Created: 2026-09-27 11:13:24 | Elo: 690.6
[2026-09-27 11:21:15] Ep 114141307 | Sub 56606789 | State: EpisodeState.COMPLETED | Created: 2026-09-27 11:17:21 | Elo: 807.8
[2026-09-27 11:23:27] Ep 114142741 | Sub 56606789 | State: EpisodeState.COMPLETED | Created: 2026-09-27 11:21:15 | Elo: 897.5
[2026-09-27 11:25:44] Ep 114143692 | Sub 56572614 | State: EpisodeState.COMPLETED | Created: 2026-09-27 11:21:17 | Elo: 2278.3
[2026-09-27 11:25:44] Ep 114143655 | Sub 56572614 | State: EpisodeState.COMPLETED | Created: 2026-09-27 11:21:17 | Elo: 2278.3
[2026-09-27 11:32:13] Ep 114145658 | Sub 56606789 | State: EpisodeState.COMPLETED | Created: 2026-09-27 11:29:16 | Elo: 1101.6
[2026-09-27 11:32:13] Ep 114144258 | Sub 56606789 | State: EpisodeState.COMPLETED | Created: 2026-09-27 11:25:16 | Elo: 1101.6
[2026-09-27 11:32:18] Ep 114146149 | Sub 56572614 | State: EpisodeState.COMPLETED | Created: 2026-09-27 11:29:17 | Elo: 2279.5
[2026-09-27 11:38:48] Ep 114147076 | Sub 56606789 | State: EpisodeState.COMPLETED | Created: 2026-09-27 11:33:15 | Elo: 1224.1
[2026-09-27 11:41:01] Ep 114148520 | Sub 56606789 | State: EpisodeState.COMPLETED | Created: 2026-09-27 11:37:15 | Elo: 1300.5
[2026-09-27 11:47:36] Ep 114149969 | Sub 56606789 | State: EpisodeState.COMPLETED | Created: 2026-09-27 11:41:15 | Elo: 1374.7
[2026-09-27 11:49:48] Ep 114151473 | Sub 56606789 | State: EpisodeState.COMPLETED | Created: 2026-09-27 11:45:17 | Elo: 1461.5
[2026-09-27 11:54:18] Ep 114153614 | Sub 56572614 | State: EpisodeState.COMPLETED | Created: 2026-09-27 11:49:21 | Elo: 2274.7
[2026-09-27 11:56:25] Ep 114153335 | Sub 56606789 | State: EpisodeState.COMPLETED | Created: 2026-09-27 11:49:19 | Elo: 1558.6
[2026-09-27 11:58:37] Ep 114154322 | Sub 56606789 | State: EpisodeState.COMPLETED | Created: 2026-09-27 11:53:17 | Elo: 1674.1
[2026-09-27 12:03:00] Ep 114155771 | Sub 56606789 | State: EpisodeState.COMPLETED | Created: 2026-09-27 11:57:18 | Elo: 1739.8
[2026-09-27 12:07:23] Ep 114157218 | Sub 56606789 | State: EpisodeState.COMPLETED | Created: 2026-09-27 12:01:17 | Elo: 1847.0
[2026-09-27 12:11:48] Ep 114158678 | Sub 56606789 | State: EpisodeState.COMPLETED | Created: 2026-09-27 12:05:19 | Elo: 1928.3
[2026-09-27 12:16:12] Ep 114160135 | Sub 56606789 | State: EpisodeState.COMPLETED | Created: 2026-09-27 12:09:17 | Elo: 2001.8
[2026-09-27 12:18:24] Ep 114161607 | Sub 56606789 | State: EpisodeState.COMPLETED | Created: 2026-09-27 12:13:19 | Elo: 1916.2
[2026-09-27 12:20:40] Ep 114164169 | Sub 56572614 | State: EpisodeState.COMPLETED | Created: 2026-09-27 12:17:22 | Elo: 2279.4
[2026-09-27 12:24:58] Ep 114164544 | Sub 56606789 | State: EpisodeState.COMPLETED | Created: 2026-09-27 12:21:20 | Elo: 1896.2
[2026-09-27 12:24:58] Ep 114163077 | Sub 56606789 | State: EpisodeState.COMPLETED | Created: 2026-09-27 12:17:18 | Elo: 1896.2
[2026-09-27 12:31:33] Ep 114166071 | Sub 56606789 | State: EpisodeState.COMPLETED | Created: 2026-09-27 12:25:26 | Elo: 1838.0
[2026-09-27 12:33:44] Ep 114167543 | Sub 56606789 | State: EpisodeState.COMPLETED | Created: 2026-09-27 12:29:17 | Elo: 1927.9
[2026-09-27 12:35:55] Ep 114169086 | Sub 56606789 | State: EpisodeState.COMPLETED | Created: 2026-09-27 12:33:17 | Elo: 1974.6
[2026-09-27 12:42:30] Ep 114170590 | Sub 56606789 | State: EpisodeState.COMPLETED | Created: 2026-09-27 12:37:17 | Elo: 2037.0
[2026-09-27 12:44:42] Ep 114172064 | Sub 56606789 | State: EpisodeState.COMPLETED | Created: 2026-09-27 12:41:18 | Elo: 2075.1
[2026-09-27 12:51:17] Ep 114173907 | Sub 56606789 | State: EpisodeState.COMPLETED | Created: 2026-09-27 12:45:27 | Elo: 2119.2
[2026-09-27 12:53:29] Ep 114175005 | Sub 56606789 | State: EpisodeState.COMPLETED | Created: 2026-09-27 12:49:19 | Elo: 2141.4
[2026-09-27 12:55:41] Ep 114176490 | Sub 56606789 | State: EpisodeState.COMPLETED | Created: 2026-09-27 12:53:17 | Elo: 2174.1
[2026-09-27 12:55:46] Ep 114175816 | Sub 56572614 | State: EpisodeState.COMPLETED | Created: 2026-09-27 12:49:21 | Elo: 2274.7
[2026-09-27 12:57:54] Ep 114177294 | Sub 56606789 | State: EpisodeState.COMPLETED | Created: 2026-09-27 12:53:19 | Elo: 2195.1
[2026-09-27 13:00:05] Ep 114176381 | Sub 56606789 | State: EpisodeState.COMPLETED | Created: 2026-09-27 12:53:17 | Elo: 2175.6
[2026-09-27 13:04:29] Ep 114177838 | Sub 56606789 | State: EpisodeState.COMPLETED | Created: 2026-09-27 12:57:20 | Elo: 2197.8
[2026-09-27 13:08:53] Ep 114179451 | Sub 56606789 | State: EpisodeState.COMPLETED | Created: 2026-09-27 13:01:22 | Elo: 2217.8
[2026-09-27 13:11:04] Ep 114180953 | Sub 56606789 | State: EpisodeState.COMPLETED | Created: 2026-09-27 13:05:28 | Elo: 2200.7
[2026-09-27 13:15:29] Ep 114183872 | Sub 56606789 | State: EpisodeState.COMPLETED | Created: 2026-09-27 13:13:19 | Elo: 2201.5
[2026-09-27 13:15:29] Ep 114182340 | Sub 56606789 | State: EpisodeState.COMPLETED | Created: 2026-09-27 13:09:20 | Elo: 2201.5
[2026-09-27 13:15:29] Ep 114182791 | Sub 56606789 | State: EpisodeState.COMPLETED | Created: 2026-09-27 13:09:21 | Elo: 2201.5
[2026-09-27 13:22:04] Ep 114185300 | Sub 56606789 | State: EpisodeState.COMPLETED | Created: 2026-09-27 13:17:23 | Elo: 2165.1
[2026-09-27 13:28:40] Ep 114186854 | Sub 56606789 | State: EpisodeState.COMPLETED | Created: 2026-09-27 13:21:21 | Elo: 2154.3
[2026-09-27 13:30:51] Ep 114188330 | Sub 56606789 | State: EpisodeState.COMPLETED | Created: 2026-09-27 13:25:19 | Elo: 2166.3
[2026-09-27 13:30:55] Ep 114188837 | Sub 56572614 | State: EpisodeState.COMPLETED | Created: 2026-09-27 13:25:20 | Elo: 2271.6
[2026-09-27 13:35:14] Ep 114189797 | Sub 56606789 | State: EpisodeState.COMPLETED | Created: 2026-09-27 13:29:21 | Elo: 2176.9
[2026-09-27 13:37:26] Ep 114191269 | Sub 56606789 | State: EpisodeState.COMPLETED | Created: 2026-09-27 13:33:17 | Elo: 2190.1
[2026-09-27 13:44:01] Ep 114194200 | Sub 56606789 | State: EpisodeState.COMPLETED | Created: 2026-09-27 13:41:16 | Elo: 2183.8
[2026-09-27 13:44:01] Ep 114192740 | Sub 56606789 | State: EpisodeState.COMPLETED | Created: 2026-09-27 13:37:16 | Elo: 2183.8
[2026-09-27 13:48:24] Ep 114195964 | Sub 56606789 | State: EpisodeState.COMPLETED | Created: 2026-09-27 13:45:31 | Elo: 2183.8
[2026-09-27 13:50:35] Ep 114195689 | Sub 56606789 | State: EpisodeState.COMPLETED | Created: 2026-09-27 13:45:30 | Elo: 2167.1
[2026-09-27 13:52:46] Ep 114197150 | Sub 56606789 | State: EpisodeState.COMPLETED | Created: 2026-09-27 13:49:17 | Elo: 2175.9
[2026-09-27 13:59:19] Ep 114198631 | Sub 56606789 | State: EpisodeState.COMPLETED | Created: 2026-09-27 13:53:18 | Elo: 2163.4
[2026-09-27 14:03:40] Ep 114200104 | Sub 56606789 | State: EpisodeState.COMPLETED | Created: 2026-09-27 13:57:18 | Elo: 2171.1
[2026-09-27 14:03:45] Ep 114200610 | Sub 56572614 | State: EpisodeState.COMPLETED | Created: 2026-09-27 13:57:18 | Elo: 2276.7
[2026-09-27 14:05:52] Ep 114201578 | Sub 56606789 | State: EpisodeState.COMPLETED | Created: 2026-09-27 14:01:17 | Elo: 2179.6
[2026-09-27 14:10:14] Ep 114203281 | Sub 56606789 | State: EpisodeState.COMPLETED | Created: 2026-09-27 14:05:23 | Elo: 2169.6
[2026-09-27 14:12:30] Ep 114204323 | Sub 56572614 | State: EpisodeState.COMPLETED | Created: 2026-09-27 14:09:17 | Elo: 2272.7
[2026-09-27 14:14:37] Ep 114204525 | Sub 56606789 | State: EpisodeState.COMPLETED | Created: 2026-09-27 14:09:17 | Elo: 2180.9
[2026-09-27 14:16:48] Ep 114206007 | Sub 56606789 | State: EpisodeState.COMPLETED | Created: 2026-09-27 14:13:16 | Elo: 2189.4
[2026-09-27 14:16:53] Ep 114206263 | Sub 56572614 | State: EpisodeState.COMPLETED | Created: 2026-09-27 14:13:17 | Elo: 2277.4
[2026-09-27 14:21:15] Ep 114207678 | Sub 56572614 | State: EpisodeState.COMPLETED | Created: 2026-09-27 14:17:18 | Elo: 2281.5
[2026-09-27 14:23:21] Ep 114207474 | Sub 56606789 | State: EpisodeState.COMPLETED | Created: 2026-09-27 14:17:18 | Elo: 2181.9
[2026-09-27 14:25:37] Ep 114208995 | Sub 56572614 | State: EpisodeState.COMPLETED | Created: 2026-09-27 14:21:19 | Elo: 2276.2
[2026-09-27 14:27:44] Ep 114208941 | Sub 56606789 | State: EpisodeState.COMPLETED | Created: 2026-09-27 14:21:19 | Elo: 2190.7
[2026-09-27 14:32:08] Ep 114210824 | Sub 56606789 | State: EpisodeState.COMPLETED | Created: 2026-09-27 14:25:30 | Elo: 2203.8
[2026-09-27 14:32:08] Ep 114210424 | Sub 56606789 | State: EpisodeState.COMPLETED | Created: 2026-09-27 14:25:29 | Elo: 2203.8
[2026-09-27 14:38:43] Ep 114211908 | Sub 56606789 | State: EpisodeState.COMPLETED | Created: 2026-09-27 14:29:18 | Elo: 2195.5
[2026-09-27 14:40:54] Ep 114213399 | Sub 56606789 | State: EpisodeState.COMPLETED | Created: 2026-09-27 14:33:18 | Elo: 2201.2
[2026-09-27 14:43:06] Ep 114214864 | Sub 56606789 | State: EpisodeState.COMPLETED | Created: 2026-09-27 14:37:25 | Elo: 2205.4
[2026-09-27 14:47:30] Ep 114216337 | Sub 56606789 | State: EpisodeState.COMPLETED | Created: 2026-09-27 14:41:23 | Elo: 2198.8
[2026-09-27 14:51:55] Ep 114217817 | Sub 56606789 | State: EpisodeState.COMPLETED | Created: 2026-09-27 14:45:38 | Elo: 2198.8
[2026-09-27 14:54:07] Ep 114219296 | Sub 56606789 | State: EpisodeState.COMPLETED | Created: 2026-09-27 14:49:31 | Elo: 2201.0
[2026-09-27 14:58:32] Ep 114220837 | Sub 56606789 | State: EpisodeState.COMPLETED | Created: 2026-09-27 14:53:23 | Elo: 2194.4
[2026-09-27 14:58:37] Ep 114221135 | Sub 56572614 | State: EpisodeState.COMPLETED | Created: 2026-09-27 14:53:23 | Elo: 2280.3
[2026-09-27 15:00:44] Ep 114222280 | Sub 56606789 | State: EpisodeState.COMPLETED | Created: 2026-09-27 14:57:23 | Elo: 2201.3
[2026-09-27 15:05:07] Ep 114223764 | Sub 56606789 | State: EpisodeState.COMPLETED | Created: 2026-09-27 15:01:31 | Elo: 2194.2
[2026-09-27 15:11:45] Ep 114225247 | Sub 56606789 | State: EpisodeState.COMPLETED | Created: 2026-09-27 15:05:31 | Elo: 2189.4
[2026-09-27 15:13:56] Ep 114226717 | Sub 56606789 | State: EpisodeState.COMPLETED | Created: 2026-09-27 15:09:27 | Elo: 2183.8
[2026-09-27 15:18:20] Ep 114228209 | Sub 56606789 | State: EpisodeState.COMPLETED | Created: 2026-09-27 15:13:27 | Elo: 2190.4
[2026-09-27 15:20:31] Ep 114229514 | Sub 56606789 | State: EpisodeState.COMPLETED | Created: 2026-09-27 15:17:25 | Elo: 2185.2
[2026-09-27 15:24:54] Ep 114231161 | Sub 56606789 | State: EpisodeState.COMPLETED | Created: 2026-09-27 15:21:23 | Elo: 2181.2
[2026-09-27 15:27:05] Ep 114232636 | Sub 56606789 | State: EpisodeState.COMPLETED | Created: 2026-09-27 15:25:27 | Elo: 2181.2
[2026-09-27 15:33:43] Ep 114234118 | Sub 56606789 | State: EpisodeState.COMPLETED | Created: 2026-09-27 15:29:26 | Elo: 2182.3
[2026-09-27 15:35:56] Ep 114235309 | Sub 56606789 | State: EpisodeState.COMPLETED | Created: 2026-09-27 15:33:24 | Elo: 2186.5
[2026-09-27 15:36:02] Ep 114235720 | Sub 56572614 | State: EpisodeState.COMPLETED | Created: 2026-09-27 15:33:25 | Elo: 2285.0
[2026-09-27 15:40:21] Ep 114235597 | Sub 56606789 | State: EpisodeState.COMPLETED | Created: 2026-09-27 15:33:25 | Elo: 2190.9
[2026-09-27 15:42:34] Ep 114237058 | Sub 56606789 | State: EpisodeState.COMPLETED | Created: 2026-09-27 15:37:25 | Elo: 2184.9
[2026-09-27 15:44:45] Ep 114238043 | Sub 56606789 | State: EpisodeState.COMPLETED | Created: 2026-09-27 15:41:22 | Elo: 2193.9
[2026-09-27 15:44:45] Ep 114238751 | Sub 56606789 | State: EpisodeState.COMPLETED | Created: 2026-09-27 15:41:24 | Elo: 2193.9
[2026-09-27 15:51:21] Ep 114240041 | Sub 56606789 | State: EpisodeState.COMPLETED | Created: 2026-09-27 15:45:33 | Elo: 2190.5
[2026-09-27 15:55:44] Ep 114241510 | Sub 56606789 | State: EpisodeState.COMPLETED | Created: 2026-09-27 15:49:23 | Elo: 2186.0
[2026-09-27 16:20:03] Ep 114251792 | Sub 56572614 | State: EpisodeState.COMPLETED | Created: 2026-09-27 16:17:24 | Elo: 2280.6
[2026-09-27 16:33:10] Ep 114256174 | Sub 56606789 | State: EpisodeState.COMPLETED | Created: 2026-09-27 16:29:24 | Elo: 2192.1
[2026-09-27 16:35:27] Ep 114256025 | Sub 56572614 | State: EpisodeState.COMPLETED | Created: 2026-09-27 16:29:24 | Elo: 2281.0
[2026-09-27 16:35:27] Ep 114255474 | Sub 56572614 | State: EpisodeState.COMPLETED | Created: 2026-09-27 16:29:23 | Elo: 2281.0
[2026-09-27 16:50:50] Ep 114262796 | Sub 56572614 | State: EpisodeState.COMPLETED | Created: 2026-09-27 16:49:23 | Elo: 2277.6
[2026-09-27 17:01:49] Ep 114266253 | Sub 56572614 | State: EpisodeState.COMPLETED | Created: 2026-09-27 16:57:23 | Elo: 2282.8
[2026-09-27 17:10:34] Ep 114269183 | Sub 56606789 | State: EpisodeState.COMPLETED | Created: 2026-09-27 17:05:28 | Elo: 2196.8
[2026-09-27 17:10:39] Ep 114268507 | Sub 56572614 | State: EpisodeState.COMPLETED | Created: 2026-09-27 17:05:26 | Elo: 2282.8
[2026-09-27 17:12:45] Ep 114270330 | Sub 56606789 | State: EpisodeState.COMPLETED | Created: 2026-09-27 17:09:24 | Elo: 2201.7
[2026-09-27 17:21:31] Ep 114273542 | Sub 56606789 | State: EpisodeState.COMPLETED | Created: 2026-09-27 17:17:27 | Elo: 2197.4
[2026-09-27 17:23:43] Ep 114272858 | Sub 56606789 | State: EpisodeState.COMPLETED | Created: 2026-09-27 17:17:26 | Elo: 2193.7
[2026-09-27 17:23:48] Ep 114273707 | Sub 56572614 | State: EpisodeState.COMPLETED | Created: 2026-09-27 17:17:27 | Elo: 2270.0
[2026-09-27 17:23:48] Ep 114273427 | Sub 56572614 | State: EpisodeState.COMPLETED | Created: 2026-09-27 17:17:27 | Elo: 2270.0
[2026-09-27 17:39:06] Ep 114280868 | Sub 56606789 | State: EpisodeState.COMPLETED | Created: 2026-09-27 17:37:25 | Elo: 2189.4
[2026-09-27 17:43:36] Ep 114282415 | Sub 56572614 | State: EpisodeState.COMPLETED | Created: 2026-09-27 17:41:32 | Elo: 2265.2
[2026-09-27 17:45:43] Ep 114282166 | Sub 56606789 | State: EpisodeState.COMPLETED | Created: 2026-09-27 17:41:30 | Elo: 2193.7
[2026-09-27 17:54:31] Ep 114285594 | Sub 56615496 | State: EpisodeState.COMPLETED | Created: 2026-09-27 17:49:51 | Elo: 600.0
[2026-09-27 17:54:36] Ep 114285338 | Sub 56606789 | State: EpisodeState.COMPLETED | Created: 2026-09-27 17:49:31 | Elo: 2188.6
[2026-09-27 18:03:21] Ep 114287505 | Sub 56615496 | State: EpisodeState.COMPLETED | Created: 2026-09-27 17:57:30 | Elo: 687.3
[2026-09-27 18:07:45] Ep 114288916 | Sub 56615496 | State: EpisodeState.COMPLETED | Created: 2026-09-27 18:01:30 | Elo: 768.3
[2026-09-27 18:12:10] Ep 114290370 | Sub 56615496 | State: EpisodeState.COMPLETED | Created: 2026-09-27 18:05:41 | Elo: 870.5
[2026-09-27 18:14:23] Ep 114291817 | Sub 56615496 | State: EpisodeState.COMPLETED | Created: 2026-09-27 18:09:31 | Elo: 930.3
[2026-09-27 18:18:47] Ep 114293254 | Sub 56615496 | State: EpisodeState.COMPLETED | Created: 2026-09-27 18:13:33 | Elo: 1047.7
[2026-09-27 18:21:00] Ep 114294697 | Sub 56615496 | State: EpisodeState.COMPLETED | Created: 2026-09-27 18:17:30 | Elo: 1163.8
[2026-09-27 18:25:23] Ep 114296144 | Sub 56615496 | State: EpisodeState.COMPLETED | Created: 2026-09-27 18:21:30 | Elo: 1296.7
[2026-09-27 18:32:00] Ep 114297593 | Sub 56615496 | State: EpisodeState.COMPLETED | Created: 2026-09-27 18:25:40 | Elo: 1394.2
[2026-09-27 18:32:05] Ep 114298497 | Sub 56606789 | State: EpisodeState.COMPLETED | Created: 2026-09-27 18:25:42 | Elo: 2184.6
[2026-09-27 18:36:23] Ep 114300505 | Sub 56615496 | State: EpisodeState.COMPLETED | Created: 2026-09-27 18:33:59 | Elo: 1563.0
[2026-09-27 18:36:23] Ep 114299062 | Sub 56615496 | State: EpisodeState.COMPLETED | Created: 2026-09-27 18:29:59 | Elo: 1563.0
[2026-09-27 18:36:28] Ep 114300982 | Sub 56606789 | State: EpisodeState.COMPLETED | Created: 2026-09-27 18:34:00 | Elo: 2180.9
[2026-09-27 18:40:52] Ep 114302466 | Sub 56606789 | State: EpisodeState.COMPLETED | Created: 2026-09-27 18:38:00 | Elo: 2180.9
[2026-09-27 18:42:58] Ep 114301951 | Sub 56615496 | State: EpisodeState.COMPLETED | Created: 2026-09-27 18:37:59 | Elo: 1703.6
[2026-09-27 18:45:11] Ep 114303421 | Sub 56615496 | State: EpisodeState.COMPLETED | Created: 2026-09-27 18:41:59 | Elo: 1770.2
[2026-09-27 18:51:47] Ep 114304870 | Sub 56615496 | State: EpisodeState.COMPLETED | Created: 2026-09-27 18:46:05 | Elo: 1671.5
[2026-09-27 18:53:59] Ep 114306328 | Sub 56615496 | State: EpisodeState.COMPLETED | Created: 2026-09-27 18:50:00 | Elo: 1811.6
[2026-09-27 18:58:24] Ep 114307837 | Sub 56615496 | State: EpisodeState.COMPLETED | Created: 2026-09-27 18:54:00 | Elo: 1712.9
[2026-09-27 18:58:29] Ep 114308035 | Sub 56606789 | State: EpisodeState.COMPLETED | Created: 2026-09-27 18:54:01 | Elo: 2172.6
[2026-09-27 19:02:48] Ep 114309333 | Sub 56615496 | State: EpisodeState.COMPLETED | Created: 2026-09-27 18:58:00 | Elo: 1795.4
[2026-09-27 19:05:00] Ep 114310826 | Sub 56615496 | State: EpisodeState.COMPLETED | Created: 2026-09-27 19:02:00 | Elo: 1856.1
[2026-09-27 19:07:17] Ep 114311399 | Sub 56606789 | State: EpisodeState.COMPLETED | Created: 2026-09-27 19:02:01 | Elo: 2176.8
[2026-09-27 19:09:24] Ep 114312311 | Sub 56615496 | State: EpisodeState.COMPLETED | Created: 2026-09-27 19:06:02 | Elo: 1918.7
[2026-09-27 19:13:50] Ep 114313815 | Sub 56615496 | State: EpisodeState.COMPLETED | Created: 2026-09-27 19:10:00 | Elo: 1958.9
[2026-09-27 19:18:15] Ep 114315285 | Sub 56615496 | State: EpisodeState.COMPLETED | Created: 2026-09-27 19:14:00 | Elo: 1990.8
[2026-09-27 19:18:21] Ep 114315321 | Sub 56606789 | State: EpisodeState.COMPLETED | Created: 2026-09-27 19:14:00 | Elo: 2173.3
[2026-09-27 19:20:28] Ep 114316739 | Sub 56615496 | State: EpisodeState.COMPLETED | Created: 2026-09-27 19:17:59 | Elo: 2023.4
[2026-09-27 19:27:05] Ep 114318223 | Sub 56615496 | State: EpisodeState.COMPLETED | Created: 2026-09-27 19:21:59 | Elo: 1989.3
[2026-09-27 19:29:21] Ep 114319092 | Sub 56606789 | State: EpisodeState.COMPLETED | Created: 2026-09-27 19:22:01 | Elo: 2178.9
[2026-09-27 19:31:28] Ep 114319690 | Sub 56615496 | State: EpisodeState.COMPLETED | Created: 2026-09-27 19:26:02 | Elo: 2027.8
[2026-09-27 19:35:51] Ep 114321145 | Sub 56615496 | State: EpisodeState.COMPLETED | Created: 2026-09-27 19:29:59 | Elo: 2012.6
[2026-09-27 19:40:16] Ep 114324071 | Sub 56615496 | State: EpisodeState.COMPLETED | Created: 2026-09-27 19:37:59 | Elo: 2046.7
[2026-09-27 19:40:16] Ep 114322612 | Sub 56615496 | State: EpisodeState.COMPLETED | Created: 2026-09-27 19:33:59 | Elo: 2046.7
[2026-09-27 19:40:21] Ep 114324436 | Sub 56606789 | State: EpisodeState.COMPLETED | Created: 2026-09-27 19:37:59 | Elo: 2178.9
[2026-09-27 19:44:41] Ep 114325547 | Sub 56615496 | State: EpisodeState.COMPLETED | Created: 2026-09-27 19:41:59 | Elo: 2074.0
[2026-09-27 19:51:18] Ep 114327006 | Sub 56615496 | State: EpisodeState.COMPLETED | Created: 2026-09-27 19:46:03 | Elo: 2059.1
[2026-09-27 19:55:42] Ep 114328483 | Sub 56615496 | State: EpisodeState.COMPLETED | Created: 2026-09-27 19:49:59 | Elo: 2075.2
[2026-09-27 19:57:54] Ep 114329942 | Sub 56615496 | State: EpisodeState.COMPLETED | Created: 2026-09-27 19:53:59 | Elo: 2059.3
[2026-09-27 20:02:19] Ep 114331593 | Sub 56615496 | State: EpisodeState.COMPLETED | Created: 2026-09-27 19:57:59 | Elo: 2076.3
[2026-09-27 20:04:31] Ep 114332749 | Sub 56615496 | State: EpisodeState.COMPLETED | Created: 2026-09-27 20:01:59 | Elo: 2034.9
[2026-09-27 20:04:31] Ep 114332880 | Sub 56615496 | State: EpisodeState.COMPLETED | Created: 2026-09-27 20:01:59 | Elo: 2034.9
[2026-09-27 20:04:31] Ep 114331417 | Sub 56615496 | State: EpisodeState.COMPLETED | Created: 2026-09-27 19:57:59 | Elo: 2034.9
[2026-09-27 20:04:36] Ep 114333436 | Sub 56606789 | State: EpisodeState.COMPLETED | Created: 2026-09-27 20:02:00 | Elo: 2171.8
[2026-09-27 20:04:36] Ep 114333636 | Sub 56606789 | State: EpisodeState.COMPLETED | Created: 2026-09-27 20:02:00 | Elo: 2171.8
[2026-09-27 20:08:55] Ep 114334364 | Sub 56615496 | State: EpisodeState.COMPLETED | Created: 2026-09-27 20:06:01 | Elo: 2049.9
[2026-09-27 20:09:00] Ep 114333455 | Sub 56606789 | State: EpisodeState.COMPLETED | Created: 2026-09-27 20:02:00 | Elo: 2173.0
[2026-09-27 20:13:19] Ep 114335839 | Sub 56615496 | State: EpisodeState.COMPLETED | Created: 2026-09-27 20:09:59 | Elo: 2070.9
[2026-09-27 20:13:19] Ep 114334878 | Sub 56615496 | State: EpisodeState.COMPLETED | Created: 2026-09-27 20:06:02 | Elo: 2070.9
[2026-09-27 20:19:55] Ep 114337318 | Sub 56615496 | State: EpisodeState.COMPLETED | Created: 2026-09-27 20:14:07 | Elo: 2083.7
[2026-09-27 20:22:07] Ep 114339238 | Sub 56615496 | State: EpisodeState.COMPLETED | Created: 2026-09-27 20:18:00 | Elo: 2080.4
[2026-09-27 20:22:07] Ep 114338762 | Sub 56615496 | State: EpisodeState.COMPLETED | Created: 2026-09-27 20:17:59 | Elo: 2080.4
[2026-09-27 20:28:42] Ep 114340258 | Sub 56615496 | State: EpisodeState.COMPLETED | Created: 2026-09-27 20:22:00 | Elo: 2092.8
[2026-09-27 20:30:55] Ep 114341699 | Sub 56615496 | State: EpisodeState.COMPLETED | Created: 2026-09-27 20:26:02 | Elo: 2085.4
[2026-09-27 20:31:00] Ep 114342363 | Sub 56606789 | State: EpisodeState.COMPLETED | Created: 2026-09-27 20:26:04 | Elo: 2168.9
[2026-09-27 20:35:20] Ep 114343193 | Sub 56615496 | State: EpisodeState.COMPLETED | Created: 2026-09-27 20:29:59 | Elo: 2071.6
[2026-09-27 20:37:32] Ep 114344645 | Sub 56615496 | State: EpisodeState.COMPLETED | Created: 2026-09-27 20:33:59 | Elo: 2079.4
[2026-09-27 20:41:55] Ep 114346105 | Sub 56615496 | State: EpisodeState.COMPLETED | Created: 2026-09-27 20:37:59 | Elo: 2071.1
[2026-09-27 20:44:08] Ep 114347566 | Sub 56615496 | State: EpisodeState.COMPLETED | Created: 2026-09-27 20:41:59 | Elo: 2081.5
[2026-09-27 20:50:45] Ep 114349027 | Sub 56615496 | State: EpisodeState.COMPLETED | Created: 2026-09-27 20:46:02 | Elo: 2087.9
[2026-09-27 20:52:57] Ep 114350482 | Sub 56615496 | State: EpisodeState.COMPLETED | Created: 2026-09-27 20:49:59 | Elo: 2095.0
[2026-09-27 20:53:02] Ep 114350963 | Sub 56606789 | State: EpisodeState.COMPLETED | Created: 2026-09-27 20:49:59 | Elo: 2164.6
[2026-09-27 20:57:22] Ep 114350727 | Sub 56615496 | State: EpisodeState.COMPLETED | Created: 2026-09-27 20:49:59 | Elo: 2085.3
[2026-09-27 20:59:35] Ep 114351948 | Sub 56615496 | State: EpisodeState.COMPLETED | Created: 2026-09-27 20:54:00 | Elo: 2092.6
[2026-09-27 21:01:47] Ep 114353415 | Sub 56615496 | State: EpisodeState.COMPLETED | Created: 2026-09-27 20:58:00 | Elo: 2085.0
[2026-09-27 21:06:13] Ep 114354887 | Sub 56615496 | State: EpisodeState.COMPLETED | Created: 2026-09-27 21:01:59 | Elo: 2078.9
[2026-09-27 21:10:36] Ep 114356337 | Sub 56615496 | State: EpisodeState.COMPLETED | Created: 2026-09-27 21:06:01 | Elo: 2085.5
[2026-09-27 21:15:00] Ep 114357772 | Sub 56615496 | State: EpisodeState.COMPLETED | Created: 2026-09-27 21:10:00 | Elo: 2077.9
[2026-09-27 21:15:06] Ep 114357658 | Sub 56606789 | State: EpisodeState.COMPLETED | Created: 2026-09-27 21:09:59 | Elo: 2164.4
[2026-09-27 21:15:06] Ep 114358393 | Sub 56606789 | State: EpisodeState.COMPLETED | Created: 2026-09-27 21:10:01 | Elo: 2164.4
[2026-09-27 21:19:25] Ep 114359255 | Sub 56615496 | State: EpisodeState.COMPLETED | Created: 2026-09-27 21:13:59 | Elo: 2084.2
[2026-09-27 21:21:38] Ep 114360444 | Sub 56615496 | State: EpisodeState.COMPLETED | Created: 2026-09-27 21:17:59 | Elo: 2076.8
[2026-09-27 21:23:49] Ep 114360714 | Sub 56615496 | State: EpisodeState.COMPLETED | Created: 2026-09-27 21:17:59 | Elo: 2083.7
[2026-09-27 21:26:01] Ep 114362173 | Sub 56615496 | State: EpisodeState.COMPLETED | Created: 2026-09-27 21:22:00 | Elo: 2093.9
[2026-09-27 21:26:01] Ep 114362309 | Sub 56615496 | State: EpisodeState.COMPLETED | Created: 2026-09-27 21:22:00 | Elo: 2093.9
[2026-09-27 21:30:27] Ep 114363669 | Sub 56615496 | State: EpisodeState.COMPLETED | Created: 2026-09-27 21:26:02 | Elo: 2099.9
[2026-09-27 21:32:39] Ep 114365134 | Sub 56615496 | State: EpisodeState.COMPLETED | Created: 2026-09-27 21:29:59 | Elo: 2105.9
[2026-09-27 21:32:44] Ep 114363482 | Sub 56606789 | State: EpisodeState.COMPLETED | Created: 2026-09-27 21:26:01 | Elo: 2168.9
[2026-09-27 21:34:56] Ep 114365615 | Sub 56606789 | State: EpisodeState.COMPLETED | Created: 2026-09-27 21:30:00 | Elo: 2164.8
[2026-09-27 21:39:15] Ep 114366584 | Sub 56615496 | State: EpisodeState.COMPLETED | Created: 2026-09-27 21:33:59 | Elo: 2102.6
[2026-09-27 21:41:26] Ep 114368035 | Sub 56615496 | State: EpisodeState.COMPLETED | Created: 2026-09-27 21:37:59 | Elo: 2107.9
[2026-09-27 21:43:39] Ep 114369498 | Sub 56615496 | State: EpisodeState.COMPLETED | Created: 2026-09-27 21:42:00 | Elo: 2114.1
[2026-09-27 21:43:39] Ep 114367988 | Sub 56615496 | State: EpisodeState.COMPLETED | Created: 2026-09-27 21:37:59 | Elo: 2114.1
[2026-09-27 21:50:17] Ep 114370572 | Sub 56615496 | State: EpisodeState.COMPLETED | Created: 2026-09-27 21:46:02 | Elo: 2114.0
[2026-09-27 21:52:29] Ep 114372355 | Sub 56615496 | State: EpisodeState.COMPLETED | Created: 2026-09-27 21:50:01 | Elo: 2109.6
[2026-09-27 21:52:29] Ep 114370966 | Sub 56615496 | State: EpisodeState.COMPLETED | Created: 2026-09-27 21:46:02 | Elo: 2109.6
[2026-09-27 21:54:41] Ep 114372412 | Sub 56615496 | State: EpisodeState.COMPLETED | Created: 2026-09-27 21:50:01 | Elo: 2100.2
[2026-09-27 21:54:46] Ep 114372870 | Sub 56606789 | State: EpisodeState.COMPLETED | Created: 2026-09-27 21:50:02 | Elo: 2169.3
[2026-09-27 21:56:53] Ep 114373937 | Sub 56615496 | State: EpisodeState.COMPLETED | Created: 2026-09-27 21:54:00 | Elo: 2095.9
[2026-09-27 21:59:06] Ep 114374220 | Sub 56615496 | State: EpisodeState.COMPLETED | Created: 2026-09-27 21:54:00 | Elo: 2099.7
[2026-09-27 22:01:24] Ep 114375153 | Sub 56606789 | State: EpisodeState.COMPLETED | Created: 2026-09-27 21:58:00 | Elo: 2165.9
[2026-09-27 22:03:31] Ep 114375361 | Sub 56615496 | State: EpisodeState.COMPLETED | Created: 2026-09-27 21:58:00 | Elo: 2104.0
[2026-09-27 22:05:42] Ep 114376836 | Sub 56615496 | State: EpisodeState.COMPLETED | Created: 2026-09-27 22:02:00 | Elo: 2098.0
[2026-09-27 22:10:07] Ep 114378599 | Sub 56615496 | State: EpisodeState.COMPLETED | Created: 2026-09-27 22:06:01 | Elo: 2093.4
[2026-09-27 22:12:21] Ep 114378292 | Sub 56615496 | State: EpisodeState.COMPLETED | Created: 2026-09-27 22:06:01 | Elo: 2098.4
[2026-09-27 22:14:34] Ep 114379767 | Sub 56615496 | State: EpisodeState.COMPLETED | Created: 2026-09-27 22:10:01 | Elo: 2102.5
[2026-09-27 22:19:02] Ep 114380974 | Sub 56606789 | State: EpisodeState.COMPLETED | Created: 2026-09-27 22:14:00 | Elo: 2166.8
[2026-09-27 22:19:02] Ep 114381641 | Sub 56606789 | State: EpisodeState.COMPLETED | Created: 2026-09-27 22:14:01 | Elo: 2166.8
[2026-09-27 22:23:22] Ep 114382957 | Sub 56615496 | State: EpisodeState.COMPLETED | Created: 2026-09-27 22:18:01 | Elo: 2107.1
[2026-09-27 22:30:04] Ep 114385258 | Sub 56606789 | State: EpisodeState.COMPLETED | Created: 2026-09-27 22:26:00 | Elo: 2161.2
[2026-09-27 22:32:16] Ep 114387008 | Sub 56606789 | State: EpisodeState.COMPLETED | Created: 2026-09-27 22:29:59 | Elo: 2155.8
[2026-09-27 22:36:35] Ep 114386996 | Sub 56615496 | State: EpisodeState.COMPLETED | Created: 2026-09-27 22:29:59 | Elo: 2108.0
[2026-09-27 22:36:35] Ep 114386748 | Sub 56615496 | State: EpisodeState.COMPLETED | Created: 2026-09-27 22:29:59 | Elo: 2108.0
[2026-09-27 22:43:13] Ep 114389598 | Sub 56615496 | State: EpisodeState.COMPLETED | Created: 2026-09-27 22:37:58 | Elo: 2104.1
[2026-09-27 22:47:38] Ep 114391846 | Sub 56615496 | State: EpisodeState.COMPLETED | Created: 2026-09-27 22:41:59 | Elo: 2108.2
[2026-09-27 22:49:55] Ep 114393299 | Sub 56606789 | State: EpisodeState.COMPLETED | Created: 2026-09-27 22:46:03 | Elo: 2153.2
[2026-09-27 22:54:21] Ep 114394126 | Sub 56606789 | State: EpisodeState.COMPLETED | Created: 2026-09-27 22:49:59 | Elo: 2148.9
[2026-09-27 22:58:45] Ep 114395587 | Sub 56606789 | State: EpisodeState.COMPLETED | Created: 2026-09-27 22:53:59 | Elo: 2148.9
[2026-09-27 23:00:52] Ep 114395405 | Sub 56615496 | State: EpisodeState.COMPLETED | Created: 2026-09-27 22:53:59 | Elo: 2111.9
[2026-09-27 23:05:15] Ep 114398862 | Sub 56615496 | State: EpisodeState.COMPLETED | Created: 2026-09-27 23:01:59 | Elo: 2106.9
[2026-09-27 23:07:33] Ep 114398302 | Sub 56606789 | State: EpisodeState.COMPLETED | Created: 2026-09-27 23:01:59 | Elo: 2140.4
[2026-09-27 23:09:45] Ep 114400325 | Sub 56606789 | State: EpisodeState.COMPLETED | Created: 2026-09-27 23:06:01 | Elo: 2145.0
[2026-09-27 23:11:58] Ep 114400408 | Sub 56606789 | State: EpisodeState.COMPLETED | Created: 2026-09-27 23:06:01 | Elo: 2151.2
[2026-09-27 23:22:54] Ep 114405067 | Sub 56615496 | State: EpisodeState.COMPLETED | Created: 2026-09-27 23:18:01 | Elo: 2106.7
[2026-09-27 23:22:54] Ep 114404897 | Sub 56615496 | State: EpisodeState.COMPLETED | Created: 2026-09-27 23:18:01 | Elo: 2106.7
[2026-09-27 23:25:12] Ep 114406383 | Sub 56606789 | State: EpisodeState.COMPLETED | Created: 2026-09-27 23:22:00 | Elo: 2148.0
[2026-09-27 23:27:25] Ep 114405767 | Sub 56606789 | State: EpisodeState.COMPLETED | Created: 2026-09-27 23:21:59 | Elo: 2152.9
[2026-09-27 23:34:01] Ep 114408610 | Sub 56606789 | State: EpisodeState.COMPLETED | Created: 2026-09-27 23:29:59 | Elo: 2147.4
[2026-09-27 23:42:45] Ep 114412114 | Sub 56615496 | State: EpisodeState.COMPLETED | Created: 2026-09-27 23:38:07 | Elo: 2097.5
[2026-09-27 23:42:45] Ep 114412013 | Sub 56615496 | State: EpisodeState.COMPLETED | Created: 2026-09-27 23:38:07 | Elo: 2097.5
[2026-09-27 23:49:27] Ep 114415017 | Sub 56606789 | State: EpisodeState.COMPLETED | Created: 2026-09-27 23:46:04 | Elo: 2151.4
[2026-09-27 23:58:08] Ep 114418140 | Sub 56615496 | State: EpisodeState.COMPLETED | Created: 2026-09-27 23:54:01 | Elo: 2102.1
[2026-09-28 00:09:13] Ep 114421103 | Sub 56606789 | State: EpisodeState.COMPLETED | Created: 2026-09-28 00:02:03 | Elo: 2155.7
[2026-09-28 00:17:57] Ep 114425400 | Sub 56615496 | State: EpisodeState.COMPLETED | Created: 2026-09-28 00:14:03 | Elo: 2107.4
[2026-09-28 00:26:51] Ep 114428451 | Sub 56606789 | State: EpisodeState.COMPLETED | Created: 2026-09-28 00:22:04 | Elo: 2153.3
[2026-09-28 00:26:51] Ep 114427672 | Sub 56606789 | State: EpisodeState.COMPLETED | Created: 2026-09-28 00:22:03 | Elo: 2153.3
[2026-09-28 00:35:35] Ep 114432870 | Sub 56615496 | State: EpisodeState.COMPLETED | Created: 2026-09-28 00:34:03 | Elo: 2104.0
[2026-09-28 00:35:39] Ep 114431108 | Sub 56606789 | State: EpisodeState.COMPLETED | Created: 2026-09-28 00:30:02 | Elo: 2149.4
[2026-09-28 00:37:52] Ep 114432901 | Sub 56606789 | State: EpisodeState.COMPLETED | Created: 2026-09-28 00:34:03 | Elo: 2153.7
[2026-09-28 00:39:58] Ep 114432261 | Sub 56615496 | State: EpisodeState.COMPLETED | Created: 2026-09-28 00:34:02 | Elo: 2104.0
[2026-09-28 00:57:36] Ep 114439657 | Sub 56615496 | State: EpisodeState.COMPLETED | Created: 2026-09-28 00:54:01 | Elo: 2092.7
[2026-09-28 01:04:17] Ep 114441431 | Sub 56606789 | State: EpisodeState.COMPLETED | Created: 2026-09-28 00:58:01 | Elo: 2157.5
[2026-09-28 01:06:24] Ep 114442679 | Sub 56615496 | State: EpisodeState.COMPLETED | Created: 2026-09-28 01:02:01 | Elo: 2088.7
[2026-09-28 01:24:01] Ep 114448296 | Sub 56615496 | State: EpisodeState.COMPLETED | Created: 2026-09-28 01:18:01 | Elo: 2084.5
[2026-09-28 01:28:26] Ep 114449938 | Sub 56615496 | State: EpisodeState.COMPLETED | Created: 2026-09-28 01:22:01 | Elo: 2089.7
[2026-09-28 01:28:31] Ep 114450099 | Sub 56606789 | State: EpisodeState.COMPLETED | Created: 2026-09-28 01:22:01 | Elo: 2162.4
[2026-09-28 01:35:08] Ep 114453100 | Sub 56606789 | State: EpisodeState.COMPLETED | Created: 2026-09-28 01:30:02 | Elo: 2158.9
[2026-09-28 01:39:32] Ep 114454486 | Sub 56606789 | State: EpisodeState.COMPLETED | Created: 2026-09-28 01:34:01 | Elo: 2154.0
[2026-09-28 01:46:03] Ep 114457675 | Sub 56615496 | State: EpisodeState.COMPLETED | Created: 2026-09-28 01:42:02 | Elo: 2094.1
[2026-09-28 01:57:05] Ep 114461844 | Sub 56615496 | State: EpisodeState.COMPLETED | Created: 2026-09-28 01:54:01 | Elo: 2088.1
[2026-09-28 02:01:33] Ep 114463244 | Sub 56606789 | State: EpisodeState.COMPLETED | Created: 2026-09-28 01:58:01 | Elo: 2148.7
[2026-09-28 02:10:16] Ep 114466417 | Sub 56615496 | State: EpisodeState.COMPLETED | Created: 2026-09-28 02:06:08 | Elo: 2083.5
[2026-09-28 02:10:21] Ep 114465647 | Sub 56606789 | State: EpisodeState.COMPLETED | Created: 2026-09-28 02:06:07 | Elo: 2143.8
[2026-09-28 02:32:15] Ep 114475176 | Sub 56615496 | State: EpisodeState.COMPLETED | Created: 2026-09-28 02:30:08 | Elo: 2079.3
[2026-09-28 02:32:20] Ep 114475003 | Sub 56606789 | State: EpisodeState.COMPLETED | Created: 2026-09-28 02:30:08 | Elo: 2142.9
[2026-09-28 02:32:20] Ep 114474427 | Sub 56606789 | State: EpisodeState.COMPLETED | Created: 2026-09-28 02:30:07 | Elo: 2142.9
[2026-09-28 02:36:40] Ep 114475027 | Sub 56615496 | State: EpisodeState.COMPLETED | Created: 2026-09-28 02:30:08 | Elo: 2084.1
[2026-09-28 02:45:28] Ep 114478782 | Sub 56615496 | State: EpisodeState.COMPLETED | Created: 2026-09-28 02:42:01 | Elo: 2079.0
[2026-09-28 02:52:11] Ep 114480230 | Sub 56606789 | State: EpisodeState.COMPLETED | Created: 2026-09-28 02:46:06 | Elo: 2139.0
[2026-09-28 03:03:08] Ep 114485352 | Sub 56615496 | State: EpisodeState.COMPLETED | Created: 2026-09-28 02:58:03 | Elo: 2084.7
[2026-09-28 03:11:56] Ep 114489722 | Sub 56615496 | State: EpisodeState.COMPLETED | Created: 2026-09-28 03:10:03 | Elo: 2088.8
[2026-09-28 03:14:14] Ep 114489647 | Sub 56606789 | State: EpisodeState.COMPLETED | Created: 2026-09-28 03:10:03 | Elo: 2134.0
[2026-09-28 03:38:25] Ep 114497646 | Sub 56606789 | State: EpisodeState.COMPLETED | Created: 2026-09-28 03:34:00 | Elo: 2134.0
[2026-09-28 03:40:38] Ep 114497913 | Sub 56606789 | State: EpisodeState.COMPLETED | Created: 2026-09-28 03:34:01 | Elo: 2126.4
[2026-09-28 03:42:45] Ep 114499827 | Sub 56615496 | State: EpisodeState.COMPLETED | Created: 2026-09-28 03:38:02 | Elo: 2083.8
[2026-09-28 03:49:19] Ep 114502374 | Sub 56615496 | State: EpisodeState.COMPLETED | Created: 2026-09-28 03:46:04 | Elo: 2080.1
[2026-09-28 03:53:47] Ep 114503536 | Sub 56606789 | State: EpisodeState.COMPLETED | Created: 2026-09-28 03:50:01 | Elo: 2130.6
[2026-09-28 04:15:44] Ep 114511033 | Sub 56615496 | State: EpisodeState.COMPLETED | Created: 2026-09-28 04:10:02 | Elo: 2070.8
[2026-09-28 04:15:44] Ep 114511695 | Sub 56615496 | State: EpisodeState.COMPLETED | Created: 2026-09-28 04:10:03 | Elo: 2070.8
[2026-09-28 04:18:02] Ep 114513089 | Sub 56606789 | State: EpisodeState.COMPLETED | Created: 2026-09-28 04:14:02 | Elo: 2125.3
[2026-09-28 04:22:21] Ep 114514260 | Sub 56615496 | State: EpisodeState.COMPLETED | Created: 2026-09-28 04:18:02 | Elo: 2075.5
[2026-09-28 04:22:21] Ep 114514553 | Sub 56615496 | State: EpisodeState.COMPLETED | Created: 2026-09-28 04:18:02 | Elo: 2075.5
[2026-09-28 04:40:02] Ep 114520243 | Sub 56606789 | State: EpisodeState.COMPLETED | Created: 2026-09-28 04:34:02 | Elo: 2130.8
[2026-09-28 04:46:33] Ep 114523345 | Sub 56615496 | State: EpisodeState.COMPLETED | Created: 2026-09-28 04:42:03 | Elo: 2075.5
[2026-09-28 04:53:08] Ep 114524197 | Sub 56615496 | State: EpisodeState.COMPLETED | Created: 2026-09-28 04:46:04 | Elo: 2072.4
[2026-09-28 05:04:10] Ep 114529130 | Sub 56606789 | State: EpisodeState.COMPLETED | Created: 2026-09-28 04:58:02 | Elo: 2125.6
[2026-09-28 05:10:44] Ep 114532128 | Sub 56606789 | State: EpisodeState.COMPLETED | Created: 2026-09-28 05:06:07 | Elo: 2121.4
[2026-09-28 05:15:01] Ep 114533410 | Sub 56615496 | State: EpisodeState.COMPLETED | Created: 2026-09-28 05:10:02 | Elo: 2077.3
[2026-09-28 05:19:29] Ep 114535046 | Sub 56606789 | State: EpisodeState.COMPLETED | Created: 2026-09-28 05:14:03 | Elo: 2126.4
[2026-09-28 05:34:48] Ep 114540753 | Sub 56615496 | State: EpisodeState.COMPLETED | Created: 2026-09-28 05:30:03 | Elo: 2071.9
[2026-09-28 05:34:53] Ep 114540045 | Sub 56606789 | State: EpisodeState.COMPLETED | Created: 2026-09-28 05:30:02 | Elo: 2120.8
[2026-09-28 05:41:29] Ep 114543633 | Sub 56606789 | State: EpisodeState.COMPLETED | Created: 2026-09-28 05:38:08 | Elo: 2118.3
[2026-09-28 05:43:36] Ep 114543021 | Sub 56615496 | State: EpisodeState.COMPLETED | Created: 2026-09-28 05:38:07 | Elo: 2076.7
[2026-09-28 06:07:51] Ep 114552501 | Sub 56615496 | State: EpisodeState.COMPLETED | Created: 2026-09-28 06:02:03 | Elo: 2072.2
[2026-09-28 06:07:55] Ep 114552593 | Sub 56606789 | State: EpisodeState.COMPLETED | Created: 2026-09-28 06:02:03 | Elo: 2113.0
[2026-09-28 06:34:13] Ep 114562983 | Sub 56631659 | State: EpisodeState.COMPLETED | Created: 2026-09-28 06:31:00 | Elo: 600.0
[2026-09-28 06:36:29] Ep 114562818 | Sub 56615496 | State: EpisodeState.COMPLETED | Created: 2026-09-28 06:30:02 | Elo: 2068.1
[2026-09-28 06:43:00] Ep 114564863 | Sub 56631659 | State: EpisodeState.COMPLETED | Created: 2026-09-28 06:38:01 | Elo: 716.7
[2026-09-28 06:47:25] Ep 114566392 | Sub 56631659 | State: EpisodeState.COMPLETED | Created: 2026-09-28 06:42:01 | Elo: 782.8
[2026-09-28 06:51:49] Ep 114567823 | Sub 56631659 | State: EpisodeState.COMPLETED | Created: 2026-09-28 06:46:08 | Elo: 880.5
[2026-09-28 06:56:13] Ep 114569267 | Sub 56631659 | State: EpisodeState.COMPLETED | Created: 2026-09-28 06:50:00 | Elo: 1002.5
[2026-09-28 07:00:37] Ep 114570721 | Sub 56631659 | State: EpisodeState.COMPLETED | Created: 2026-09-28 06:54:00 | Elo: 1057.7
[2026-09-28 07:02:50] Ep 114572152 | Sub 56631659 | State: EpisodeState.COMPLETED | Created: 2026-09-28 06:58:02 | Elo: 1201.4
[2026-09-28 07:07:16] Ep 114573562 | Sub 56631659 | State: EpisodeState.COMPLETED | Created: 2026-09-28 07:02:01 | Elo: 1305.4
[2026-09-28 07:07:21] Ep 114574478 | Sub 56615496 | State: EpisodeState.COMPLETED | Created: 2026-09-28 07:02:03 | Elo: 2063.5
[2026-09-28 07:09:27] Ep 114575033 | Sub 56631659 | State: EpisodeState.COMPLETED | Created: 2026-09-28 07:06:04 | Elo: 1355.4
[2026-09-28 07:16:03] Ep 114577624 | Sub 56632849 | State: EpisodeState.COMPLETED | Created: 2026-09-28 07:11:01 | Elo: 600.0
[2026-09-28 07:16:08] Ep 114576472 | Sub 56631659 | State: EpisodeState.COMPLETED | Created: 2026-09-28 07:10:02 | Elo: 1514.3
[2026-09-28 07:18:19] Ep 114577935 | Sub 56631659 | State: EpisodeState.COMPLETED | Created: 2026-09-28 07:14:03 | Elo: 1599.5
[2026-09-28 07:22:38] Ep 114579547 | Sub 56632849 | State: EpisodeState.COMPLETED | Created: 2026-09-28 07:18:00 | Elo: 707.6
[2026-09-28 07:24:54] Ep 114579372 | Sub 56631659 | State: EpisodeState.COMPLETED | Created: 2026-09-28 07:18:00 | Elo: 1712.6
[2026-09-28 07:27:01] Ep 114580976 | Sub 56632849 | State: EpisodeState.COMPLETED | Created: 2026-09-28 07:22:01 | Elo: 767.8
[2026-09-28 07:29:18] Ep 114580816 | Sub 56631659 | State: EpisodeState.COMPLETED | Created: 2026-09-28 07:22:00 | Elo: 1818.2
[2026-09-28 07:31:25] Ep 114582417 | Sub 56632849 | State: EpisodeState.COMPLETED | Created: 2026-09-28 07:26:09 | Elo: 840.3
[2026-09-28 07:31:31] Ep 114582266 | Sub 56631659 | State: EpisodeState.COMPLETED | Created: 2026-09-28 07:26:09 | Elo: 1681.1
[2026-09-28 07:33:37] Ep 114583834 | Sub 56632849 | State: EpisodeState.COMPLETED | Created: 2026-09-28 07:30:01 | Elo: 971.7
[2026-09-28 07:33:42] Ep 114583762 | Sub 56631659 | State: EpisodeState.COMPLETED | Created: 2026-09-28 07:30:00 | Elo: 1788.3
[2026-09-28 07:35:54] Ep 114585235 | Sub 56631659 | State: EpisodeState.COMPLETED | Created: 2026-09-28 07:34:01 | Elo: 1860.5
[2026-09-28 07:40:13] Ep 114585292 | Sub 56632849 | State: EpisodeState.COMPLETED | Created: 2026-09-28 07:34:01 | Elo: 1192.8
[2026-09-28 07:40:13] Ep 114587497 | Sub 56632849 | State: EpisodeState.COMPLETED | Created: 2026-09-28 07:38:16 | Elo: 1192.8
[2026-09-28 07:42:25] Ep 114586751 | Sub 56632849 | State: EpisodeState.COMPLETED | Created: 2026-09-28 07:38:15 | Elo: 1233.4
[2026-09-28 07:42:30] Ep 114586729 | Sub 56631659 | State: EpisodeState.COMPLETED | Created: 2026-09-28 07:38:15 | Elo: 1901.9
[2026-09-28 07:44:37] Ep 114588538 | Sub 56632849 | State: EpisodeState.COMPLETED | Created: 2026-09-28 07:42:02 | Elo: 1403.6
[2026-09-28 07:44:37] Ep 114588180 | Sub 56632849 | State: EpisodeState.COMPLETED | Created: 2026-09-28 07:42:02 | Elo: 1403.6
[2026-09-28 07:44:43] Ep 114588261 | Sub 56631659 | State: EpisodeState.COMPLETED | Created: 2026-09-28 07:42:02 | Elo: 1937.5
[2026-09-28 07:44:43] Ep 114587688 | Sub 56631659 | State: EpisodeState.COMPLETED | Created: 2026-09-28 07:38:16 | Elo: 1937.5
[2026-09-28 07:48:59] Ep 114589597 | Sub 56632849 | State: EpisodeState.COMPLETED | Created: 2026-09-28 07:46:09 | Elo: 1511.0
[2026-09-28 07:49:05] Ep 114589756 | Sub 56631659 | State: EpisodeState.COMPLETED | Created: 2026-09-28 07:46:09 | Elo: 2020.2
[2026-09-28 07:53:24] Ep 114591039 | Sub 56632849 | State: EpisodeState.COMPLETED | Created: 2026-09-28 07:50:01 | Elo: 1589.4
[2026-09-28 07:53:29] Ep 114591234 | Sub 56631659 | State: EpisodeState.COMPLETED | Created: 2026-09-28 07:50:02 | Elo: 2060.3
[2026-09-28 07:57:52] Ep 114592703 | Sub 56631659 | State: EpisodeState.COMPLETED | Created: 2026-09-28 07:54:02 | Elo: 2093.6
[2026-09-28 08:00:00] Ep 114592489 | Sub 56632849 | State: EpisodeState.COMPLETED | Created: 2026-09-28 07:54:02 | Elo: 1710.8
[2026-09-28 08:00:05] Ep 114594977 | Sub 56631659 | State: EpisodeState.COMPLETED | Created: 2026-09-28 07:58:09 | Elo: 2093.6
[2026-09-28 08:02:12] Ep 114593937 | Sub 56632849 | State: EpisodeState.COMPLETED | Created: 2026-09-28 07:58:08 | Elo: 1835.1
[2026-09-28 08:04:29] Ep 114594180 | Sub 56631659 | State: EpisodeState.COMPLETED | Created: 2026-09-28 07:58:08 | Elo: 2034.1
[2026-09-28 08:06:37] Ep 114595395 | Sub 56632849 | State: EpisodeState.COMPLETED | Created: 2026-09-28 08:02:01 | Elo: 1873.5
[2026-09-28 08:08:53] Ep 114595657 | Sub 56631659 | State: EpisodeState.COMPLETED | Created: 2026-09-28 08:02:01 | Elo: 2009.4
[2026-09-28 08:11:00] Ep 114596854 | Sub 56632849 | State: EpisodeState.COMPLETED | Created: 2026-09-28 08:06:08 | Elo: 1949.3
[2026-09-28 08:11:05] Ep 114597125 | Sub 56631659 | State: EpisodeState.COMPLETED | Created: 2026-09-28 08:06:09 | Elo: 2031.6
[2026-09-28 08:13:12] Ep 114598316 | Sub 56632849 | State: EpisodeState.COMPLETED | Created: 2026-09-28 08:10:00 | Elo: 1803.5
[2026-09-28 08:13:12] Ep 114598885 | Sub 56632849 | State: EpisodeState.COMPLETED | Created: 2026-09-28 08:10:01 | Elo: 1803.5
[2026-09-28 08:13:17] Ep 114599285 | Sub 56631659 | State: EpisodeState.COMPLETED | Created: 2026-09-28 08:10:02 | Elo: 2029.9
[2026-09-28 08:13:17] Ep 114598615 | Sub 56631659 | State: EpisodeState.COMPLETED | Created: 2026-09-28 08:10:01 | Elo: 2029.9
[2026-09-28 08:17:38] Ep 114600109 | Sub 56631659 | State: EpisodeState.COMPLETED | Created: 2026-09-28 08:14:00 | Elo: 2004.8
[2026-09-28 08:19:45] Ep 114601288 | Sub 56632849 | State: EpisodeState.COMPLETED | Created: 2026-09-28 08:18:00 | Elo: 1995.3
[2026-09-28 08:19:45] Ep 114599838 | Sub 56632849 | State: EpisodeState.COMPLETED | Created: 2026-09-28 08:14:00 | Elo: 1995.3
[2026-09-28 08:22:01] Ep 114601586 | Sub 56631659 | State: EpisodeState.COMPLETED | Created: 2026-09-28 08:18:01 | Elo: 1985.1
[2026-09-28 08:28:33] Ep 114604298 | Sub 56632849 | State: EpisodeState.COMPLETED | Created: 2026-09-28 08:26:01 | Elo: 2081.5
[2026-09-28 08:28:33] Ep 114602819 | Sub 56632849 | State: EpisodeState.COMPLETED | Created: 2026-09-28 08:22:00 | Elo: 2081.5
[2026-09-28 08:28:39] Ep 114603059 | Sub 56631659 | State: EpisodeState.COMPLETED | Created: 2026-09-28 08:22:00 | Elo: 1967.4
[2026-09-28 08:30:50] Ep 114604540 | Sub 56631659 | State: EpisodeState.COMPLETED | Created: 2026-09-28 08:26:02 | Elo: 1982.6
[2026-09-28 08:32:57] Ep 114605819 | Sub 56632849 | State: EpisodeState.COMPLETED | Created: 2026-09-28 08:30:00 | Elo: 2125.4
[2026-09-28 08:33:02] Ep 114606037 | Sub 56631659 | State: EpisodeState.COMPLETED | Created: 2026-09-28 08:30:01 | Elo: 1973.0
[2026-09-28 08:37:27] Ep 114607537 | Sub 56631659 | State: EpisodeState.COMPLETED | Created: 2026-09-28 08:34:01 | Elo: 1973.0
[2026-09-28 08:39:33] Ep 114607359 | Sub 56632849 | State: EpisodeState.COMPLETED | Created: 2026-09-28 08:34:01 | Elo: 2159.8
[2026-09-28 08:41:45] Ep 114608839 | Sub 56632849 | State: EpisodeState.COMPLETED | Created: 2026-09-28 08:38:02 | Elo: 2182.1
[2026-09-28 08:41:49] Ep 114609032 | Sub 56631659 | State: EpisodeState.COMPLETED | Created: 2026-09-28 08:38:02 | Elo: 1947.8
[2026-09-28 08:46:06] Ep 114610337 | Sub 56632849 | State: EpisodeState.COMPLETED | Created: 2026-09-28 08:42:01 | Elo: 2151.2
[2026-09-28 08:46:12] Ep 114610537 | Sub 56631659 | State: EpisodeState.COMPLETED | Created: 2026-09-28 08:42:01 | Elo: 1947.8
[2026-09-28 08:48:18] Ep 114611830 | Sub 56632849 | State: EpisodeState.COMPLETED | Created: 2026-09-28 08:46:04 | Elo: 2186.5
[2026-09-28 08:48:18] Ep 114611562 | Sub 56632849 | State: EpisodeState.COMPLETED | Created: 2026-09-28 08:46:04 | Elo: 2186.5
[2026-09-28 08:48:18] Ep 114610594 | Sub 56632849 | State: EpisodeState.COMPLETED | Created: 2026-09-28 08:42:01 | Elo: 2186.5
[2026-09-28 08:50:31] Ep 114612610 | Sub 56632849 | State: EpisodeState.COMPLETED | Created: 2026-09-28 08:46:05 | Elo: 2204.9
[2026-09-28 08:50:36] Ep 114611992 | Sub 56631659 | State: EpisodeState.COMPLETED | Created: 2026-09-28 08:46:05 | Elo: 1971.2
[2026-09-28 08:52:49] Ep 114613328 | Sub 56631659 | State: EpisodeState.COMPLETED | Created: 2026-09-28 08:50:00 | Elo: 1971.2
[2026-09-28 08:57:08] Ep 114614830 | Sub 56632849 | State: EpisodeState.COMPLETED | Created: 2026-09-28 08:54:01 | Elo: 2206.9
[2026-09-28 08:57:08] Ep 114613274 | Sub 56632849 | State: EpisodeState.COMPLETED | Created: 2026-09-28 08:50:00 | Elo: 2206.9
[2026-09-28 08:57:14] Ep 114615076 | Sub 56631659 | State: EpisodeState.COMPLETED | Created: 2026-09-28 08:54:02 | Elo: 1947.6
[2026-09-28 08:59:26] Ep 114615154 | Sub 56631659 | State: EpisodeState.COMPLETED | Created: 2026-09-28 08:54:02 | Elo: 1927.8
[2026-09-28 08:59:26] Ep 114615024 | Sub 56631659 | State: EpisodeState.COMPLETED | Created: 2026-09-28 08:54:02 | Elo: 1927.8
[2026-09-28 09:01:34] Ep 114616155 | Sub 56632849 | State: EpisodeState.COMPLETED | Created: 2026-09-28 08:58:05 | Elo: 2222.3
[2026-09-28 09:01:40] Ep 114616265 | Sub 56631659 | State: EpisodeState.COMPLETED | Created: 2026-09-28 08:58:06 | Elo: 1928.5
[2026-09-28 09:01:40] Ep 114616370 | Sub 56631659 | State: EpisodeState.COMPLETED | Created: 2026-09-28 08:58:06 | Elo: 1928.5
[2026-09-28 09:05:58] Ep 114617822 | Sub 56632849 | State: EpisodeState.COMPLETED | Created: 2026-09-28 09:02:04 | Elo: 2208.0
[2026-09-28 09:06:04] Ep 114618000 | Sub 56631659 | State: EpisodeState.COMPLETED | Created: 2026-09-28 09:02:04 | Elo: 1938.4
[2026-09-28 09:10:22] Ep 114619309 | Sub 56632849 | State: EpisodeState.COMPLETED | Created: 2026-09-28 09:06:05 | Elo: 2194.0
[2026-09-28 09:12:34] Ep 114620773 | Sub 56632849 | State: EpisodeState.COMPLETED | Created: 2026-09-28 09:10:02 | Elo: 2178.9
[2026-09-28 09:12:39] Ep 114620949 | Sub 56631659 | State: EpisodeState.COMPLETED | Created: 2026-09-28 09:10:03 | Elo: 1926.3
[2026-09-28 09:12:39] Ep 114619463 | Sub 56631659 | State: EpisodeState.COMPLETED | Created: 2026-09-28 09:06:05 | Elo: 1926.3
[2026-09-28 09:17:03] Ep 114622436 | Sub 56631659 | State: EpisodeState.COMPLETED | Created: 2026-09-28 09:14:03 | Elo: 1918.9
[2026-09-28 09:19:09] Ep 114622261 | Sub 56632849 | State: EpisodeState.COMPLETED | Created: 2026-09-28 09:14:02 | Elo: 2195.3
[2026-09-28 09:21:22] Ep 114623731 | Sub 56632849 | State: EpisodeState.COMPLETED | Created: 2026-09-28 09:18:02 | Elo: 2183.4
[2026-09-28 09:21:27] Ep 114623896 | Sub 56631659 | State: EpisodeState.COMPLETED | Created: 2026-09-28 09:18:03 | Elo: 1912.5
[2026-09-28 09:23:34] Ep 114624022 | Sub 56632849 | State: EpisodeState.COMPLETED | Created: 2026-09-28 09:18:03 | Elo: 2172.6
[2026-09-28 09:23:40] Ep 114623650 | Sub 56631659 | State: EpisodeState.COMPLETED | Created: 2026-09-28 09:18:02 | Elo: 1918.4
[2026-09-28 09:27:57] Ep 114625202 | Sub 56632849 | State: EpisodeState.COMPLETED | Created: 2026-09-28 09:22:02 | Elo: 2160.5
[2026-09-28 09:28:02] Ep 114625177 | Sub 56631659 | State: EpisodeState.COMPLETED | Created: 2026-09-28 09:22:02 | Elo: 1920.9
[2026-09-28 09:28:02] Ep 114625367 | Sub 56631659 | State: EpisodeState.COMPLETED | Created: 2026-09-28 09:22:03 | Elo: 1920.9
[2026-09-28 09:32:18] Ep 114626669 | Sub 56632849 | State: EpisodeState.COMPLETED | Created: 2026-09-28 09:26:03 | Elo: 2171.0
[2026-09-28 09:32:24] Ep 114626837 | Sub 56631659 | State: EpisodeState.COMPLETED | Created: 2026-09-28 09:26:03 | Elo: 1916.3
[2026-09-28 09:36:48] Ep 114628752 | Sub 56631659 | State: EpisodeState.COMPLETED | Created: 2026-09-28 09:30:03 | Elo: 1909.1
[2026-09-28 09:38:55] Ep 114629613 | Sub 56632849 | State: EpisodeState.COMPLETED | Created: 2026-09-28 09:34:01 | Elo: 2170.0
[2026-09-28 09:38:55] Ep 114628210 | Sub 56632849 | State: EpisodeState.COMPLETED | Created: 2026-09-28 09:30:02 | Elo: 2170.0
[2026-09-28 09:41:11] Ep 114631270 | Sub 56631659 | State: EpisodeState.COMPLETED | Created: 2026-09-28 09:38:04 | Elo: 1923.5
[2026-09-28 09:41:11] Ep 114629789 | Sub 56631659 | State: EpisodeState.COMPLETED | Created: 2026-09-28 09:34:01 | Elo: 1923.5
[2026-09-28 09:43:18] Ep 114631064 | Sub 56632849 | State: EpisodeState.COMPLETED | Created: 2026-09-28 09:38:03 | Elo: 2153.1
[2026-09-28 09:45:36] Ep 114632648 | Sub 56631659 | State: EpisodeState.COMPLETED | Created: 2026-09-28 09:42:09 | Elo: 1915.9
[2026-09-28 09:47:43] Ep 114634242 | Sub 56632849 | State: EpisodeState.COMPLETED | Created: 2026-09-28 09:46:06 | Elo: 2172.6
[2026-09-28 09:47:43] Ep 114632734 | Sub 56632849 | State: EpisodeState.COMPLETED | Created: 2026-09-28 09:42:09 | Elo: 2172.6
[2026-09-28 09:49:55] Ep 114634030 | Sub 56632849 | State: EpisodeState.COMPLETED | Created: 2026-09-28 09:46:06 | Elo: 2163.0
[2026-09-28 09:50:00] Ep 114634428 | Sub 56631659 | State: EpisodeState.COMPLETED | Created: 2026-09-28 09:46:07 | Elo: 1909.0
[2026-09-28 09:54:24] Ep 114635681 | Sub 56631659 | State: EpisodeState.COMPLETED | Created: 2026-09-28 09:50:05 | Elo: 1895.2
[2026-09-28 09:54:24] Ep 114634220 | Sub 56631659 | State: EpisodeState.COMPLETED | Created: 2026-09-28 09:46:06 | Elo: 1895.2
[2026-09-28 09:56:31] Ep 114635594 | Sub 56632849 | State: EpisodeState.COMPLETED | Created: 2026-09-28 09:50:05 | Elo: 2161.0
[2026-09-28 09:56:31] Ep 114636088 | Sub 56632849 | State: EpisodeState.COMPLETED | Created: 2026-09-28 09:50:05 | Elo: 2161.0
[2026-09-28 09:58:43] Ep 114637007 | Sub 56632849 | State: EpisodeState.COMPLETED | Created: 2026-09-28 09:54:01 | Elo: 2154.5
[2026-09-28 10:00:55] Ep 114638518 | Sub 56632849 | State: EpisodeState.COMPLETED | Created: 2026-09-28 09:58:10 | Elo: 2162.4
[2026-09-28 10:01:00] Ep 114637197 | Sub 56631659 | State: EpisodeState.COMPLETED | Created: 2026-09-28 09:54:02 | Elo: 1902.4
[2026-09-28 10:03:12] Ep 114638669 | Sub 56631659 | State: EpisodeState.COMPLETED | Created: 2026-09-28 09:58:11 | Elo: 1897.6
[2026-09-28 10:05:18] Ep 114639998 | Sub 56632849 | State: EpisodeState.COMPLETED | Created: 2026-09-28 10:02:07 | Elo: 2168.7
[2026-09-28 10:07:36] Ep 114640159 | Sub 56631659 | State: EpisodeState.COMPLETED | Created: 2026-09-28 10:02:07 | Elo: 1892.1
[2026-09-28 10:09:43] Ep 114641471 | Sub 56632849 | State: EpisodeState.COMPLETED | Created: 2026-09-28 10:06:05 | Elo: 2177.2
[2026-09-28 10:09:47] Ep 114641630 | Sub 56631659 | State: EpisodeState.COMPLETED | Created: 2026-09-28 10:06:05 | Elo: 1899.5
[2026-09-28 10:14:07] Ep 114642951 | Sub 56632849 | State: EpisodeState.COMPLETED | Created: 2026-09-28 10:10:05 | Elo: 2170.9
[2026-09-28 10:16:22] Ep 114643122 | Sub 56631659 | State: EpisodeState.COMPLETED | Created: 2026-09-28 10:10:06 | Elo: 1895.1
[2026-09-28 10:18:35] Ep 114644595 | Sub 56631659 | State: EpisodeState.COMPLETED | Created: 2026-09-28 10:14:02 | Elo: 1896.3
[2026-09-28 10:18:35] Ep 114644880 | Sub 56631659 | State: EpisodeState.COMPLETED | Created: 2026-09-28 10:14:02 | Elo: 1896.3
[2026-09-28 10:20:41] Ep 114645893 | Sub 56632849 | State: EpisodeState.COMPLETED | Created: 2026-09-28 10:18:01 | Elo: 2183.4
[2026-09-28 10:20:41] Ep 114644436 | Sub 56632849 | State: EpisodeState.COMPLETED | Created: 2026-09-28 10:14:01 | Elo: 2183.4
[2026-09-28 10:22:57] Ep 114646096 | Sub 56631659 | State: EpisodeState.COMPLETED | Created: 2026-09-28 10:18:01 | Elo: 1904.0
[2026-09-28 10:27:14] Ep 114647371 | Sub 56632849 | State: EpisodeState.COMPLETED | Created: 2026-09-28 10:22:03 | Elo: 2190.3
[2026-09-28 10:27:19] Ep 114647544 | Sub 56631659 | State: EpisodeState.COMPLETED | Created: 2026-09-28 10:22:03 | Elo: 1898.0
[2026-09-28 10:29:31] Ep 114648999 | Sub 56631659 | State: EpisodeState.COMPLETED | Created: 2026-09-28 10:26:04 | Elo: 1903.1
[2026-09-28 10:31:37] Ep 114648813 | Sub 56632849 | State: EpisodeState.COMPLETED | Created: 2026-09-28 10:26:04 | Elo: 2198.1
[2026-09-28 10:36:00] Ep 114650277 | Sub 56632849 | State: EpisodeState.COMPLETED | Created: 2026-09-28 10:30:01 | Elo: 2203.2
[2026-09-28 10:36:05] Ep 114650603 | Sub 56631659 | State: EpisodeState.COMPLETED | Created: 2026-09-28 10:30:02 | Elo: 1897.5
[2026-09-28 10:38:12] Ep 114651747 | Sub 56632849 | State: EpisodeState.COMPLETED | Created: 2026-09-28 10:34:01 | Elo: 2190.7
[2026-09-28 10:38:12] Ep 114651950 | Sub 56632849 | State: EpisodeState.COMPLETED | Created: 2026-09-28 10:34:01 | Elo: 2190.7
[2026-09-28 10:38:17] Ep 114651936 | Sub 56631659 | State: EpisodeState.COMPLETED | Created: 2026-09-28 10:34:01 | Elo: 1892.4
[2026-09-28 10:42:39] Ep 114653420 | Sub 56631659 | State: EpisodeState.COMPLETED | Created: 2026-09-28 10:38:02 | Elo: 1888.1
[2026-09-28 10:44:46] Ep 114653237 | Sub 56632849 | State: EpisodeState.COMPLETED | Created: 2026-09-28 10:38:01 | Elo: 2196.0
[2026-09-28 10:44:51] Ep 114655036 | Sub 56631659 | State: EpisodeState.COMPLETED | Created: 2026-09-28 10:42:02 | Elo: 1891.5
[2026-09-28 10:46:58] Ep 114654538 | Sub 56632849 | State: EpisodeState.COMPLETED | Created: 2026-09-28 10:42:01 | Elo: 2193.2
[2026-09-28 10:46:58] Ep 114654422 | Sub 56632849 | State: EpisodeState.COMPLETED | Created: 2026-09-28 10:42:01 | Elo: 2193.2
[2026-09-28 10:49:16] Ep 114656358 | Sub 56631659 | State: EpisodeState.COMPLETED | Created: 2026-09-28 10:46:04 | Elo: 1897.5
[2026-09-28 10:51:23] Ep 114656195 | Sub 56632849 | State: EpisodeState.COMPLETED | Created: 2026-09-28 10:46:04 | Elo: 2200.0
[2026-09-28 10:55:47] Ep 114657675 | Sub 56632849 | State: EpisodeState.COMPLETED | Created: 2026-09-28 10:50:02 | Elo: 2205.3
[2026-09-28 10:55:51] Ep 114657833 | Sub 56631659 | State: EpisodeState.COMPLETED | Created: 2026-09-28 10:50:03 | Elo: 1893.6
[2026-09-28 10:57:57] Ep 114659137 | Sub 56632849 | State: EpisodeState.COMPLETED | Created: 2026-09-28 10:54:02 | Elo: 2211.2
[2026-09-28 10:58:03] Ep 114659294 | Sub 56631659 | State: EpisodeState.COMPLETED | Created: 2026-09-28 10:54:02 | Elo: 1899.6
[2026-09-28 11:02:22] Ep 114660608 | Sub 56632849 | State: EpisodeState.COMPLETED | Created: 2026-09-28 10:58:03 | Elo: 2205.6
[2026-09-28 11:04:33] Ep 114660602 | Sub 56632849 | State: EpisodeState.COMPLETED | Created: 2026-09-28 10:58:03 | Elo: 2198.0
[2026-09-28 11:06:49] Ep 114662478 | Sub 56631659 | State: EpisodeState.COMPLETED | Created: 2026-09-28 11:02:03 | Elo: 1895.5
[2026-09-28 11:08:56] Ep 114663563 | Sub 56632849 | State: EpisodeState.COMPLETED | Created: 2026-09-28 11:06:07 | Elo: 2206.7
[2026-09-28 11:08:56] Ep 114662074 | Sub 56632849 | State: EpisodeState.COMPLETED | Created: 2026-09-28 11:02:02 | Elo: 2206.7
[2026-09-28 11:11:14] Ep 114663072 | Sub 56631659 | State: EpisodeState.COMPLETED | Created: 2026-09-28 11:06:06 | Elo: 1900.0
[2026-09-28 11:13:21] Ep 114664430 | Sub 56632849 | State: EpisodeState.COMPLETED | Created: 2026-09-28 11:10:02 | Elo: 2219.3
[2026-09-28 11:13:21] Ep 114665044 | Sub 56632849 | State: EpisodeState.COMPLETED | Created: 2026-09-28 11:10:03 | Elo: 2219.3
[2026-09-28 11:17:44] Ep 114666540 | Sub 56632849 | State: EpisodeState.COMPLETED | Created: 2026-09-28 11:14:02 | Elo: 2223.7
[2026-09-28 11:24:20] Ep 114668022 | Sub 56632849 | State: EpisodeState.COMPLETED | Created: 2026-09-28 11:18:02 | Elo: 2218.3
[2026-09-28 11:26:31] Ep 114669480 | Sub 56632849 | State: EpisodeState.COMPLETED | Created: 2026-09-28 11:22:02 | Elo: 2214.0
[2026-09-28 11:31:00] Ep 114670849 | Sub 56631659 | State: EpisodeState.COMPLETED | Created: 2026-09-28 11:26:05 | Elo: 1896.1
[2026-09-28 11:33:07] Ep 114670951 | Sub 56632849 | State: EpisodeState.COMPLETED | Created: 2026-09-28 11:26:06 | Elo: 2208.5
[2026-09-28 11:35:17] Ep 114672432 | Sub 56632849 | State: EpisodeState.COMPLETED | Created: 2026-09-28 11:30:03 | Elo: 2202.5
[2026-09-28 11:39:41] Ep 114673932 | Sub 56632849 | State: EpisodeState.COMPLETED | Created: 2026-09-28 11:34:03 | Elo: 2206.7
[2026-09-28 11:44:03] Ep 114675391 | Sub 56632849 | State: EpisodeState.COMPLETED | Created: 2026-09-28 11:38:04 | Elo: 2210.5
[2026-09-28 11:50:39] Ep 114678074 | Sub 56632849 | State: EpisodeState.COMPLETED | Created: 2026-09-28 11:46:07 | Elo: 2206.5
[2026-09-28 11:59:29] Ep 114681210 | Sub 56631659 | State: EpisodeState.COMPLETED | Created: 2026-09-28 11:54:02 | Elo: 1892.7
[2026-09-28 12:14:48] Ep 114687006 | Sub 56632849 | State: EpisodeState.COMPLETED | Created: 2026-09-28 12:10:02 | Elo: 2211.0
[2026-09-28 12:14:53] Ep 114687293 | Sub 56631659 | State: EpisodeState.COMPLETED | Created: 2026-09-28 12:10:03 | Elo: 1887.4
[2026-09-28 12:25:45] Ep 114690967 | Sub 56632849 | State: EpisodeState.COMPLETED | Created: 2026-09-28 12:22:02 | Elo: 2207.7
[2026-09-28 12:30:08] Ep 114692966 | Sub 56632849 | State: EpisodeState.COMPLETED | Created: 2026-09-28 12:26:16 | Elo: 2203.9
[2026-09-28 12:32:25] Ep 114694545 | Sub 56631659 | State: EpisodeState.COMPLETED | Created: 2026-09-28 12:30:02 | Elo: 1891.5
[2026-09-28 12:41:12] Ep 114697527 | Sub 56631659 | State: EpisodeState.COMPLETED | Created: 2026-09-28 12:38:03 | Elo: 1896.9
[2026-09-28 12:54:15] Ep 114701724 | Sub 56632849 | State: EpisodeState.COMPLETED | Created: 2026-09-28 12:50:03 | Elo: 2209.3
[2026-09-28 12:56:32] Ep 114700950 | Sub 56631659 | State: EpisodeState.COMPLETED | Created: 2026-09-28 12:50:01 | Elo: 1900.8
[2026-09-28 13:14:05] Ep 114708618 | Sub 56631659 | State: EpisodeState.COMPLETED | Created: 2026-09-28 13:10:09 | Elo: 1897.0
[2026-09-28 13:31:36] Ep 114714633 | Sub 56632849 | State: EpisodeState.COMPLETED | Created: 2026-09-28 13:26:17 | Elo: 2205.5
[2026-09-28 13:36:05] Ep 114717346 | Sub 56631659 | State: EpisodeState.COMPLETED | Created: 2026-09-28 13:34:02 | Elo: 1893.0
[2026-09-28 13:42:40] Ep 114719030 | Sub 56631659 | State: EpisodeState.COMPLETED | Created: 2026-09-28 13:38:02 | Elo: 1888.4
[2026-09-28 13:49:10] Ep 114721160 | Sub 56642568 | State: EpisodeState.COMPLETED | Created: 2026-09-28 13:44:13 | Elo: 600.0
[2026-09-28 13:53:32] Ep 114723105 | Sub 56642568 | State: EpisodeState.COMPLETED | Created: 2026-09-28 13:50:02 | Elo: 690.8
[2026-09-28 13:57:56] Ep 114724551 | Sub 56642568 | State: EpisodeState.COMPLETED | Created: 2026-09-28 13:54:14 | Elo: 836.2
[2026-09-28 14:02:19] Ep 114725974 | Sub 56642568 | State: EpisodeState.COMPLETED | Created: 2026-09-28 13:58:09 | Elo: 961.2
[2026-09-28 14:08:53] Ep 114727400 | Sub 56642568 | State: EpisodeState.COMPLETED | Created: 2026-09-28 14:02:13 | Elo: 1041.1
[2026-09-28 14:11:11] Ep 114729719 | Sub 56632849 | State: EpisodeState.COMPLETED | Created: 2026-09-28 14:06:09 | Elo: 2210.3
[2026-09-28 14:13:17] Ep 114730299 | Sub 56642568 | State: EpisodeState.COMPLETED | Created: 2026-09-28 14:10:02 | Elo: 1177.9
[2026-09-28 14:13:17] Ep 114728857 | Sub 56642568 | State: EpisodeState.COMPLETED | Created: 2026-09-28 14:06:07 | Elo: 1177.9
[2026-09-28 14:19:50] Ep 114731743 | Sub 56642568 | State: EpisodeState.COMPLETED | Created: 2026-09-28 14:14:04 | Elo: 1273.1
[2026-09-28 14:24:14] Ep 114734648 | Sub 56642568 | State: EpisodeState.COMPLETED | Created: 2026-09-28 14:22:01 | Elo: 1440.2
[2026-09-28 14:24:14] Ep 114733196 | Sub 56642568 | State: EpisodeState.COMPLETED | Created: 2026-09-28 14:18:01 | Elo: 1440.2
[2026-09-28 14:28:37] Ep 114736098 | Sub 56642568 | State: EpisodeState.COMPLETED | Created: 2026-09-28 14:26:10 | Elo: 1590.7
[2026-09-28 14:30:53] Ep 114736812 | Sub 56632849 | State: EpisodeState.COMPLETED | Created: 2026-09-28 14:26:11 | Elo: 2206.6
[2026-09-28 14:33:01] Ep 114737540 | Sub 56642568 | State: EpisodeState.COMPLETED | Created: 2026-09-28 14:30:03 | Elo: 1689.5
[2026-09-28 14:39:36] Ep 114738999 | Sub 56642568 | State: EpisodeState.COMPLETED | Created: 2026-09-28 14:34:02 | Elo: 1833.1
[2026-09-28 14:41:48] Ep 114740467 | Sub 56642568 | State: EpisodeState.COMPLETED | Created: 2026-09-28 14:38:10 | Elo: 1886.3
[2026-09-28 14:46:12] Ep 114741932 | Sub 56642568 | State: EpisodeState.COMPLETED | Created: 2026-09-28 14:42:03 | Elo: 1758.4
[2026-09-28 14:48:29] Ep 114742244 | Sub 56632849 | State: EpisodeState.COMPLETED | Created: 2026-09-28 14:42:03 | Elo: 2203.9
[2026-09-28 14:50:36] Ep 114743415 | Sub 56642568 | State: EpisodeState.COMPLETED | Created: 2026-09-28 14:46:05 | Elo: 1851.6
[2026-09-28 14:54:59] Ep 114744893 | Sub 56642568 | State: EpisodeState.COMPLETED | Created: 2026-09-28 14:50:02 | Elo: 1742.6
[2026-09-28 15:01:33] Ep 114747898 | Sub 56642568 | State: EpisodeState.COMPLETED | Created: 2026-09-28 14:58:00 | Elo: 1666.8
[2026-09-28 15:01:33] Ep 114746388 | Sub 56642568 | State: EpisodeState.COMPLETED | Created: 2026-09-28 14:54:01 | Elo: 1666.8
[2026-09-28 15:05:57] Ep 114749661 | Sub 56642568 | State: EpisodeState.COMPLETED | Created: 2026-09-28 15:02:03 | Elo: 1804.5
[2026-09-28 15:12:34] Ep 114750980 | Sub 56642568 | State: EpisodeState.COMPLETED | Created: 2026-09-28 15:06:18 | Elo: 1842.0
[2026-09-28 15:14:46] Ep 114752446 | Sub 56642568 | State: EpisodeState.COMPLETED | Created: 2026-09-28 15:10:03 | Elo: 1872.0
[2026-09-28 15:19:09] Ep 114753932 | Sub 56642568 | State: EpisodeState.COMPLETED | Created: 2026-09-28 15:14:02 | Elo: 1904.9
[2026-09-28 15:19:15] Ep 114753687 | Sub 56632849 | State: EpisodeState.COMPLETED | Created: 2026-09-28 15:14:01 | Elo: 2207.0
[2026-09-28 15:23:35] Ep 114755420 | Sub 56642568 | State: EpisodeState.COMPLETED | Created: 2026-09-28 15:18:02 | Elo: 1927.9
[2026-09-28 15:27:58] Ep 114758376 | Sub 56642568 | State: EpisodeState.COMPLETED | Created: 2026-09-28 15:26:11 | Elo: 1972.0
[2026-09-28 15:27:58] Ep 114756780 | Sub 56642568 | State: EpisodeState.COMPLETED | Created: 2026-09-28 15:22:08 | Elo: 1972.0
[2026-09-28 15:28:03] Ep 114757181 | Sub 56632849 | State: EpisodeState.COMPLETED | Created: 2026-09-28 15:22:09 | Elo: 2202.1
[2026-09-28 15:30:15] Ep 114757000 | Sub 56632849 | State: EpisodeState.COMPLETED | Created: 2026-09-28 15:22:08 | Elo: 2198.5
[2026-09-28 15:34:33] Ep 114759878 | Sub 56642568 | State: EpisodeState.COMPLETED | Created: 2026-09-28 15:30:03 | Elo: 1954.3
[2026-09-28 15:38:58] Ep 114762025 | Sub 56642568 | State: EpisodeState.COMPLETED | Created: 2026-09-28 15:34:08 | Elo: 1975.6
[2026-09-28 15:41:09] Ep 114762963 | Sub 56642568 | State: EpisodeState.COMPLETED | Created: 2026-09-28 15:38:20 | Elo: 1975.6
[2026-09-28 15:45:34] Ep 114764339 | Sub 56642568 | State: EpisodeState.COMPLETED | Created: 2026-09-28 15:42:07 | Elo: 2017.9
[2026-09-28 15:49:58] Ep 114765887 | Sub 56642568 | State: EpisodeState.COMPLETED | Created: 2026-09-28 15:46:43 | Elo: 2045.8
[2026-09-28 15:49:58] Ep 114766148 | Sub 56642568 | State: EpisodeState.COMPLETED | Created: 2026-09-28 15:46:44 | Elo: 2045.8
[2026-09-28 15:56:33] Ep 114767349 | Sub 56642568 | State: EpisodeState.COMPLETED | Created: 2026-09-28 15:50:21 | Elo: 2069.1
[2026-09-28 15:56:33] Ep 114767915 | Sub 56642568 | State: EpisodeState.COMPLETED | Created: 2026-09-28 15:50:21 | Elo: 2069.1
[2026-09-28 15:58:44] Ep 114768743 | Sub 56642568 | State: EpisodeState.COMPLETED | Created: 2026-09-28 15:54:11 | Elo: 2080.6
[2026-09-28 16:00:56] Ep 114770291 | Sub 56642568 | State: EpisodeState.COMPLETED | Created: 2026-09-28 15:58:07 | Elo: 2093.3
[2026-09-28 16:01:02] Ep 114770500 | Sub 56632849 | State: EpisodeState.COMPLETED | Created: 2026-09-28 15:58:08 | Elo: 2198.5
[2026-09-28 16:05:21] Ep 114771459 | Sub 56642568 | State: EpisodeState.COMPLETED | Created: 2026-09-28 16:02:06 | Elo: 2083.2
[2026-09-28 16:07:33] Ep 114771824 | Sub 56642568 | State: EpisodeState.COMPLETED | Created: 2026-09-28 16:02:06 | Elo: 2102.3
[2026-09-28 16:09:45] Ep 114773297 | Sub 56642568 | State: EpisodeState.COMPLETED | Created: 2026-09-28 16:06:08 | Elo: 2120.2
[2026-09-28 16:14:11] Ep 114775152 | Sub 56642568 | State: EpisodeState.COMPLETED | Created: 2026-09-28 16:10:17 | Elo: 2131.5
[2026-09-28 16:18:35] Ep 114776268 | Sub 56642568 | State: EpisodeState.COMPLETED | Created: 2026-09-28 16:14:09 | Elo: 2143.1
[2026-09-28 16:20:48] Ep 114776324 | Sub 56642568 | State: EpisodeState.COMPLETED | Created: 2026-09-28 16:14:09 | Elo: 2156.5
[2026-09-28 16:23:01] Ep 114777648 | Sub 56642568 | State: EpisodeState.COMPLETED | Created: 2026-09-28 16:18:03 | Elo: 2141.0
[2026-09-28 16:27:25] Ep 114779258 | Sub 56642568 | State: EpisodeState.COMPLETED | Created: 2026-09-28 16:22:10 | Elo: 2149.6
[2026-09-28 16:29:36] Ep 114780488 | Sub 56642568 | State: EpisodeState.COMPLETED | Created: 2026-09-28 16:26:09 | Elo: 2140.0
[2026-09-28 16:34:00] Ep 114782107 | Sub 56642568 | State: EpisodeState.COMPLETED | Created: 2026-09-28 16:30:03 | Elo: 2150.8
[2026-09-28 16:38:29] Ep 114783581 | Sub 56632849 | State: EpisodeState.COMPLETED | Created: 2026-09-28 16:34:03 | Elo: 2202.2
[2026-09-28 16:38:29] Ep 114783280 | Sub 56632849 | State: EpisodeState.COMPLETED | Created: 2026-09-28 16:34:02 | Elo: 2202.2
[2026-09-28 16:40:36] Ep 114784879 | Sub 56642568 | State: EpisodeState.COMPLETED | Created: 2026-09-28 16:38:03 | Elo: 2157.9
[2026-09-28 16:40:36] Ep 114783576 | Sub 56642568 | State: EpisodeState.COMPLETED | Created: 2026-09-28 16:34:03 | Elo: 2157.9
[2026-09-28 16:47:12] Ep 114786537 | Sub 56642568 | State: EpisodeState.COMPLETED | Created: 2026-09-28 16:42:03 | Elo: 2159.6
[2026-09-28 16:49:24] Ep 114788099 | Sub 56642568 | State: EpisodeState.COMPLETED | Created: 2026-09-28 16:46:23 | Elo: 2168.1
[2026-09-28 16:53:50] Ep 114789472 | Sub 56642568 | State: EpisodeState.COMPLETED | Created: 2026-09-28 16:50:03 | Elo: 2159.6
[2026-09-28 16:56:02] Ep 114790960 | Sub 56642568 | State: EpisodeState.COMPLETED | Created: 2026-09-28 16:54:08 | Elo: 2167.7
[2026-09-28 17:02:40] Ep 114792427 | Sub 56642568 | State: EpisodeState.COMPLETED | Created: 2026-09-28 16:58:03 | Elo: 2174.2
[2026-09-28 17:04:58] Ep 114793616 | Sub 56632849 | State: EpisodeState.COMPLETED | Created: 2026-09-28 17:02:04 | Elo: 2205.1
[2026-09-28 17:07:06] Ep 114793931 | Sub 56642568 | State: EpisodeState.COMPLETED | Created: 2026-09-28 17:02:04 | Elo: 2182.3
[2026-09-28 17:09:18] Ep 114795202 | Sub 56642568 | State: EpisodeState.COMPLETED | Created: 2026-09-28 17:06:16 | Elo: 2177.1
[2026-09-28 17:11:37] Ep 114795516 | Sub 56632849 | State: EpisodeState.COMPLETED | Created: 2026-09-28 17:06:17 | Elo: 2208.9
[2026-09-28 17:15:56] Ep 114796775 | Sub 56642568 | State: EpisodeState.COMPLETED | Created: 2026-09-28 17:10:09 | Elo: 2183.0
[2026-09-28 17:18:07] Ep 114798076 | Sub 56642568 | State: EpisodeState.COMPLETED | Created: 2026-09-28 17:14:08 | Elo: 2188.7
[2026-09-28 17:22:32] Ep 114799803 | Sub 56642568 | State: EpisodeState.COMPLETED | Created: 2026-09-28 17:18:04 | Elo: 2195.6
[2026-09-28 17:26:57] Ep 114801287 | Sub 56642568 | State: EpisodeState.COMPLETED | Created: 2026-09-28 17:22:12 | Elo: 2200.2
[2026-09-28 17:33:35] Ep 114802841 | Sub 56642568 | State: EpisodeState.COMPLETED | Created: 2026-09-28 17:30:12 | Elo: 2195.0
[2026-09-28 17:38:00] Ep 114804305 | Sub 56642568 | State: EpisodeState.COMPLETED | Created: 2026-09-28 17:33:55 | Elo: 2187.5
[2026-09-28 17:42:25] Ep 114805769 | Sub 56642568 | State: EpisodeState.COMPLETED | Created: 2026-09-28 17:37:58 | Elo: 2194.4
[2026-09-28 17:42:29] Ep 114805472 | Sub 56632849 | State: EpisodeState.COMPLETED | Created: 2026-09-28 17:37:57 | Elo: 2204.2
[2026-09-28 17:46:49] Ep 114807324 | Sub 56642568 | State: EpisodeState.COMPLETED | Created: 2026-09-28 17:41:55 | Elo: 2199.7
[2026-09-28 17:49:00] Ep 114808742 | Sub 56642568 | State: EpisodeState.COMPLETED | Created: 2026-09-28 17:45:54 | Elo: 2194.1
[2026-09-28 17:53:24] Ep 114809693 | Sub 56642568 | State: EpisodeState.COMPLETED | Created: 2026-09-28 17:49:58 | Elo: 2188.0
[2026-09-28 17:57:48] Ep 114811734 | Sub 56642568 | State: EpisodeState.COMPLETED | Created: 2026-09-28 17:53:54 | Elo: 2183.8
[2026-09-28 18:00:01] Ep 114811477 | Sub 56642568 | State: EpisodeState.COMPLETED | Created: 2026-09-28 17:53:54 | Elo: 2178.9
[2026-09-28 18:02:15] Ep 114813077 | Sub 56642568 | State: EpisodeState.COMPLETED | Created: 2026-09-28 17:57:55 | Elo: 2183.7
[2026-09-28 18:06:41] Ep 114814489 | Sub 56642568 | State: EpisodeState.COMPLETED | Created: 2026-09-28 18:01:57 | Elo: 2188.4
[2026-09-28 18:13:17] Ep 114816062 | Sub 56642568 | State: EpisodeState.COMPLETED | Created: 2026-09-28 18:05:55 | Elo: 2192.5
[2026-09-28 18:17:41] Ep 114817517 | Sub 56642568 | State: EpisodeState.COMPLETED | Created: 2026-09-28 18:09:57 | Elo: 2185.3
[2026-09-28 18:19:52] Ep 114820432 | Sub 56642568 | State: EpisodeState.COMPLETED | Created: 2026-09-28 18:17:56 | Elo: 2189.6
[2026-09-28 18:22:05] Ep 114820461 | Sub 56642568 | State: EpisodeState.COMPLETED | Created: 2026-09-28 18:17:56 | Elo: 2197.7
[2026-09-28 18:22:05] Ep 114819003 | Sub 56642568 | State: EpisodeState.COMPLETED | Created: 2026-09-28 18:13:59 | Elo: 2197.7
[2026-09-28 18:26:31] Ep 114821949 | Sub 56642568 | State: EpisodeState.COMPLETED | Created: 2026-09-28 18:21:54 | Elo: 2203.7
[2026-09-28 18:26:36] Ep 114822037 | Sub 56632849 | State: EpisodeState.COMPLETED | Created: 2026-09-28 18:21:54 | Elo: 2202.4
[2026-09-28 18:26:36] Ep 114821377 | Sub 56632849 | State: EpisodeState.COMPLETED | Created: 2026-09-28 18:21:53 | Elo: 2202.4
[2026-09-28 18:37:31] Ep 114824979 | Sub 56642568 | State: EpisodeState.COMPLETED | Created: 2026-09-28 18:30:02 | Elo: 2209.3
[2026-09-28 18:39:42] Ep 114826485 | Sub 56642568 | State: EpisodeState.COMPLETED | Created: 2026-09-28 18:33:54 | Elo: 2214.2
[2026-09-28 19:01:48] Ep 114835324 | Sub 56632849 | State: EpisodeState.COMPLETED | Created: 2026-09-28 18:57:55 | Elo: 2197.1
[2026-09-28 19:04:01] Ep 114836463 | Sub 56632849 | State: EpisodeState.COMPLETED | Created: 2026-09-28 19:01:55 | Elo: 2197.9
[2026-09-28 19:04:01] Ep 114834784 | Sub 56632849 | State: EpisodeState.COMPLETED | Created: 2026-09-28 18:57:54 | Elo: 2197.9
[2026-09-28 19:06:14] Ep 114835917 | Sub 56632849 | State: EpisodeState.COMPLETED | Created: 2026-09-28 19:01:54 | Elo: 2191.3
[2026-09-28 19:06:14] Ep 114836254 | Sub 56632849 | State: EpisodeState.COMPLETED | Created: 2026-09-28 19:01:55 | Elo: 2191.3
[2026-09-28 19:08:21] Ep 114838198 | Sub 56642568 | State: EpisodeState.COMPLETED | Created: 2026-09-28 19:05:57 | Elo: 2219.0
[2026-09-28 19:28:08] Ep 114842730 | Sub 56650452 | State: EpisodeState.COMPLETED | Created: 2026-09-28 19:21:10 | Elo: 600.0
[2026-09-28 19:34:44] Ep 114846019 | Sub 56650452 | State: EpisodeState.COMPLETED | Created: 2026-09-28 19:29:55 | Elo: 700.8
[2026-09-28 19:36:56] Ep 114847447 | Sub 56650452 | State: EpisodeState.COMPLETED | Created: 2026-09-28 19:34:00 | Elo: 873.9
[2026-09-28 19:39:13] Ep 114848369 | Sub 56642568 | State: EpisodeState.COMPLETED | Created: 2026-09-28 19:34:02 | Elo: 2224.6
[2026-09-28 19:41:21] Ep 114848879 | Sub 56650452 | State: EpisodeState.COMPLETED | Created: 2026-09-28 19:37:56 | Elo: 1017.2
[2026-09-28 19:45:45] Ep 114850328 | Sub 56650452 | State: EpisodeState.COMPLETED | Created: 2026-09-28 19:41:58 | Elo: 1129.8
[2026-09-28 19:50:10] Ep 114851774 | Sub 56650452 | State: EpisodeState.COMPLETED | Created: 2026-09-28 19:45:53 | Elo: 1248.3
[2026-09-28 19:54:36] Ep 114853225 | Sub 56650452 | State: EpisodeState.COMPLETED | Created: 2026-09-28 19:49:58 | Elo: 1381.9
[2026-09-28 19:58:59] Ep 114854694 | Sub 56650452 | State: EpisodeState.COMPLETED | Created: 2026-09-28 19:53:59 | Elo: 1478.8
[2026-09-28 20:03:27] Ep 114856427 | Sub 56642568 | State: EpisodeState.COMPLETED | Created: 2026-09-28 20:00:20 | Elo: 2229.0
[2026-09-28 20:05:41] Ep 114857187 | Sub 56642568 | State: EpisodeState.COMPLETED | Created: 2026-09-28 20:00:21 | Elo: 2232.8
[2026-09-28 20:07:49] Ep 114857598 | Sub 56650452 | State: EpisodeState.COMPLETED | Created: 2026-09-28 20:03:58 | Elo: 1687.6
[2026-09-28 20:07:49] Ep 114856134 | Sub 56650452 | State: EpisodeState.COMPLETED | Created: 2026-09-28 20:00:20 | Elo: 1687.6
[2026-09-28 20:14:27] Ep 114859058 | Sub 56650452 | State: EpisodeState.COMPLETED | Created: 2026-09-28 20:08:01 | Elo: 1791.4
[2026-09-28 20:18:55] Ep 114860526 | Sub 56650452 | State: EpisodeState.COMPLETED | Created: 2026-09-28 20:12:35 | Elo: 1906.9
[2026-09-28 20:21:08] Ep 114861976 | Sub 56650452 | State: EpisodeState.COMPLETED | Created: 2026-09-28 20:16:08 | Elo: 1992.0
[2026-09-28 20:23:22] Ep 114863429 | Sub 56650452 | State: EpisodeState.COMPLETED | Created: 2026-09-28 20:20:07 | Elo: 2092.6
[2026-09-28 20:27:51] Ep 114866403 | Sub 56642568 | State: EpisodeState.COMPLETED | Created: 2026-09-28 20:24:33 | Elo: 2236.4
[2026-09-28 20:32:10] Ep 114865380 | Sub 56650452 | State: EpisodeState.COMPLETED | Created: 2026-09-28 20:24:30 | Elo: 2041.6
[2026-09-28 20:32:10] Ep 114867379 | Sub 56650452 | State: EpisodeState.COMPLETED | Created: 2026-09-28 20:28:08 | Elo: 2041.6
[2026-09-28 20:34:22] Ep 114868047 | Sub 56650452 | State: EpisodeState.COMPLETED | Created: 2026-09-28 20:28:10 | Elo: 2142.9
[2026-09-28 20:34:27] Ep 114869306 | Sub 56642568 | State: EpisodeState.COMPLETED | Created: 2026-09-28 20:32:10 | Elo: 2236.4
[2026-09-28 20:38:48] Ep 114867789 | Sub 56650452 | State: EpisodeState.COMPLETED | Created: 2026-09-28 20:28:09 | Elo: 2103.1
[2026-09-28 20:38:48] Ep 114868959 | Sub 56650452 | State: EpisodeState.COMPLETED | Created: 2026-09-28 20:32:09 | Elo: 2103.1
[2026-09-28 20:43:13] Ep 114870463 | Sub 56650452 | State: EpisodeState.COMPLETED | Created: 2026-09-28 20:36:08 | Elo: 2057.5
[2026-09-28 20:45:25] Ep 114871997 | Sub 56650452 | State: EpisodeState.COMPLETED | Created: 2026-09-28 20:40:08 | Elo: 2099.2
[2026-09-28 20:47:37] Ep 114873575 | Sub 56650452 | State: EpisodeState.COMPLETED | Created: 2026-09-28 20:44:14 | Elo: 2155.7
[2026-09-28 20:54:15] Ep 114875106 | Sub 56650452 | State: EpisodeState.COMPLETED | Created: 2026-09-28 20:48:10 | Elo: 2122.9
[2026-09-28 20:56:28] Ep 114876600 | Sub 56650452 | State: EpisodeState.COMPLETED | Created: 2026-09-28 20:52:17 | Elo: 2160.9
[2026-09-28 20:58:46] Ep 114877359 | Sub 56642568 | State: EpisodeState.COMPLETED | Created: 2026-09-28 20:52:19 | Elo: 2247.8
[2026-09-28 21:00:53] Ep 114878116 | Sub 56650452 | State: EpisodeState.COMPLETED | Created: 2026-09-28 20:56:10 | Elo: 2181.3
[2026-09-28 21:03:06] Ep 114879658 | Sub 56650452 | State: EpisodeState.COMPLETED | Created: 2026-09-28 21:00:13 | Elo: 2153.0
[2026-09-28 21:09:44] Ep 114881618 | Sub 56650452 | State: EpisodeState.COMPLETED | Created: 2026-09-28 21:04:10 | Elo: 2108.2
[2026-09-28 21:09:44] Ep 114880987 | Sub 56650452 | State: EpisodeState.COMPLETED | Created: 2026-09-28 21:04:09 | Elo: 2108.2
[2026-09-28 21:11:56] Ep 114882451 | Sub 56650452 | State: EpisodeState.COMPLETED | Created: 2026-09-28 21:08:08 | Elo: 2123.9
[2026-09-28 21:16:23] Ep 114884563 | Sub 56642568 | State: EpisodeState.COMPLETED | Created: 2026-09-28 21:12:09 | Elo: 2252.6
[2026-09-28 21:18:29] Ep 114883923 | Sub 56650452 | State: EpisodeState.COMPLETED | Created: 2026-09-28 21:12:08 | Elo: 2101.7
[2026-09-28 21:20:41] Ep 114885376 | Sub 56650452 | State: EpisodeState.COMPLETED | Created: 2026-09-28 21:16:08 | Elo: 2122.6
[2026-09-28 21:22:57] Ep 114885551 | Sub 56642568 | State: EpisodeState.COMPLETED | Created: 2026-09-28 21:16:08 | Elo: 2257.1
[2026-09-28 21:25:04] Ep 114886981 | Sub 56650452 | State: EpisodeState.COMPLETED | Created: 2026-09-28 21:20:10 | Elo: 2148.7
[2026-09-28 21:27:17] Ep 114888554 | Sub 56650452 | State: EpisodeState.COMPLETED | Created: 2026-09-28 21:24:11 | Elo: 2163.2
[2026-09-28 21:27:22] Ep 114889298 | Sub 56642568 | State: EpisodeState.COMPLETED | Created: 2026-09-28 21:24:12 | Elo: 2252.4
[2026-09-28 21:31:41] Ep 114890142 | Sub 56650452 | State: EpisodeState.COMPLETED | Created: 2026-09-28 21:28:09 | Elo: 2181.2
[2026-09-28 21:33:58] Ep 114889271 | Sub 56642568 | State: EpisodeState.COMPLETED | Created: 2026-09-28 21:24:12 | Elo: 2248.3
[2026-09-28 21:36:05] Ep 114891746 | Sub 56650452 | State: EpisodeState.COMPLETED | Created: 2026-09-28 21:32:09 | Elo: 2192.7
[2026-09-28 21:38:22] Ep 114892570 | Sub 56642568 | State: EpisodeState.COMPLETED | Created: 2026-09-28 21:32:10 | Elo: 2242.8
[2026-09-28 21:42:40] Ep 114894876 | Sub 56650452 | State: EpisodeState.COMPLETED | Created: 2026-09-28 21:40:09 | Elo: 2189.5
[2026-09-28 21:42:40] Ep 114893331 | Sub 56650452 | State: EpisodeState.COMPLETED | Created: 2026-09-28 21:36:08 | Elo: 2189.5
[2026-09-28 21:44:52] Ep 114895500 | Sub 56650452 | State: EpisodeState.COMPLETED | Created: 2026-09-28 21:40:10 | Elo: 2179.8
[2026-09-28 21:47:03] Ep 114896445 | Sub 56650452 | State: EpisodeState.COMPLETED | Created: 2026-09-28 21:44:28 | Elo: 2193.0
[2026-09-28 21:53:39] Ep 114898120 | Sub 56650452 | State: EpisodeState.COMPLETED | Created: 2026-09-28 21:48:09 | Elo: 2184.3
[2026-09-28 21:58:04] Ep 114899542 | Sub 56650452 | State: EpisodeState.COMPLETED | Created: 2026-09-28 21:52:08 | Elo: 2197.2
[2026-09-28 21:58:09] Ep 114900008 | Sub 56642568 | State: EpisodeState.COMPLETED | Created: 2026-09-28 21:52:09 | Elo: 2238.3
[2026-09-28 22:02:28] Ep 114901119 | Sub 56650452 | State: EpisodeState.COMPLETED | Created: 2026-09-28 21:58:06 | Elo: 2188.0
[2026-09-28 22:09:05] Ep 114902669 | Sub 56650452 | State: EpisodeState.COMPLETED | Created: 2026-09-28 22:01:49 | Elo: 2176.7
[2026-09-28 22:09:10] Ep 114904682 | Sub 56642568 | State: EpisodeState.COMPLETED | Created: 2026-09-28 22:05:50 | Elo: 2248.3
[2026-09-28 22:09:10] Ep 114903360 | Sub 56642568 | State: EpisodeState.COMPLETED | Created: 2026-09-28 22:01:51 | Elo: 2248.3
[2026-09-28 22:11:17] Ep 114904223 | Sub 56650452 | State: EpisodeState.COMPLETED | Created: 2026-09-28 22:05:49 | Elo: 2186.6
[2026-09-28 22:11:21] Ep 114904643 | Sub 56642568 | State: EpisodeState.COMPLETED | Created: 2026-09-28 22:05:50 | Elo: 2244.5
[2026-09-28 22:13:29] Ep 114905815 | Sub 56650452 | State: EpisodeState.COMPLETED | Created: 2026-09-28 22:09:50 | Elo: 2197.7
[2026-09-28 22:20:06] Ep 114907341 | Sub 56650452 | State: EpisodeState.COMPLETED | Created: 2026-09-28 22:14:16 | Elo: 2189.8
[2026-09-28 22:24:29] Ep 114909022 | Sub 56650452 | State: EpisodeState.COMPLETED | Created: 2026-09-28 22:18:15 | Elo: 2181.7
[2026-09-28 22:26:47] Ep 114911279 | Sub 56642568 | State: EpisodeState.COMPLETED | Created: 2026-09-28 22:22:13 | Elo: 2249.4
[2026-09-28 22:28:54] Ep 114912397 | Sub 56650452 | State: EpisodeState.COMPLETED | Created: 2026-09-28 22:26:15 | Elo: 2194.6
[2026-09-28 22:28:54] Ep 114910709 | Sub 56650452 | State: EpisodeState.COMPLETED | Created: 2026-09-28 22:22:12 | Elo: 2194.6
[2026-09-28 22:31:12] Ep 114912840 | Sub 56642568 | State: EpisodeState.COMPLETED | Created: 2026-09-28 22:26:16 | Elo: 2252.9
[2026-09-28 22:35:30] Ep 114913950 | Sub 56650452 | State: EpisodeState.COMPLETED | Created: 2026-09-28 22:30:14 | Elo: 2186.6
[2026-09-28 22:37:41] Ep 114915784 | Sub 56650452 | State: EpisodeState.COMPLETED | Created: 2026-09-28 22:34:13 | Elo: 2179.4
[2026-09-28 22:42:06] Ep 114917477 | Sub 56650452 | State: EpisodeState.COMPLETED | Created: 2026-09-28 22:38:14 | Elo: 2170.8
[2026-09-28 22:46:31] Ep 114919168 | Sub 56650452 | State: EpisodeState.COMPLETED | Created: 2026-09-28 22:42:12 | Elo: 2165.0
[2026-09-28 22:48:47] Ep 114919646 | Sub 56642568 | State: EpisodeState.COMPLETED | Created: 2026-09-28 22:42:13 | Elo: 2247.4
[2026-09-28 22:50:54] Ep 114920951 | Sub 56650452 | State: EpisodeState.COMPLETED | Created: 2026-09-28 22:46:18 | Elo: 2173.0
[2026-09-28 22:53:05] Ep 114922495 | Sub 56650452 | State: EpisodeState.COMPLETED | Created: 2026-09-28 22:50:11 | Elo: 2179.3
[2026-09-28 22:57:30] Ep 114923976 | Sub 56650452 | State: EpisodeState.COMPLETED | Created: 2026-09-28 22:54:11 | Elo: 2172.4
[2026-09-28 23:01:54] Ep 114925447 | Sub 56650452 | State: EpisodeState.COMPLETED | Created: 2026-09-28 22:58:13 | Elo: 2176.9
[2026-09-28 23:01:59] Ep 114925916 | Sub 56642568 | State: EpisodeState.COMPLETED | Created: 2026-09-28 22:58:14 | Elo: 2247.3
[2026-09-28 23:01:59] Ep 114925824 | Sub 56642568 | State: EpisodeState.COMPLETED | Created: 2026-09-28 22:58:14 | Elo: 2247.3
[2026-09-28 23:06:19] Ep 114926910 | Sub 56650452 | State: EpisodeState.COMPLETED | Created: 2026-09-28 23:02:11 | Elo: 2169.7
[2026-09-28 23:10:42] Ep 114928363 | Sub 56650452 | State: EpisodeState.COMPLETED | Created: 2026-09-28 23:06:11 | Elo: 2174.6
[2026-09-28 23:12:54] Ep 114929917 | Sub 56650452 | State: EpisodeState.COMPLETED | Created: 2026-09-28 23:10:11 | Elo: 2174.6
[2026-09-28 23:19:31] Ep 114931290 | Sub 56650452 | State: EpisodeState.COMPLETED | Created: 2026-09-28 23:14:10 | Elo: 2192.4
[2026-09-28 23:19:31] Ep 114931474 | Sub 56650452 | State: EpisodeState.COMPLETED | Created: 2026-09-28 23:14:11 | Elo: 2192.4
[2026-09-28 23:19:37] Ep 114931969 | Sub 56642568 | State: EpisodeState.COMPLETED | Created: 2026-09-28 23:14:11 | Elo: 2244.0
[2026-09-28 23:23:57] Ep 114933025 | Sub 56650452 | State: EpisodeState.COMPLETED | Created: 2026-09-28 23:18:12 | Elo: 2197.2
[2026-09-28 23:26:10] Ep 114934279 | Sub 56650452 | State: EpisodeState.COMPLETED | Created: 2026-09-28 23:22:11 | Elo: 2203.0
[2026-09-28 23:28:22] Ep 114932798 | Sub 56650452 | State: EpisodeState.COMPLETED | Created: 2026-09-28 23:18:12 | Elo: 2198.0
[2026-09-28 23:30:33] Ep 114936368 | Sub 56650452 | State: EpisodeState.COMPLETED | Created: 2026-09-28 23:26:11 | Elo: 2206.7
[2026-09-28 23:30:33] Ep 114936138 | Sub 56650452 | State: EpisodeState.COMPLETED | Created: 2026-09-28 23:26:11 | Elo: 2206.7
[2026-09-28 23:32:45] Ep 114937431 | Sub 56650452 | State: EpisodeState.COMPLETED | Created: 2026-09-28 23:30:12 | Elo: 2213.5
[2026-09-28 23:35:03] Ep 114938228 | Sub 56642568 | State: EpisodeState.COMPLETED | Created: 2026-09-28 23:30:14 | Elo: 2247.3
[2026-09-28 23:39:23] Ep 114939273 | Sub 56650452 | State: EpisodeState.COMPLETED | Created: 2026-09-28 23:34:11 | Elo: 2219.6
[2026-09-28 23:41:35] Ep 114940981 | Sub 56650452 | State: EpisodeState.COMPLETED | Created: 2026-09-28 23:38:19 | Elo: 2225.6
[2026-09-28 23:43:47] Ep 114941002 | Sub 56650452 | State: EpisodeState.COMPLETED | Created: 2026-09-28 23:38:19 | Elo: 2218.6
[2026-09-28 23:48:11] Ep 114942805 | Sub 56650452 | State: EpisodeState.COMPLETED | Created: 2026-09-28 23:42:20 | Elo: 2213.8
[2026-09-28 23:50:29] Ep 114945164 | Sub 56642568 | State: EpisodeState.COMPLETED | Created: 2026-09-28 23:46:22 | Elo: 2251.9
[2026-09-28 23:52:41] Ep 114946499 | Sub 56650452 | State: EpisodeState.COMPLETED | Created: 2026-09-28 23:50:24 | Elo: 2206.0
[2026-09-28 23:52:41] Ep 114944619 | Sub 56650452 | State: EpisodeState.COMPLETED | Created: 2026-09-28 23:46:22 | Elo: 2206.0
[2026-09-28 23:57:05] Ep 114948411 | Sub 56650452 | State: EpisodeState.COMPLETED | Created: 2026-09-28 23:54:25 | Elo: 2210.6
[2026-09-28 23:59:23] Ep 114944203 | Sub 56642568 | State: EpisodeState.COMPLETED | Created: 2026-09-28 23:46:21 | Elo: 2248.3
[2026-09-29 00:03:43] Ep 114950424 | Sub 56650452 | State: EpisodeState.COMPLETED | Created: 2026-09-28 23:58:26 | Elo: 2200.2
[2026-09-29 00:03:43] Ep 114949986 | Sub 56650452 | State: EpisodeState.COMPLETED | Created: 2026-09-28 23:58:25 | Elo: 2200.2
[2026-09-29 00:05:57] Ep 114952370 | Sub 56650452 | State: EpisodeState.COMPLETED | Created: 2026-09-29 00:02:23 | Elo: 2195.6
[2026-09-29 00:12:34] Ep 114954788 | Sub 56650452 | State: EpisodeState.COMPLETED | Created: 2026-09-29 00:06:22 | Elo: 2191.3
[2026-09-29 00:12:39] Ep 114954467 | Sub 56642568 | State: EpisodeState.COMPLETED | Created: 2026-09-29 00:06:21 | Elo: 2245.4
[2026-09-29 00:34:35] Ep 114966935 | Sub 56650452 | State: EpisodeState.COMPLETED | Created: 2026-09-29 00:30:24 | Elo: 2188.5
[2026-09-29 00:43:28] Ep 114964886 | Sub 56642568 | State: EpisodeState.COMPLETED | Created: 2026-09-29 00:26:21 | Elo: 2253.6
[2026-09-29 00:43:28] Ep 114964873 | Sub 56642568 | State: EpisodeState.COMPLETED | Created: 2026-09-29 00:26:21 | Elo: 2253.6
[2026-09-29 00:54:29] Ep 114977012 | Sub 56642568 | State: EpisodeState.COMPLETED | Created: 2026-09-29 00:50:21 | Elo: 2250.8
[2026-09-29 01:44:55] Ep 115002911 | Sub 56650452 | State: EpisodeState.COMPLETED | Created: 2026-09-29 01:42:22 | Elo: 2184.9
[2026-09-29 02:02:35] Ep 115009082 | Sub 56642568 | State: EpisodeState.COMPLETED | Created: 2026-09-29 01:58:44 | Elo: 2254.6
[2026-09-29 02:33:26] Ep 115021775 | Sub 56642568 | State: EpisodeState.COMPLETED | Created: 2026-09-29 02:26:47 | Elo: 2250.5
[2026-09-29 02:42:18] Ep 115026205 | Sub 56642568 | State: EpisodeState.COMPLETED | Created: 2026-09-29 02:38:42 | Elo: 2247.9
[2026-09-29 02:59:57] Ep 115034289 | Sub 56642568 | State: EpisodeState.COMPLETED | Created: 2026-09-29 02:54:53 | Elo: 2244.1
[2026-09-29 03:19:40] Ep 115042921 | Sub 56650452 | State: EpisodeState.COMPLETED | Created: 2026-09-29 03:14:48 | Elo: 2180.9
[2026-09-29 03:30:48] Ep 115047845 | Sub 56642568 | State: EpisodeState.COMPLETED | Created: 2026-09-29 03:26:43 | Elo: 2248.1
[2026-09-29 03:43:55] Ep 115052975 | Sub 56650452 | State: EpisodeState.COMPLETED | Created: 2026-09-29 03:38:42 | Elo: 2176.4
[2026-09-29 03:54:58] Ep 115057800 | Sub 56650452 | State: EpisodeState.COMPLETED | Created: 2026-09-29 03:50:43 | Elo: 2169.8
[2026-09-29 03:55:03] Ep 115057429 | Sub 56642568 | State: EpisodeState.COMPLETED | Created: 2026-09-29 03:50:42 | Elo: 2243.5
[2026-09-29 03:59:22] Ep 114978918 | Sub 56650452 | State: EpisodeState.COMPLETED | Created: 2026-09-29 00:54:21 | Elo: 2165.8
[2026-09-29 04:21:28] Ep 114980676 | Sub 56642568 | State: EpisodeState.COMPLETED | Created: 2026-09-29 00:58:25 | Elo: 2247.2
[2026-09-29 04:30:09] Ep 115071321 | Sub 56650452 | State: EpisodeState.COMPLETED | Created: 2026-09-29 04:22:44 | Elo: 2169.5
[2026-09-29 04:34:35] Ep 115074546 | Sub 56650452 | State: EpisodeState.COMPLETED | Created: 2026-09-29 04:30:46 | Elo: 2172.9
[2026-09-29 05:07:33] Ep 114985238 | Sub 56642568 | State: EpisodeState.COMPLETED | Created: 2026-09-29 01:06:26 | Elo: 2251.6
[2026-09-29 05:14:04] Ep 115091322 | Sub 56650452 | State: EpisodeState.COMPLETED | Created: 2026-09-29 05:10:44 | Elo: 2176.5
[2026-09-29 05:20:44] Ep 115094626 | Sub 56642568 | State: EpisodeState.COMPLETED | Created: 2026-09-29 05:18:44 | Elo: 2247.1
[2026-09-29 05:22:50] Ep 115094599 | Sub 56650452 | State: EpisodeState.COMPLETED | Created: 2026-09-29 05:18:43 | Elo: 2180.2
[2026-09-29 05:27:17] Ep 115096297 | Sub 56642568 | State: EpisodeState.COMPLETED | Created: 2026-09-29 05:22:51 | Elo: 2252.1
[2026-09-29 05:49:09] Ep 114991040 | Sub 56650452 | State: EpisodeState.COMPLETED | Created: 2026-09-29 01:18:34 | Elo: 2175.7
[2026-09-29 06:02:20] Ep 115110820 | Sub 56650452 | State: EpisodeState.COMPLETED | Created: 2026-09-29 05:58:43 | Elo: 2179.6
[2026-09-29 06:02:26] Ep 115108880 | Sub 56642568 | State: EpisodeState.COMPLETED | Created: 2026-09-29 05:54:46 | Elo: 2248.8
[2026-09-29 06:08:55] Ep 115112481 | Sub 56650452 | State: EpisodeState.COMPLETED | Created: 2026-09-29 06:02:45 | Elo: 2175.7
[2026-09-29 06:42:00] Ep 114997107 | Sub 56642568 | State: EpisodeState.COMPLETED | Created: 2026-09-29 01:30:23 | Elo: 2252.6
[2026-09-29 07:10:36] Ep 115137503 | Sub 56642568 | State: EpisodeState.COMPLETED | Created: 2026-09-29 07:07:10 | Elo: 2256.6
[2026-09-29 07:12:48] Ep 115137110 | Sub 56642568 | State: EpisodeState.COMPLETED | Created: 2026-09-29 07:07:10 | Elo: 2251.3
[2026-09-29 07:21:35] Ep 115139837 | Sub 56642568 | State: EpisodeState.COMPLETED | Created: 2026-09-29 07:15:22 | Elo: 2248.3
[2026-09-29 07:36:57] Ep 115014676 | Sub 56650452 | State: EpisodeState.COMPLETED | Created: 2026-09-29 02:10:49 | Elo: 2180.0
[2026-09-29 07:41:23] Ep 115017288 | Sub 56650452 | State: EpisodeState.COMPLETED | Created: 2026-09-29 02:18:44 | Elo: 2178.3
[2026-09-29 07:54:42] Ep 115030646 | Sub 56650452 | State: EpisodeState.COMPLETED | Created: 2026-09-29 02:46:48 | Elo: 2173.5
[2026-09-29 08:07:53] Ep 115130522 | Sub 56650452 | State: EpisodeState.ERRORED | Created: 2026-09-29 06:47:15 | Elo: 2173.5
[2026-09-29 08:07:59] Ep 115121903 | Sub 56642568 | State: EpisodeState.ERRORED | Created: 2026-09-29 06:26:43 | Elo: 2248.3
[2026-09-29 08:10:06] Ep 115111036 | Sub 56650452 | State: EpisodeState.ERRORED | Created: 2026-09-29 05:58:43 | Elo: 2173.5
[2026-09-29 08:10:11] Ep 115073325 | Sub 56642568 | State: EpisodeState.ERRORED | Created: 2026-09-29 04:26:45 | Elo: 2248.3
[2026-09-29 08:10:11] Ep 115089728 | Sub 56642568 | State: EpisodeState.ERRORED | Created: 2026-09-29 05:06:44 | Elo: 2248.3
[2026-09-29 08:10:11] Ep 115100322 | Sub 56642568 | State: EpisodeState.ERRORED | Created: 2026-09-29 05:34:48 | Elo: 2248.3
[2026-09-29 08:52:05] Ep 115152976 | Sub 56642568 | State: EpisodeState.COMPLETED | Created: 2026-09-29 08:47:12 | Elo: 2244.1
[2026-09-29 08:56:30] Ep 115154371 | Sub 56642568 | State: EpisodeState.COMPLETED | Created: 2026-09-29 08:51:12 | Elo: 2248.1
[2026-09-29 09:25:04] Ep 115164297 | Sub 56650452 | State: EpisodeState.COMPLETED | Created: 2026-09-29 09:19:24 | Elo: 2178.5
[2026-09-29 09:33:55] Ep 115165821 | Sub 56642568 | State: EpisodeState.COMPLETED | Created: 2026-09-29 09:27:20 | Elo: 2241.9
[2026-09-29 09:33:55] Ep 115167607 | Sub 56642568 | State: EpisodeState.COMPLETED | Created: 2026-09-29 09:31:17 | Elo: 2241.9
[2026-09-29 09:42:38] Ep 115168721 | Sub 56650452 | State: EpisodeState.COMPLETED | Created: 2026-09-29 09:35:24 | Elo: 2182.3
[2026-09-29 09:47:07] Ep 115171597 | Sub 56642568 | State: EpisodeState.COMPLETED | Created: 2026-09-29 09:43:17 | Elo: 2238.5
[2026-09-29 10:09:02] Ep 115178814 | Sub 56642568 | State: EpisodeState.COMPLETED | Created: 2026-09-29 10:03:10 | Elo: 2234.9
[2026-09-29 10:39:43] Ep 115190077 | Sub 56650452 | State: EpisodeState.COMPLETED | Created: 2026-09-29 10:35:15 | Elo: 2177.6
[2026-09-29 10:48:28] Ep 115192783 | Sub 56650452 | State: EpisodeState.COMPLETED | Created: 2026-09-29 10:43:12 | Elo: 2172.8
[2026-09-29 11:19:21] Ep 115203957 | Sub 56642568 | State: EpisodeState.COMPLETED | Created: 2026-09-29 11:15:14 | Elo: 2230.3
[2026-09-29 11:43:31] Ep 115212519 | Sub 56642568 | State: EpisodeState.COMPLETED | Created: 2026-09-29 11:39:15 | Elo: 2226.0
[2026-09-29 11:49:59] Ep 115214494 | Sub 56650452 | State: EpisodeState.COMPLETED | Created: 2026-09-29 11:43:13 | Elo: 2173.6
[2026-09-29 11:49:59] Ep 115213771 | Sub 56650452 | State: EpisodeState.COMPLETED | Created: 2026-09-29 11:43:11 | Elo: 2173.6
[2026-09-29 11:54:22] Ep 115215386 | Sub 56650452 | State: EpisodeState.COMPLETED | Created: 2026-09-29 11:47:12 | Elo: 2169.0
[2026-09-29 11:56:39] Ep 115216570 | Sub 56642568 | State: EpisodeState.COMPLETED | Created: 2026-09-29 11:51:13 | Elo: 2221.7
[2026-09-29 11:58:46] Ep 115218145 | Sub 56650452 | State: EpisodeState.COMPLETED | Created: 2026-09-29 11:55:15 | Elo: 2165.4
[2026-09-29 12:00:57] Ep 115217887 | Sub 56650452 | State: EpisodeState.COMPLETED | Created: 2026-09-29 11:55:15 | Elo: 2169.7
[2026-09-29 12:18:36] Ep 115225523 | Sub 56642568 | State: EpisodeState.COMPLETED | Created: 2026-09-29 12:15:17 | Elo: 2226.1
[2026-09-29 12:22:55] Ep 115226975 | Sub 56650452 | State: EpisodeState.COMPLETED | Created: 2026-09-29 12:19:11 | Elo: 2164.0
[2026-09-29 12:31:43] Ep 115228668 | Sub 56650452 | State: EpisodeState.COMPLETED | Created: 2026-09-29 12:27:10 | Elo: 2159.9
[2026-09-29 12:36:12] Ep 115231255 | Sub 56642568 | State: EpisodeState.COMPLETED | Created: 2026-09-29 12:31:12 | Elo: 2229.8
[2026-09-29 12:40:37] Ep 115231826 | Sub 56642568 | State: EpisodeState.COMPLETED | Created: 2026-09-29 12:35:12 | Elo: 2225.6
[2026-09-29 12:44:55] Ep 115233972 | Sub 56650452 | State: EpisodeState.COMPLETED | Created: 2026-09-29 12:39:12 | Elo: 2169.1
[2026-09-29 12:44:55] Ep 115233911 | Sub 56650452 | State: EpisodeState.COMPLETED | Created: 2026-09-29 12:39:12 | Elo: 2169.1
[2026-09-29 12:45:00] Ep 115233878 | Sub 56642568 | State: EpisodeState.COMPLETED | Created: 2026-09-29 12:39:12 | Elo: 2228.7
[2026-09-29 12:47:11] Ep 115234739 | Sub 56642568 | State: EpisodeState.COMPLETED | Created: 2026-09-29 12:43:10 | Elo: 2232.5
[2026-09-29 12:51:35] Ep 115236053 | Sub 56642568 | State: EpisodeState.COMPLETED | Created: 2026-09-29 12:47:10 | Elo: 2236.7
[2026-09-29 12:58:10] Ep 115239308 | Sub 56642568 | State: EpisodeState.COMPLETED | Created: 2026-09-29 12:55:15 | Elo: 2232.0
[2026-09-29 13:00:22] Ep 115239588 | Sub 56642568 | State: EpisodeState.COMPLETED | Created: 2026-09-29 12:55:16 | Elo: 2235.9
[2026-09-29 13:02:29] Ep 115239362 | Sub 56650452 | State: EpisodeState.COMPLETED | Created: 2026-09-29 12:55:15 | Elo: 2166.1
[2026-09-29 13:06:57] Ep 115241398 | Sub 56642568 | State: EpisodeState.COMPLETED | Created: 2026-09-29 13:03:11 | Elo: 2241.7
[2026-09-29 13:13:29] Ep 115243852 | Sub 56650452 | State: EpisodeState.COMPLETED | Created: 2026-09-29 13:07:12 | Elo: 2161.6
[2026-09-29 13:17:57] Ep 115244213 | Sub 56642568 | State: EpisodeState.COMPLETED | Created: 2026-09-29 13:11:10 | Elo: 2238.0
[2026-09-29 13:20:04] Ep 115246615 | Sub 56650452 | State: EpisodeState.COMPLETED | Created: 2026-09-29 13:15:14 | Elo: 2156.0
[2026-09-29 13:24:27] Ep 115247506 | Sub 56650452 | State: EpisodeState.COMPLETED | Created: 2026-09-29 13:19:15 | Elo: 2152.3
[2026-09-29 13:24:32] Ep 115247690 | Sub 56642568 | State: EpisodeState.COMPLETED | Created: 2026-09-29 13:19:16 | Elo: 2233.4
[2026-09-29 13:28:56] Ep 115249378 | Sub 56642568 | State: EpisodeState.COMPLETED | Created: 2026-09-29 13:23:12 | Elo: 2229.1
[2026-09-29 13:35:26] Ep 115252195 | Sub 56650452 | State: EpisodeState.COMPLETED | Created: 2026-09-29 13:31:14 | Elo: 2157.2
[2026-09-29 13:35:31] Ep 115251929 | Sub 56642568 | State: EpisodeState.COMPLETED | Created: 2026-09-29 13:31:14 | Elo: 2223.6
[2026-09-29 13:37:38] Ep 115253070 | Sub 56650452 | State: EpisodeState.COMPLETED | Created: 2026-09-29 13:35:13 | Elo: 2157.2
[2026-09-29 13:37:42] Ep 115252685 | Sub 56642568 | State: EpisodeState.COMPLETED | Created: 2026-09-29 13:35:12 | Elo: 2218.0
[2026-09-29 13:39:54] Ep 115253335 | Sub 56642568 | State: EpisodeState.COMPLETED | Created: 2026-09-29 13:35:13 | Elo: 2215.2
[2026-09-29 13:53:00] Ep 115257736 | Sub 56650452 | State: EpisodeState.COMPLETED | Created: 2026-09-29 13:47:15 | Elo: 2148.7
[2026-09-29 13:55:17] Ep 115258832 | Sub 56642568 | State: EpisodeState.COMPLETED | Created: 2026-09-29 13:51:15 | Elo: 2219.6
[2026-09-29 14:06:07] Ep 115263176 | Sub 56650452 | State: EpisodeState.COMPLETED | Created: 2026-09-29 14:03:11 | Elo: 2142.6
[2026-09-29 14:08:24] Ep 115263392 | Sub 56642568 | State: EpisodeState.COMPLETED | Created: 2026-09-29 14:03:12 | Elo: 2215.6
[2026-09-29 14:12:42] Ep 115264701 | Sub 56650452 | State: EpisodeState.COMPLETED | Created: 2026-09-29 14:07:12 | Elo: 2147.4
[2026-09-29 14:23:47] Ep 115268856 | Sub 56642568 | State: EpisodeState.COMPLETED | Created: 2026-09-29 14:19:12 | Elo: 2220.5
[2026-09-29 14:25:53] Ep 115270233 | Sub 56650452 | State: EpisodeState.COMPLETED | Created: 2026-09-29 14:23:12 | Elo: 2150.8
[2026-09-29 14:36:52] Ep 115272652 | Sub 56650452 | State: EpisodeState.COMPLETED | Created: 2026-09-29 14:31:11 | Elo: 2146.7
[2026-09-29 14:41:19] Ep 115274399 | Sub 56642568 | State: EpisodeState.COMPLETED | Created: 2026-09-29 14:35:12 | Elo: 2224.6
[2026-09-29 14:52:18] Ep 115276951 | Sub 56642568 | State: EpisodeState.COMPLETED | Created: 2026-09-29 14:43:13 | Elo: 2219.1
[2026-09-29 14:54:25] Ep 115278555 | Sub 56650452 | State: EpisodeState.COMPLETED | Created: 2026-09-29 14:47:14 | Elo: 2143.4
[2026-09-29 15:07:43] Ep 115282870 | Sub 56642568 | State: EpisodeState.COMPLETED | Created: 2026-09-29 15:03:13 | Elo: 2215.4
[2026-09-29 15:12:00] Ep 115283899 | Sub 56650452 | State: EpisodeState.COMPLETED | Created: 2026-09-29 15:07:13 | Elo: 2147.1
[2026-09-29 15:20:48] Ep 115286580 | Sub 56650452 | State: EpisodeState.COMPLETED | Created: 2026-09-29 15:15:12 | Elo: 2142.4
[2026-09-29 15:23:04] Ep 115287259 | Sub 56642568 | State: EpisodeState.COMPLETED | Created: 2026-09-29 15:15:13 | Elo: 2211.5
[2026-09-29 15:27:22] Ep 115289454 | Sub 56650452 | State: EpisodeState.COMPLETED | Created: 2026-09-29 15:23:16 | Elo: 2137.5
[2026-09-29 15:36:10] Ep 115292782 | Sub 56650452 | State: EpisodeState.COMPLETED | Created: 2026-09-29 15:31:15 | Elo: 2143.0
[2026-09-29 15:38:22] Ep 115293723 | Sub 56650452 | State: EpisodeState.COMPLETED | Created: 2026-09-29 15:35:15 | Elo: 2140.0
[2026-09-29 15:38:26] Ep 115294152 | Sub 56642568 | State: EpisodeState.COMPLETED | Created: 2026-09-29 15:35:16 | Elo: 2208.2
[2026-09-29 15:47:09] Ep 115296064 | Sub 56650452 | State: EpisodeState.COMPLETED | Created: 2026-09-29 15:43:13 | Elo: 2135.9
[2026-09-29 15:47:15] Ep 115296592 | Sub 56642568 | State: EpisodeState.COMPLETED | Created: 2026-09-29 15:43:14 | Elo: 2204.1
[2026-09-29 15:51:33] Ep 115298120 | Sub 56650452 | State: EpisodeState.COMPLETED | Created: 2026-09-29 15:47:13 | Elo: 2140.4
[2026-09-29 16:07:02] Ep 115303946 | Sub 56642568 | State: EpisodeState.COMPLETED | Created: 2026-09-29 16:03:13 | Elo: 2199.3
[2026-09-29 16:09:13] Ep 115303913 | Sub 56642568 | State: EpisodeState.COMPLETED | Created: 2026-09-29 16:03:13 | Elo: 2195.7
[2026-09-29 16:11:20] Ep 115305449 | Sub 56650452 | State: EpisodeState.COMPLETED | Created: 2026-09-29 16:07:59 | Elo: 2136.8
[2026-09-29 16:11:25] Ep 115304911 | Sub 56642568 | State: EpisodeState.COMPLETED | Created: 2026-09-29 16:07:59 | Elo: 2199.5
[2026-09-29 16:28:55] Ep 115310726 | Sub 56650452 | State: EpisodeState.COMPLETED | Created: 2026-09-29 16:23:40 | Elo: 2131.2
[2026-09-29 16:31:10] Ep 115312001 | Sub 56642568 | State: EpisodeState.COMPLETED | Created: 2026-09-29 16:27:41 | Elo: 2194.7
[2026-09-29 16:33:22] Ep 115312427 | Sub 56642568 | State: EpisodeState.COMPLETED | Created: 2026-09-29 16:27:42 | Elo: 2199.4
[2026-09-29 16:35:34] Ep 115313428 | Sub 56642568 | State: EpisodeState.COMPLETED | Created: 2026-09-29 16:31:41 | Elo: 2195.7
[2026-09-29 16:48:39] Ep 115317949 | Sub 56650452 | State: EpisodeState.COMPLETED | Created: 2026-09-29 16:43:42 | Elo: 2135.1
[2026-09-29 16:50:51] Ep 115317958 | Sub 56650452 | State: EpisodeState.COMPLETED | Created: 2026-09-29 16:43:42 | Elo: 2139.1
[2026-09-29 16:59:44] Ep 115320728 | Sub 56642568 | State: EpisodeState.COMPLETED | Created: 2026-09-29 16:51:45 | Elo: 2200.4
[2026-09-29 17:04:03] Ep 115322752 | Sub 56650452 | State: EpisodeState.COMPLETED | Created: 2026-09-29 16:59:41 | Elo: 2141.9
[2026-09-29 17:04:08] Ep 115323560 | Sub 56642568 | State: EpisodeState.COMPLETED | Created: 2026-09-29 16:59:43 | Elo: 2194.9
[2026-09-29 17:21:35] Ep 115327789 | Sub 56650452 | State: EpisodeState.COMPLETED | Created: 2026-09-29 17:11:42 | Elo: 2137.3
[2026-09-29 17:23:54] Ep 115330621 | Sub 56642568 | State: EpisodeState.COMPLETED | Created: 2026-09-29 17:19:41 | Elo: 2190.6
[2026-09-29 17:26:05] Ep 115330606 | Sub 56642568 | State: EpisodeState.COMPLETED | Created: 2026-09-29 17:19:41 | Elo: 2187.4
[2026-09-29 17:36:59] Ep 115335034 | Sub 56650452 | State: EpisodeState.COMPLETED | Created: 2026-09-29 17:31:46 | Elo: 2141.1
[2026-09-29 17:39:15] Ep 115336354 | Sub 56642568 | State: EpisodeState.COMPLETED | Created: 2026-09-29 17:35:42 | Elo: 2180.9
[2026-09-29 17:54:34] Ep 115340522 | Sub 56650452 | State: EpisodeState.COMPLETED | Created: 2026-09-29 17:47:49 | Elo: 2144.9
[2026-09-29 18:03:26] Ep 115343326 | Sub 56642568 | State: EpisodeState.COMPLETED | Created: 2026-09-29 17:55:40 | Elo: 2183.8
[2026-09-29 18:05:33] Ep 115344182 | Sub 56650452 | State: EpisodeState.COMPLETED | Created: 2026-09-29 17:59:39 | Elo: 2141.3
[2026-09-29 18:07:50] Ep 115345507 | Sub 56642568 | State: EpisodeState.COMPLETED | Created: 2026-09-29 18:03:40 | Elo: 2177.6
[2026-09-29 18:18:42] Ep 115348736 | Sub 56650452 | State: EpisodeState.COMPLETED | Created: 2026-09-29 18:11:41 | Elo: 2137.1
[2026-09-29 18:23:12] Ep 115351832 | Sub 56642568 | State: EpisodeState.COMPLETED | Created: 2026-09-29 18:19:41 | Elo: 2172.9
[2026-09-29 18:25:24] Ep 115351231 | Sub 56642568 | State: EpisodeState.COMPLETED | Created: 2026-09-29 18:19:40 | Elo: 2170.0
[2026-09-29 18:31:56] Ep 115354624 | Sub 56650452 | State: EpisodeState.COMPLETED | Created: 2026-09-29 18:27:43 | Elo: 2141.3
[2026-09-29 18:38:39] Ep 115355933 | Sub 56642568 | State: EpisodeState.COMPLETED | Created: 2026-09-29 18:31:44 | Elo: 2166.3
[2026-09-29 18:40:46] Ep 115356360 | Sub 56650452 | State: EpisodeState.COMPLETED | Created: 2026-09-29 18:35:42 | Elo: 2137.7
[2026-09-29 18:51:50] Ep 115361998 | Sub 56642568 | State: EpisodeState.COMPLETED | Created: 2026-09-29 18:47:48 | Elo: 2162.3
[2026-09-29 18:53:57] Ep 115363328 | Sub 56650452 | State: EpisodeState.COMPLETED | Created: 2026-09-29 18:51:44 | Elo: 2142.1
[2026-09-29 18:54:03] Ep 115360854 | Sub 56642568 | State: EpisodeState.COMPLETED | Created: 2026-09-29 18:47:46 | Elo: 2160.2
[2026-09-29 19:02:45] Ep 115366283 | Sub 56650452 | State: EpisodeState.COMPLETED | Created: 2026-09-29 18:59:45 | Elo: 2146.2
[2026-09-29 19:09:26] Ep 115367927 | Sub 56642568 | State: EpisodeState.COMPLETED | Created: 2026-09-29 19:03:43 | Elo: 2156.3
[2026-09-29 19:20:22] Ep 115371488 | Sub 56650452 | State: EpisodeState.COMPLETED | Created: 2026-09-29 19:15:44 | Elo: 2144.9
[2026-09-29 19:20:22] Ep 115372177 | Sub 56650452 | State: EpisodeState.COMPLETED | Created: 2026-09-29 19:15:45 | Elo: 2144.9
[2026-09-29 19:24:50] Ep 115374006 | Sub 56642568 | State: EpisodeState.COMPLETED | Created: 2026-09-29 19:19:44 | Elo: 2165.5
[2026-09-29 19:24:50] Ep 115373505 | Sub 56642568 | State: EpisodeState.COMPLETED | Created: 2026-09-29 19:19:44 | Elo: 2165.5
[2026-09-29 19:33:34] Ep 115377300 | Sub 56650452 | State: EpisodeState.COMPLETED | Created: 2026-09-29 19:27:51 | Elo: 2149.2
[2026-09-29 19:33:39] Ep 115377128 | Sub 56642568 | State: EpisodeState.COMPLETED | Created: 2026-09-29 19:27:51 | Elo: 2161.2
[2026-09-29 19:38:03] Ep 115378133 | Sub 56642568 | State: EpisodeState.COMPLETED | Created: 2026-09-29 19:31:46 | Elo: 2152.8
[2026-09-29 19:38:03] Ep 115377968 | Sub 56642568 | State: EpisodeState.COMPLETED | Created: 2026-09-29 19:31:46 | Elo: 2152.8
[2026-09-29 19:40:11] Ep 115380443 | Sub 56650452 | State: EpisodeState.COMPLETED | Created: 2026-09-29 19:35:53 | Elo: 2148.5
[2026-09-29 19:40:11] Ep 115378854 | Sub 56650452 | State: EpisodeState.COMPLETED | Created: 2026-09-29 19:31:47 | Elo: 2148.5
[2026-09-29 19:46:47] Ep 115383171 | Sub 56650452 | State: EpisodeState.COMPLETED | Created: 2026-09-29 19:43:44 | Elo: 2153.4
[2026-09-29 19:49:04] Ep 115383416 | Sub 56642568 | State: EpisodeState.COMPLETED | Created: 2026-09-29 19:43:45 | Elo: 2157.9
[2026-09-29 19:55:39] Ep 115386148 | Sub 56642568 | State: EpisodeState.COMPLETED | Created: 2026-09-29 19:51:44 | Elo: 2162.8
[2026-09-29 19:59:59] Ep 115387921 | Sub 56650452 | State: EpisodeState.COMPLETED | Created: 2026-09-29 19:55:46 | Elo: 2148.5
[2026-09-29 20:08:52] Ep 115390921 | Sub 56642568 | State: EpisodeState.COMPLETED | Created: 2026-09-29 20:03:46 | Elo: 2162.8
[2026-09-29 20:13:11] Ep 115392587 | Sub 56650452 | State: EpisodeState.COMPLETED | Created: 2026-09-29 20:07:49 | Elo: 2146.6
[2026-09-29 20:19:54] Ep 115395565 | Sub 56642568 | State: EpisodeState.COMPLETED | Created: 2026-09-29 20:15:45 | Elo: 2153.6
[2026-09-29 20:22:05] Ep 115395500 | Sub 56642568 | State: EpisodeState.COMPLETED | Created: 2026-09-29 20:15:45 | Elo: 2159.8
[2026-09-29 20:24:12] Ep 115397091 | Sub 56650452 | State: EpisodeState.COMPLETED | Created: 2026-09-29 20:19:48 | Elo: 2147.3
[2026-09-29 20:24:12] Ep 115396502 | Sub 56650452 | State: EpisodeState.COMPLETED | Created: 2026-09-29 20:19:46 | Elo: 2147.3
[2026-09-29 20:33:00] Ep 115399282 | Sub 56650452 | State: EpisodeState.COMPLETED | Created: 2026-09-29 20:27:45 | Elo: 2141.5
[2026-09-29 20:33:05] Ep 115400120 | Sub 56642568 | State: EpisodeState.COMPLETED | Created: 2026-09-29 20:27:47 | Elo: 2154.4
[2026-09-29 20:46:08] Ep 115404232 | Sub 56650452 | State: EpisodeState.COMPLETED | Created: 2026-09-29 20:39:44 | Elo: 2143.5
[2026-09-29 20:46:08] Ep 115404458 | Sub 56650452 | State: EpisodeState.COMPLETED | Created: 2026-09-29 20:39:44 | Elo: 2143.5
[2026-09-29 20:46:13] Ep 115404596 | Sub 56642568 | State: EpisodeState.COMPLETED | Created: 2026-09-29 20:39:44 | Elo: 2151.3
[2026-09-29 20:48:20] Ep 115405192 | Sub 56650452 | State: EpisodeState.COMPLETED | Created: 2026-09-29 20:43:44 | Elo: 2137.9
[2026-09-29 20:57:07] Ep 115409218 | Sub 56650452 | State: EpisodeState.COMPLETED | Created: 2026-09-29 20:51:45 | Elo: 2142.0
[2026-09-29 20:57:12] Ep 115409094 | Sub 56642568 | State: EpisodeState.COMPLETED | Created: 2026-09-29 20:51:45 | Elo: 2154.8
[2026-09-29 21:01:37] Ep 115410436 | Sub 56642568 | State: EpisodeState.COMPLETED | Created: 2026-09-29 20:55:44 | Elo: 2150.4
[2026-09-29 21:16:56] Ep 115413769 | Sub 56650452 | State: EpisodeState.COMPLETED | Created: 2026-09-29 21:07:53 | Elo: 2135.7
[2026-09-29 21:19:13] Ep 115415075 | Sub 56642568 | State: EpisodeState.COMPLETED | Created: 2026-09-29 21:11:52 | Elo: 2145.5
[2026-09-29 21:23:31] Ep 115418265 | Sub 56650452 | State: EpisodeState.COMPLETED | Created: 2026-09-29 21:19:54 | Elo: 2131.1
[2026-09-29 21:30:07] Ep 115419462 | Sub 56650452 | State: EpisodeState.COMPLETED | Created: 2026-09-29 21:23:54 | Elo: 2136.9
[2026-09-29 21:30:12] Ep 115419554 | Sub 56642568 | State: EpisodeState.COMPLETED | Created: 2026-09-29 21:23:54 | Elo: 2139.3
[2026-09-29 21:32:25] Ep 115420763 | Sub 56642568 | State: EpisodeState.COMPLETED | Created: 2026-09-29 21:27:52 | Elo: 2134.4
[2026-09-29 21:34:38] Ep 115422725 | Sub 56642568 | State: EpisodeState.COMPLETED | Created: 2026-09-29 21:31:52 | Elo: 2129.2
[2026-09-29 21:38:58] Ep 115423967 | Sub 56650452 | State: EpisodeState.COMPLETED | Created: 2026-09-29 21:35:51 | Elo: 2139.8
[2026-09-29 21:41:09] Ep 115423762 | Sub 56650452 | State: EpisodeState.COMPLETED | Created: 2026-09-29 21:35:51 | Elo: 2135.6
[2026-09-29 21:41:15] Ep 115424066 | Sub 56642568 | State: EpisodeState.COMPLETED | Created: 2026-09-29 21:35:51 | Elo: 2124.7
[2026-09-29 21:50:07] Ep 115428636 | Sub 56642568 | State: EpisodeState.COMPLETED | Created: 2026-09-29 21:47:52 | Elo: 2116.9
[2026-09-29 21:50:07] Ep 115426220 | Sub 56642568 | State: EpisodeState.COMPLETED | Created: 2026-09-29 21:43:54 | Elo: 2116.9
[2026-09-29 21:52:14] Ep 115428241 | Sub 56650452 | State: EpisodeState.COMPLETED | Created: 2026-09-29 21:47:51 | Elo: 2139.7
[2026-09-29 21:54:26] Ep 115428726 | Sub 56650452 | State: EpisodeState.COMPLETED | Created: 2026-09-29 21:47:52 | Elo: 2136.2
[2026-09-29 21:56:40] Ep 115429757 | Sub 56650452 | State: EpisodeState.COMPLETED | Created: 2026-09-29 21:51:54 | Elo: 2131.6
[2026-09-29 22:03:16] Ep 115432257 | Sub 56650452 | State: EpisodeState.COMPLETED | Created: 2026-09-29 21:59:49 | Elo: 2135.6
[2026-09-29 22:03:22] Ep 115433153 | Sub 56642568 | State: EpisodeState.COMPLETED | Created: 2026-09-29 21:59:51 | Elo: 2113.1
[2026-09-29 22:05:28] Ep 115433501 | Sub 56650452 | State: EpisodeState.COMPLETED | Created: 2026-09-29 21:59:51 | Elo: 2132.6
[2026-09-29 22:07:45] Ep 115434399 | Sub 56642568 | State: EpisodeState.COMPLETED | Created: 2026-09-29 22:03:54 | Elo: 2108.8
[2026-09-29 22:16:28] Ep 115437905 | Sub 56650452 | State: EpisodeState.COMPLETED | Created: 2026-09-29 22:11:54 | Elo: 2137.3
[2026-09-29 22:16:33] Ep 115437421 | Sub 56642568 | State: EpisodeState.COMPLETED | Created: 2026-09-29 22:11:53 | Elo: 2116.7
[2026-09-29 22:16:33] Ep 115437788 | Sub 56642568 | State: EpisodeState.COMPLETED | Created: 2026-09-29 22:11:54 | Elo: 2116.7
[2026-09-29 22:18:40] Ep 115439003 | Sub 56650452 | State: EpisodeState.COMPLETED | Created: 2026-09-29 22:15:50 | Elo: 2133.1
[2026-09-29 22:18:45] Ep 115438118 | Sub 56642568 | State: EpisodeState.COMPLETED | Created: 2026-09-29 22:11:54 | Elo: 2120.4
[2026-09-29 22:20:52] Ep 115439559 | Sub 56650452 | State: EpisodeState.COMPLETED | Created: 2026-09-29 22:15:52 | Elo: 2127.6
[2026-09-29 22:23:04] Ep 115440765 | Sub 56650452 | State: EpisodeState.COMPLETED | Created: 2026-09-29 22:19:51 | Elo: 2131.8
[2026-09-29 22:29:43] Ep 115442435 | Sub 56642568 | State: EpisodeState.COMPLETED | Created: 2026-09-29 22:23:53 | Elo: 2124.3
[2026-09-29 22:36:16] Ep 115445368 | Sub 56650452 | State: EpisodeState.COMPLETED | Created: 2026-09-29 22:31:51 | Elo: 2127.7
[2026-09-29 22:38:33] Ep 115446964 | Sub 56642568 | State: EpisodeState.COMPLETED | Created: 2026-09-29 22:35:51 | Elo: 2119.8
[2026-09-29 22:45:05] Ep 115448854 | Sub 56650452 | State: EpisodeState.COMPLETED | Created: 2026-09-29 22:39:51 | Elo: 2131.6
[2026-09-29 22:49:30] Ep 115450243 | Sub 56650452 | State: EpisodeState.COMPLETED | Created: 2026-09-29 22:43:55 | Elo: 2123.6
[2026-09-29 22:49:30] Ep 115450127 | Sub 56650452 | State: EpisodeState.COMPLETED | Created: 2026-09-29 22:43:55 | Elo: 2123.6
[2026-09-29 22:53:59] Ep 115451571 | Sub 56642568 | State: EpisodeState.COMPLETED | Created: 2026-09-29 22:47:51 | Elo: 2114.7
[2026-09-29 22:56:07] Ep 115453591 | Sub 56650452 | State: EpisodeState.COMPLETED | Created: 2026-09-29 22:51:58 | Elo: 2119.0
[2026-09-29 22:56:12] Ep 115452578 | Sub 56642568 | State: EpisodeState.COMPLETED | Created: 2026-09-29 22:51:56 | Elo: 2110.9
[2026-09-29 23:02:44] Ep 115456445 | Sub 56650452 | State: EpisodeState.COMPLETED | Created: 2026-09-29 22:59:54 | Elo: 2114.1
[2026-09-29 23:05:02] Ep 115456729 | Sub 56642568 | State: EpisodeState.COMPLETED | Created: 2026-09-29 22:59:55 | Elo: 2105.9
[2026-09-29 23:13:46] Ep 115459860 | Sub 56650452 | State: EpisodeState.COMPLETED | Created: 2026-09-29 23:07:50 | Elo: 2117.8
[2026-09-29 23:13:51] Ep 115461230 | Sub 56642568 | State: EpisodeState.COMPLETED | Created: 2026-09-29 23:11:51 | Elo: 2097.9
[2026-09-29 23:13:51] Ep 115459466 | Sub 56642568 | State: EpisodeState.COMPLETED | Created: 2026-09-29 23:07:50 | Elo: 2097.9
[2026-09-29 23:18:10] Ep 115461294 | Sub 56650452 | State: EpisodeState.COMPLETED | Created: 2026-09-29 23:11:51 | Elo: 2114.1
[2026-09-29 23:22:41] Ep 115462587 | Sub 56642568 | State: EpisodeState.COMPLETED | Created: 2026-09-29 23:15:51 | Elo: 2101.7
[2026-09-29 23:29:13] Ep 115465876 | Sub 56650452 | State: EpisodeState.COMPLETED | Created: 2026-09-29 23:23:55 | Elo: 2109.8
[2026-09-29 23:33:42] Ep 115467598 | Sub 56642568 | State: EpisodeState.COMPLETED | Created: 2026-09-29 23:30:14 | Elo: 2101.0
[2026-09-29 23:33:42] Ep 115467302 | Sub 56642568 | State: EpisodeState.COMPLETED | Created: 2026-09-29 23:30:14 | Elo: 2101.0
[2026-09-29 23:35:54] Ep 115467285 | Sub 56642568 | State: EpisodeState.COMPLETED | Created: 2026-09-29 23:30:13 | Elo: 2105.5
[2026-09-29 23:40:12] Ep 115470606 | Sub 56650452 | State: EpisodeState.COMPLETED | Created: 2026-09-29 23:38:04 | Elo: 2114.8
[2026-09-29 23:44:37] Ep 115469762 | Sub 56650452 | State: EpisodeState.COMPLETED | Created: 2026-09-29 23:38:03 | Elo: 2112.2
[2026-09-29 23:44:37] Ep 115470735 | Sub 56650452 | State: EpisodeState.COMPLETED | Created: 2026-09-29 23:38:05 | Elo: 2112.2
[2026-09-29 23:46:53] Ep 115472682 | Sub 56642568 | State: EpisodeState.COMPLETED | Created: 2026-09-29 23:41:59 | Elo: 2100.7
[2026-09-29 23:49:02] Ep 115472532 | Sub 56650452 | State: EpisodeState.COMPLETED | Created: 2026-09-29 23:41:59 | Elo: 2108.4
[2026-09-29 23:49:07] Ep 115473937 | Sub 56642568 | State: EpisodeState.COMPLETED | Created: 2026-09-29 23:45:57 | Elo: 2093.3
[2026-09-29 23:49:07] Ep 115471716 | Sub 56642568 | State: EpisodeState.COMPLETED | Created: 2026-09-29 23:41:58 | Elo: 2093.3
[2026-09-29 23:49:07] Ep 115472521 | Sub 56642568 | State: EpisodeState.COMPLETED | Created: 2026-09-29 23:41:59 | Elo: 2093.3
[2026-09-29 23:55:40] Ep 115475129 | Sub 56650452 | State: EpisodeState.COMPLETED | Created: 2026-09-29 23:49:59 | Elo: 2103.2
[2026-09-30 00:00:04] Ep 115477382 | Sub 56650452 | State: EpisodeState.COMPLETED | Created: 2026-09-29 23:54:02 | Elo: 2108.2
[2026-09-30 00:00:10] Ep 115477581 | Sub 56642568 | State: EpisodeState.COMPLETED | Created: 2026-09-29 23:54:03 | Elo: 2091.8
[2026-09-30 00:04:29] Ep 115478500 | Sub 56650452 | State: EpisodeState.COMPLETED | Created: 2026-09-29 23:57:56 | Elo: 2104.8
[2026-09-30 00:11:10] Ep 115482492 | Sub 56642568 | State: EpisodeState.COMPLETED | Created: 2026-09-30 00:06:01 | Elo: 2095.7
[2026-09-30 00:15:29] Ep 115483879 | Sub 56650452 | State: EpisodeState.COMPLETED | Created: 2026-09-30 00:09:59 | Elo: 2100.1
[2026-09-30 00:26:30] Ep 115488996 | Sub 56650452 | State: EpisodeState.COMPLETED | Created: 2026-09-30 00:22:00 | Elo: 2096.8
[2026-09-30 00:26:35] Ep 115488817 | Sub 56642568 | State: EpisodeState.COMPLETED | Created: 2026-09-30 00:22:00 | Elo: 2100.0
[2026-09-30 00:28:48] Ep 115489034 | Sub 56642568 | State: EpisodeState.COMPLETED | Created: 2026-09-30 00:22:01 | Elo: 2096.0
[2026-09-30 00:33:08] Ep 115490629 | Sub 56650452 | State: EpisodeState.COMPLETED | Created: 2026-09-30 00:25:57 | Elo: 2092.7
[2026-09-30 00:37:37] Ep 115491318 | Sub 56642568 | State: EpisodeState.COMPLETED | Created: 2026-09-30 00:30:00 | Elo: 2100.1
[2026-09-30 00:44:15] Ep 115496450 | Sub 56642568 | State: EpisodeState.COMPLETED | Created: 2026-09-30 00:41:56 | Elo: 2105.5
[2026-09-30 00:44:15] Ep 115495604 | Sub 56642568 | State: EpisodeState.COMPLETED | Created: 2026-09-30 00:38:03 | Elo: 2105.5
[2026-09-30 00:46:23] Ep 115496886 | Sub 56650452 | State: EpisodeState.COMPLETED | Created: 2026-09-30 00:41:57 | Elo: 2087.8
[2026-09-30 00:55:22] Ep 115500320 | Sub 56642568 | State: EpisodeState.COMPLETED | Created: 2026-09-30 00:50:05 | Elo: 2103.3
[2026-09-30 00:57:35] Ep 115500347 | Sub 56642568 | State: EpisodeState.COMPLETED | Created: 2026-09-30 00:50:05 | Elo: 2099.5
[2026-09-30 00:59:48] Ep 115501277 | Sub 56642568 | State: EpisodeState.COMPLETED | Created: 2026-09-30 00:53:56 | Elo: 2094.6
[2026-09-30 01:01:56] Ep 115501813 | Sub 56650452 | State: EpisodeState.COMPLETED | Created: 2026-09-30 00:53:57 | Elo: 2082.7
[2026-09-30 01:04:15] Ep 115502178 | Sub 56642568 | State: EpisodeState.COMPLETED | Created: 2026-09-30 00:57:55 | Elo: 2090.4
[2026-09-30 01:13:03] Ep 115508101 | Sub 56650452 | State: EpisodeState.COMPLETED | Created: 2026-09-30 01:10:02 | Elo: 2077.4
[2026-09-30 01:15:22] Ep 115507791 | Sub 56642568 | State: EpisodeState.COMPLETED | Created: 2026-09-30 01:10:01 | Elo: 2083.0
[2026-09-30 01:15:22] Ep 115508217 | Sub 56642568 | State: EpisodeState.COMPLETED | Created: 2026-09-30 01:10:02 | Elo: 2083.0
[2026-09-30 01:24:17] Ep 115511549 | Sub 56642568 | State: EpisodeState.COMPLETED | Created: 2026-09-30 01:17:59 | Elo: 2078.0
[2026-09-30 01:28:36] Ep 115513043 | Sub 56650452 | State: EpisodeState.COMPLETED | Created: 2026-09-30 01:21:57 | Elo: 2082.4
[2026-09-30 01:28:41] Ep 115514148 | Sub 56642568 | State: EpisodeState.COMPLETED | Created: 2026-09-30 01:25:57 | Elo: 2067.7
[2026-09-30 01:28:41] Ep 115514572 | Sub 56642568 | State: EpisodeState.COMPLETED | Created: 2026-09-30 01:25:57 | Elo: 2067.7
[2026-09-30 01:33:07] Ep 115514725 | Sub 56642568 | State: EpisodeState.COMPLETED | Created: 2026-09-30 01:25:58 | Elo: 2062.7
[2026-09-30 01:37:28] Ep 115518101 | Sub 56650452 | State: EpisodeState.COMPLETED | Created: 2026-09-30 01:33:59 | Elo: 2077.4
[2026-09-30 01:39:41] Ep 115517622 | Sub 56650452 | State: EpisodeState.COMPLETED | Created: 2026-09-30 01:33:58 | Elo: 2072.2
[2026-09-30 01:41:59] Ep 115519671 | Sub 56642568 | State: EpisodeState.COMPLETED | Created: 2026-09-30 01:37:59 | Elo: 2058.7
[2026-09-30 01:55:07] Ep 115524205 | Sub 56650452 | State: EpisodeState.COMPLETED | Created: 2026-09-30 01:50:00 | Elo: 2068.8
[2026-09-30 01:57:25] Ep 115525854 | Sub 56642568 | State: EpisodeState.COMPLETED | Created: 2026-09-30 01:54:01 | Elo: 2055.1
[2026-09-30 01:59:33] Ep 115525864 | Sub 56650452 | State: EpisodeState.COMPLETED | Created: 2026-09-30 01:54:01 | Elo: 2074.2
[2026-09-30 02:04:03] Ep 115526845 | Sub 56642568 | State: EpisodeState.COMPLETED | Created: 2026-09-30 01:57:57 | Elo: 2051.7
[2026-09-30 02:10:34] Ep 115530865 | Sub 56650452 | State: EpisodeState.COMPLETED | Created: 2026-09-30 02:05:58 | Elo: 2071.7
[2026-09-30 02:15:04] Ep 115532366 | Sub 56642568 | State: EpisodeState.COMPLETED | Created: 2026-09-30 02:10:06 | Elo: 2049.5
[2026-09-30 02:15:04] Ep 115531542 | Sub 56642568 | State: EpisodeState.COMPLETED | Created: 2026-09-30 02:10:04 | Elo: 2049.5
[2026-09-30 02:21:36] Ep 115535420 | Sub 56650452 | State: EpisodeState.COMPLETED | Created: 2026-09-30 02:17:57 | Elo: 2061.9
[2026-09-30 02:21:36] Ep 115534394 | Sub 56650452 | State: EpisodeState.COMPLETED | Created: 2026-09-30 02:17:55 | Elo: 2061.9
[2026-09-30 02:25:59] Ep 115536975 | Sub 56650452 | State: EpisodeState.COMPLETED | Created: 2026-09-30 02:21:57 | Elo: 2057.2
[2026-09-30 02:30:29] Ep 115538555 | Sub 56642568 | State: EpisodeState.COMPLETED | Created: 2026-09-30 02:26:00 | Elo: 2039.5
[2026-09-30 02:30:29] Ep 115538238 | Sub 56642568 | State: EpisodeState.COMPLETED | Created: 2026-09-30 02:26:00 | Elo: 2039.5
[2026-09-30 02:37:01] Ep 115542072 | Sub 56650452 | State: EpisodeState.COMPLETED | Created: 2026-09-30 02:33:59 | Elo: 2053.7
[2026-09-30 02:41:32] Ep 115542670 | Sub 56642568 | State: EpisodeState.COMPLETED | Created: 2026-09-30 02:37:56 | Elo: 2035.2
[2026-09-30 02:43:45] Ep 115543664 | Sub 56642568 | State: EpisodeState.COMPLETED | Created: 2026-09-30 02:37:58 | Elo: 2039.8
[2026-09-30 02:45:57] Ep 115544536 | Sub 56642568 | State: EpisodeState.COMPLETED | Created: 2026-09-30 02:41:57 | Elo: 2035.4
[2026-09-30 02:50:16] Ep 115546190 | Sub 56650452 | State: EpisodeState.COMPLETED | Created: 2026-09-30 02:45:57 | Elo: 2045.5
[2026-09-30 02:50:16] Ep 115546059 | Sub 56650452 | State: EpisodeState.COMPLETED | Created: 2026-09-30 02:45:57 | Elo: 2045.5
[2026-09-30 02:52:28] Ep 115546823 | Sub 56650452 | State: EpisodeState.COMPLETED | Created: 2026-09-30 02:45:58 | Elo: 2050.1
[2026-09-30 02:59:10] Ep 115549964 | Sub 56642568 | State: EpisodeState.COMPLETED | Created: 2026-09-30 02:54:02 | Elo: 2030.5
[2026-09-30 03:05:42] Ep 115553138 | Sub 56650452 | State: EpisodeState.COMPLETED | Created: 2026-09-30 03:01:58 | Elo: 2045.7
[2026-09-30 03:12:20] Ep 115554579 | Sub 56650452 | State: EpisodeState.COMPLETED | Created: 2026-09-30 03:06:13 | Elo: 2042.1
[2026-09-30 03:12:25] Ep 115554558 | Sub 56642568 | State: EpisodeState.COMPLETED | Created: 2026-09-30 03:06:13 | Elo: 2035.7
[2026-09-30 03:23:25] Ep 115558694 | Sub 56642568 | State: EpisodeState.COMPLETED | Created: 2026-09-30 03:17:57 | Elo: 2036.9
[2026-09-30 03:23:25] Ep 115559516 | Sub 56642568 | State: EpisodeState.COMPLETED | Created: 2026-09-30 03:17:59 | Elo: 2036.9
[2026-09-30 03:27:45] Ep 115561051 | Sub 56650452 | State: EpisodeState.COMPLETED | Created: 2026-09-30 03:21:59 | Elo: 2038.8
[2026-09-30 03:34:20] Ep 115564019 | Sub 56650452 | State: EpisodeState.COMPLETED | Created: 2026-09-30 03:30:06 | Elo: 2033.8
[2026-09-30 03:36:37] Ep 115565893 | Sub 56642568 | State: EpisodeState.COMPLETED | Created: 2026-09-30 03:33:58 | Elo: 2033.6
[2026-09-30 03:47:35] Ep 115569333 | Sub 56650452 | State: EpisodeState.COMPLETED | Created: 2026-09-30 03:41:57 | Elo: 2039.4
[2026-09-30 03:56:27] Ep 115572274 | Sub 56642568 | State: EpisodeState.COMPLETED | Created: 2026-09-30 03:50:00 | Elo: 2037.2
[2026-09-30 04:02:57] Ep 115575567 | Sub 56650452 | State: EpisodeState.COMPLETED | Created: 2026-09-30 03:57:58 | Elo: 2034.9
[2026-09-30 04:05:09] Ep 115574592 | Sub 56650452 | State: EpisodeState.COMPLETED | Created: 2026-09-30 03:57:56 | Elo: 2031.2
[2026-09-30 04:05:14] Ep 115577336 | Sub 56642568 | State: EpisodeState.COMPLETED | Created: 2026-09-30 04:01:58 | Elo: 2040.6
[2026-09-30 04:16:08] Ep 115580554 | Sub 56650452 | State: EpisodeState.COMPLETED | Created: 2026-09-30 04:10:04 | Elo: 2027.5
[2026-09-30 04:16:13] Ep 115580377 | Sub 56642568 | State: EpisodeState.COMPLETED | Created: 2026-09-30 04:10:03 | Elo: 2036.1
[2026-09-30 04:22:47] Ep 115583418 | Sub 56642568 | State: EpisodeState.COMPLETED | Created: 2026-09-30 04:17:58 | Elo: 2030.5
[2026-09-30 04:29:17] Ep 115584700 | Sub 56650452 | State: EpisodeState.COMPLETED | Created: 2026-09-30 04:21:56 | Elo: 2022.5
[2026-09-30 04:35:56] Ep 115588402 | Sub 56642568 | State: EpisodeState.COMPLETED | Created: 2026-09-30 04:30:01 | Elo: 2027.6
[2026-09-30 04:46:50] Ep 115589877 | Sub 56650452 | State: EpisodeState.COMPLETED | Created: 2026-09-30 04:33:57 | Elo: 2018.4
[2026-09-30 04:46:55] Ep 115593371 | Sub 56642568 | State: EpisodeState.COMPLETED | Created: 2026-09-30 04:41:58 | Elo: 2031.7
[2026-09-30 04:49:02] Ep 115594903 | Sub 56650452 | State: EpisodeState.COMPLETED | Created: 2026-09-30 04:45:59 | Elo: 2023.4
[2026-09-30 04:55:39] Ep 115596504 | Sub 56650452 | State: EpisodeState.COMPLETED | Created: 2026-09-30 04:50:06 | Elo: 2024.6
[2026-09-30 04:55:39] Ep 115596438 | Sub 56650452 | State: EpisodeState.COMPLETED | Created: 2026-09-30 04:50:06 | Elo: 2024.6
[2026-09-30 04:55:44] Ep 115595712 | Sub 56642568 | State: EpisodeState.COMPLETED | Created: 2026-09-30 04:50:04 | Elo: 2035.4
[2026-09-30 05:02:14] Ep 115599246 | Sub 56650452 | State: EpisodeState.COMPLETED | Created: 2026-09-30 04:58:05 | Elo: 2029.8
[2026-09-30 05:06:43] Ep 115601286 | Sub 56642568 | State: EpisodeState.COMPLETED | Created: 2026-09-30 05:01:59 | Elo: 2031.0
[2026-09-30 05:08:55] Ep 115601407 | Sub 56642568 | State: EpisodeState.COMPLETED | Created: 2026-09-30 05:01:59 | Elo: 2035.7
[2026-09-30 05:15:26] Ep 115604579 | Sub 56650452 | State: EpisodeState.COMPLETED | Created: 2026-09-30 05:10:04 | Elo: 2034.5
[2026-09-30 05:19:53] Ep 115606406 | Sub 56642568 | State: EpisodeState.COMPLETED | Created: 2026-09-30 05:13:58 | Elo: 2035.6
[2026-09-30 05:19:53] Ep 115606516 | Sub 56642568 | State: EpisodeState.COMPLETED | Created: 2026-09-30 05:13:58 | Elo: 2035.6
[2026-09-30 05:26:23] Ep 115609681 | Sub 56650452 | State: EpisodeState.COMPLETED | Created: 2026-09-30 05:22:00 | Elo: 2038.1
[2026-09-30 05:30:48] Ep 115610371 | Sub 56650452 | State: EpisodeState.COMPLETED | Created: 2026-09-30 05:25:58 | Elo: 2040.7
[2026-09-30 05:33:04] Ep 115612982 | Sub 56642568 | State: EpisodeState.COMPLETED | Created: 2026-09-30 05:30:06 | Elo: 2031.2
[2026-09-30 05:39:41] Ep 115612793 | Sub 56642568 | State: EpisodeState.COMPLETED | Created: 2026-09-30 05:30:06 | Elo: 2028.1
[2026-09-30 05:44:00] Ep 115615958 | Sub 56650452 | State: EpisodeState.COMPLETED | Created: 2026-09-30 05:38:01 | Elo: 2030.9
[2026-09-30 05:44:00] Ep 115616039 | Sub 56650452 | State: EpisodeState.COMPLETED | Created: 2026-09-30 05:38:01 | Elo: 2030.9
[2026-09-30 05:48:23] Ep 115616995 | Sub 56650452 | State: EpisodeState.COMPLETED | Created: 2026-09-30 05:41:58 | Elo: 2035.7
[2026-09-30 05:48:28] Ep 115617658 | Sub 56642568 | State: EpisodeState.COMPLETED | Created: 2026-09-30 05:41:59 | Elo: 2033.2
[2026-09-30 05:57:12] Ep 115622181 | Sub 56650452 | State: EpisodeState.COMPLETED | Created: 2026-09-30 05:54:08 | Elo: 2039.2
[2026-09-30 05:57:17] Ep 115621473 | Sub 56642568 | State: EpisodeState.COMPLETED | Created: 2026-09-30 05:54:06 | Elo: 2038.4
[2026-09-30 05:59:30] Ep 115622432 | Sub 56642568 | State: EpisodeState.COMPLETED | Created: 2026-09-30 05:54:08 | Elo: 2043.3
[2026-09-30 06:08:13] Ep 115626995 | Sub 56650452 | State: EpisodeState.COMPLETED | Created: 2026-09-30 06:05:59 | Elo: 2034.3
[2026-09-30 06:08:18] Ep 115625558 | Sub 56642568 | State: EpisodeState.COMPLETED | Created: 2026-09-30 06:01:59 | Elo: 2047.9
[2026-09-30 06:12:42] Ep 115627765 | Sub 56642568 | State: EpisodeState.COMPLETED | Created: 2026-09-30 06:10:01 | Elo: 2043.6
[2026-09-30 06:21:25] Ep 115631905 | Sub 56650452 | State: EpisodeState.COMPLETED | Created: 2026-09-30 06:18:00 | Elo: 2030.5
[2026-09-30 06:23:43] Ep 115631749 | Sub 56642568 | State: EpisodeState.COMPLETED | Created: 2026-09-30 06:17:59 | Elo: 2038.6
[2026-09-30 06:32:32] Ep 115636650 | Sub 56642568 | State: EpisodeState.COMPLETED | Created: 2026-09-30 06:30:04 | Elo: 2038.6
[2026-09-30 06:36:50] Ep 115637936 | Sub 56650452 | State: EpisodeState.COMPLETED | Created: 2026-09-30 06:34:05 | Elo: 2025.8
[2026-09-30 06:39:06] Ep 115637615 | Sub 56642568 | State: EpisodeState.COMPLETED | Created: 2026-09-30 06:34:05 | Elo: 2041.0
[2026-09-30 06:43:25] Ep 115639166 | Sub 56650452 | State: EpisodeState.COMPLETED | Created: 2026-09-30 06:37:58 | Elo: 2021.3
[2026-09-30 06:50:04] Ep 115642785 | Sub 56642568 | State: EpisodeState.COMPLETED | Created: 2026-09-30 06:45:59 | Elo: 2044.8
[2026-09-30 06:52:10] Ep 115641651 | Sub 56650452 | State: EpisodeState.COMPLETED | Created: 2026-09-30 06:45:57 | Elo: 2018.5
[2026-09-30 06:54:21] Ep 115644196 | Sub 56650452 | State: EpisodeState.COMPLETED | Created: 2026-09-30 06:50:04 | Elo: 2014.1
[2026-09-30 07:03:15] Ep 115647625 | Sub 56642568 | State: EpisodeState.COMPLETED | Created: 2026-09-30 06:57:59 | Elo: 2041.2
[2026-09-30 07:05:22] Ep 115647537 | Sub 56650452 | State: EpisodeState.COMPLETED | Created: 2026-09-30 06:57:59 | Elo: 2009.2
[2026-09-30 07:05:26] Ep 115648755 | Sub 56642568 | State: EpisodeState.COMPLETED | Created: 2026-09-30 07:01:59 | Elo: 2045.8
[2026-09-30 07:14:11] Ep 115652339 | Sub 56650452 | State: EpisodeState.COMPLETED | Created: 2026-09-30 07:10:14 | Elo: 2003.1
[2026-09-30 07:18:40] Ep 115653731 | Sub 56642568 | State: EpisodeState.COMPLETED | Created: 2026-09-30 07:14:03 | Elo: 2041.2
[2026-09-30 07:23:01] Ep 115655338 | Sub 56650452 | State: EpisodeState.COMPLETED | Created: 2026-09-30 07:18:04 | Elo: 1999.9
[2026-09-30 07:27:32] Ep 115656948 | Sub 56642568 | State: EpisodeState.COMPLETED | Created: 2026-09-30 07:21:58 | Elo: 2036.8
[2026-09-30 07:34:04] Ep 115660232 | Sub 56650452 | State: EpisodeState.COMPLETED | Created: 2026-09-30 07:30:00 | Elo: 1994.7
[2026-09-30 07:38:35] Ep 115660759 | Sub 56642568 | State: EpisodeState.COMPLETED | Created: 2026-09-30 07:33:57 | Elo: 2032.0
[2026-09-30 07:40:47] Ep 115661803 | Sub 56642568 | State: EpisodeState.COMPLETED | Created: 2026-09-30 07:33:59 | Elo: 2027.1
[2026-09-30 07:45:11] Ep 115664721 | Sub 56642568 | State: EpisodeState.COMPLETED | Created: 2026-09-30 07:41:59 | Elo: 2021.8
[2026-09-30 07:49:31] Ep 115665608 | Sub 56650452 | State: EpisodeState.COMPLETED | Created: 2026-09-30 07:45:57 | Elo: 1987.2
[2026-09-30 07:49:31] Ep 115666180 | Sub 56650452 | State: EpisodeState.COMPLETED | Created: 2026-09-30 07:45:58 | Elo: 1987.2
[2026-09-30 07:49:31] Ep 115666228 | Sub 56650452 | State: EpisodeState.COMPLETED | Created: 2026-09-30 07:45:58 | Elo: 1987.2
[2026-09-30 07:49:31] Ep 115665589 | Sub 56650452 | State: EpisodeState.COMPLETED | Created: 2026-09-30 07:45:57 | Elo: 1987.2
[2026-09-30 07:51:43] Ep 115666271 | Sub 56650452 | State: EpisodeState.COMPLETED | Created: 2026-09-30 07:45:58 | Elo: 1983.9
[2026-09-30 07:51:48] Ep 115666983 | Sub 56642568 | State: EpisodeState.COMPLETED | Created: 2026-09-30 07:50:00 | Elo: 2021.8
[2026-09-30 07:54:00] Ep 115667633 | Sub 56642568 | State: EpisodeState.COMPLETED | Created: 2026-09-30 07:50:00 | Elo: 2021.2
[2026-09-30 07:58:25] Ep 115669107 | Sub 56642568 | State: EpisodeState.COMPLETED | Created: 2026-09-30 07:54:01 | Elo: 2015.3
[2026-09-30 08:04:56] Ep 115672252 | Sub 56650452 | State: EpisodeState.COMPLETED | Created: 2026-09-30 08:01:58 | Elo: 1991.7
[2026-09-30 08:04:56] Ep 115672231 | Sub 56650452 | State: EpisodeState.COMPLETED | Created: 2026-09-30 08:01:58 | Elo: 1991.7
[2026-09-30 08:09:26] Ep 115673352 | Sub 56650452 | State: EpisodeState.COMPLETED | Created: 2026-09-30 08:05:57 | Elo: 1988.9
[2026-09-30 08:11:33] Ep 115674157 | Sub 56701659 | State: EpisodeState.COMPLETED | Created: 2026-09-30 08:06:22 | Elo: 
[2026-09-30 08:13:50] Ep 115675325 | Sub 56650452 | State: EpisodeState.COMPLETED | Created: 2026-09-30 08:10:02 | Elo: 1993.1
[2026-09-30 08:20:21] Ep 115676058 | Sub 56701659 | State: EpisodeState.COMPLETED | Created: 2026-09-30 08:14:02 | Elo: 691.1
[2026-09-30 08:24:45] Ep 115677614 | Sub 56701659 | State: EpisodeState.COMPLETED | Created: 2026-09-30 08:17:57 | Elo: 792.7
[2026-09-30 08:26:57] Ep 115679096 | Sub 56701659 | State: EpisodeState.COMPLETED | Created: 2026-09-30 08:21:57 | Elo: 859.7
[2026-09-30 08:29:14] Ep 115680190 | Sub 56650452 | State: EpisodeState.COMPLETED | Created: 2026-09-30 08:21:59 | Elo: 1996.6
[2026-09-30 08:31:20] Ep 115680573 | Sub 56701659 | State: EpisodeState.COMPLETED | Created: 2026-09-30 08:25:57 | Elo: 992.8
[2026-09-30 08:33:32] Ep 115682055 | Sub 56701659 | State: EpisodeState.COMPLETED | Created: 2026-09-30 08:29:58 | Elo: 1102.7
[2026-09-30 08:35:48] Ep 115683129 | Sub 56650452 | State: EpisodeState.COMPLETED | Created: 2026-09-30 08:30:00 | Elo: 1993.5
[2026-09-30 08:37:55] Ep 115683554 | Sub 56701659 | State: EpisodeState.COMPLETED | Created: 2026-09-30 08:33:57 | Elo: 1190.1
[2026-09-30 08:40:06] Ep 115685070 | Sub 56701659 | State: EpisodeState.COMPLETED | Created: 2026-09-30 08:38:04 | Elo: 1243.1
[2026-09-30 08:42:23] Ep 115686218 | Sub 56650452 | State: EpisodeState.COMPLETED | Created: 2026-09-30 08:38:06 | Elo: 1988.6
[2026-09-30 08:44:30] Ep 115687462 | Sub 56701659 | State: EpisodeState.COMPLETED | Created: 2026-09-30 08:41:58 | Elo: 1341.7
[2026-09-30 08:48:53] Ep 115686584 | Sub 56701659 | State: EpisodeState.COMPLETED | Created: 2026-09-30 08:41:56 | Elo: 1411.1
[2026-09-30 08:53:18] Ep 115689607 | Sub 56701659 | State: EpisodeState.COMPLETED | Created: 2026-09-30 08:50:04 | Elo: 1595.1
[2026-09-30 08:53:18] Ep 115688080 | Sub 56701659 | State: EpisodeState.COMPLETED | Created: 2026-09-30 08:46:05 | Elo: 1595.1
[2026-09-30 08:57:40] Ep 115691488 | Sub 56701659 | State: EpisodeState.COMPLETED | Created: 2026-09-30 08:53:58 | Elo: 1702.4
[2026-09-30 08:57:45] Ep 115692265 | Sub 56650452 | State: EpisodeState.COMPLETED | Created: 2026-09-30 08:53:59 | Elo: 1982.9
[2026-09-30 08:59:52] Ep 115691116 | Sub 56701659 | State: EpisodeState.COMPLETED | Created: 2026-09-30 08:53:57 | Elo: 1773.6
[2026-09-30 08:59:57] Ep 115691100 | Sub 56650452 | State: EpisodeState.COMPLETED | Created: 2026-09-30 08:53:57 | Elo: 1979.5
[2026-09-30 09:04:14] Ep 115692636 | Sub 56701659 | State: EpisodeState.COMPLETED | Created: 2026-09-30 08:58:04 | Elo: 1862.3
[2026-09-30 09:06:26] Ep 115694158 | Sub 56701659 | State: EpisodeState.COMPLETED | Created: 2026-09-30 09:02:02 | Elo: 1942.5
[2026-09-30 09:08:43] Ep 115696681 | Sub 56650452 | State: EpisodeState.COMPLETED | Created: 2026-09-30 09:06:03 | Elo: 1983.4
[2026-09-30 09:10:50] Ep 115695677 | Sub 56701659 | State: EpisodeState.COMPLETED | Created: 2026-09-30 09:06:01 | Elo: 1831.3
[2026-09-30 09:13:01] Ep 115696965 | Sub 56701659 | State: EpisodeState.COMPLETED | Created: 2026-09-30 09:06:04 | Elo: 1945.4
[2026-09-30 09:15:13] Ep 115697229 | Sub 56701659 | State: EpisodeState.COMPLETED | Created: 2026-09-30 09:09:58 | Elo: 2027.1
[2026-09-30 09:19:37] Ep 115698832 | Sub 56701659 | State: EpisodeState.COMPLETED | Created: 2026-09-30 09:13:56 | Elo: 2131.0
[2026-09-30 09:19:37] Ep 115699822 | Sub 56701659 | State: EpisodeState.COMPLETED | Created: 2026-09-30 09:13:58 | Elo: 2131.0
[2026-09-30 09:21:49] Ep 115700380 | Sub 56701659 | State: EpisodeState.COMPLETED | Created: 2026-09-30 09:17:57 | Elo: 2159.9
[2026-09-30 09:24:06] Ep 115701595 | Sub 56650452 | State: EpisodeState.COMPLETED | Created: 2026-09-30 09:17:59 | Elo: 1987.5
[2026-09-30 09:26:17] Ep 115702277 | Sub 56650452 | State: EpisodeState.COMPLETED | Created: 2026-09-30 09:21:57 | Elo: 1991.4
[2026-09-30 09:28:23] Ep 115701956 | Sub 56701659 | State: EpisodeState.COMPLETED | Created: 2026-09-30 09:21:56 | Elo: 2106.1
[2026-09-30 09:28:28] Ep 115703031 | Sub 56650452 | State: EpisodeState.COMPLETED | Created: 2026-09-30 09:21:58 | Elo: 1995.3
[2026-09-30 09:30:36] Ep 115703484 | Sub 56701659 | State: EpisodeState.COMPLETED | Created: 2026-09-30 09:25:56 | Elo: 2074.2
[2026-09-30 09:34:58] Ep 115705059 | Sub 56701659 | State: EpisodeState.COMPLETED | Created: 2026-09-30 09:30:03 | Elo: 2050.6
[2026-09-30 09:35:03] Ep 115705840 | Sub 56650452 | State: EpisodeState.COMPLETED | Created: 2026-09-30 09:30:04 | Elo: 1999.7
[2026-09-30 09:37:09] Ep 115706590 | Sub 56701659 | State: EpisodeState.COMPLETED | Created: 2026-09-30 09:34:04 | Elo: 2085.9
[2026-09-30 09:41:33] Ep 115708109 | Sub 56701659 | State: EpisodeState.COMPLETED | Created: 2026-09-30 09:37:56 | Elo: 2058.9
[2026-09-30 09:43:45] Ep 115709636 | Sub 56701659 | State: EpisodeState.COMPLETED | Created: 2026-09-30 09:41:56 | Elo: 2058.0
[2026-09-30 09:43:45] Ep 115708115 | Sub 56701659 | State: EpisodeState.COMPLETED | Created: 2026-09-30 09:37:56 | Elo: 2058.0
[2026-09-30 09:46:02] Ep 115710715 | Sub 56650452 | State: EpisodeState.COMPLETED | Created: 2026-09-30 09:41:57 | Elo: 1994.4
[2026-09-30 09:50:21] Ep 115711169 | Sub 56701659 | State: EpisodeState.COMPLETED | Created: 2026-09-30 09:45:56 | Elo: 2098.6
[2026-09-30 09:50:21] Ep 115711677 | Sub 56701659 | State: EpisodeState.COMPLETED | Created: 2026-09-30 09:45:56 | Elo: 2098.6
[2026-09-30 09:50:26] Ep 115712114 | Sub 56650452 | State: EpisodeState.COMPLETED | Created: 2026-09-30 09:45:57 | Elo: 1999.2
[2026-09-30 09:54:49] Ep 115713582 | Sub 56650452 | State: EpisodeState.COMPLETED | Created: 2026-09-30 09:50:03 | Elo: 1995.5
[2026-09-30 09:56:56] Ep 115714250 | Sub 56701659 | State: EpisodeState.COMPLETED | Created: 2026-09-30 09:53:56 | Elo: 2053.3
[2026-09-30 09:56:56] Ep 115712720 | Sub 56701659 | State: EpisodeState.COMPLETED | Created: 2026-09-30 09:50:02 | Elo: 2053.3
[2026-09-30 10:01:18] Ep 115715804 | Sub 56701659 | State: EpisodeState.COMPLETED | Created: 2026-09-30 09:58:01 | Elo: 2071.1
[2026-09-30 10:07:55] Ep 115717334 | Sub 56701659 | State: EpisodeState.COMPLETED | Created: 2026-09-30 10:02:03 | Elo: 2085.7
[2026-09-30 10:12:18] Ep 115720406 | Sub 56701659 | State: EpisodeState.COMPLETED | Created: 2026-09-30 10:10:02 | Elo: 2084.4
[2026-09-30 10:12:18] Ep 115718857 | Sub 56701659 | State: EpisodeState.COMPLETED | Created: 2026-09-30 10:05:56 | Elo: 2084.4
[2026-09-30 10:12:23] Ep 115719610 | Sub 56650452 | State: EpisodeState.COMPLETED | Created: 2026-09-30 10:05:57 | Elo: 1990.5
[2026-09-30 10:16:40] Ep 115720830 | Sub 56701659 | State: EpisodeState.COMPLETED | Created: 2026-09-30 10:10:03 | Elo: 2084.0
[2026-09-30 10:16:40] Ep 115720751 | Sub 56701659 | State: EpisodeState.COMPLETED | Created: 2026-09-30 10:10:03 | Elo: 2084.0
[2026-09-30 10:18:58] Ep 115722817 | Sub 56650452 | State: EpisodeState.COMPLETED | Created: 2026-09-30 10:13:59 | Elo: 1986.0
[2026-09-30 10:21:06] Ep 115723601 | Sub 56701659 | State: EpisodeState.COMPLETED | Created: 2026-09-30 10:17:59 | Elo: 2075.8
[2026-09-30 10:21:06] Ep 115724294 | Sub 56701659 | State: EpisodeState.COMPLETED | Created: 2026-09-30 10:18:00 | Elo: 2075.8
[2026-09-30 10:21:06] Ep 115722020 | Sub 56701659 | State: EpisodeState.COMPLETED | Created: 2026-09-30 10:13:58 | Elo: 2075.8
[2026-09-30 10:27:41] Ep 115725177 | Sub 56701659 | State: EpisodeState.COMPLETED | Created: 2026-09-30 10:22:02 | Elo: 2084.5
[2026-09-30 10:29:52] Ep 115726717 | Sub 56701659 | State: EpisodeState.COMPLETED | Created: 2026-09-30 10:25:58 | Elo: 2071.9
[2026-09-30 10:36:32] Ep 115728814 | Sub 56701659 | State: EpisodeState.COMPLETED | Created: 2026-09-30 10:30:09 | Elo: 2070.8
[2026-09-30 10:36:32] Ep 115728286 | Sub 56701659 | State: EpisodeState.COMPLETED | Created: 2026-09-30 10:30:08 | Elo: 2070.8
[2026-09-30 10:40:54] Ep 115729799 | Sub 56701659 | State: EpisodeState.COMPLETED | Created: 2026-09-30 10:33:57 | Elo: 2081.5
[2026-09-30 10:43:01] Ep 115730729 | Sub 56704955 | State: EpisodeState.COMPLETED | Created: 2026-09-30 10:35:59 | Elo: 600.0
[2026-09-30 10:43:06] Ep 115731349 | Sub 56701659 | State: EpisodeState.COMPLETED | Created: 2026-09-30 10:37:56 | Elo: 2091.2
[2026-09-30 10:45:18] Ep 115732937 | Sub 56701659 | State: EpisodeState.COMPLETED | Created: 2026-09-30 10:41:57 | Elo: 2082.3
[2026-09-30 10:47:24] Ep 115732618 | Sub 56704955 | State: EpisodeState.COMPLETED | Created: 2026-09-30 10:41:57 | Elo: 720.3
[2026-09-30 10:49:34] Ep 115734142 | Sub 56704955 | State: EpisodeState.COMPLETED | Created: 2026-09-30 10:45:57 | Elo: 783.2
[2026-09-30 10:49:39] Ep 115734463 | Sub 56701659 | State: EpisodeState.COMPLETED | Created: 2026-09-30 10:45:57 | Elo: 2089.8
[2026-09-30 10:54:02] Ep 115735975 | Sub 56701659 | State: EpisodeState.COMPLETED | Created: 2026-09-30 10:50:00 | Elo: 2081.6
[2026-09-30 10:56:09] Ep 115735634 | Sub 56704955 | State: EpisodeState.COMPLETED | Created: 2026-09-30 10:50:00 | Elo: 918.7
[2026-09-30 10:58:21] Ep 115737172 | Sub 56704955 | State: EpisodeState.COMPLETED | Created: 2026-09-30 10:53:58 | Elo: 981.1
[2026-09-30 10:58:25] Ep 115737566 | Sub 56701659 | State: EpisodeState.COMPLETED | Created: 2026-09-30 10:53:58 | Elo: 2073.7
[2026-09-30 11:00:32] Ep 115738666 | Sub 56704955 | State: EpisodeState.COMPLETED | Created: 2026-09-30 10:58:00 | Elo: 1052.1
[2026-09-30 11:00:38] Ep 115736025 | Sub 56701659 | State: EpisodeState.COMPLETED | Created: 2026-09-30 10:50:00 | Elo: 2085.6
[2026-09-30 11:02:49] Ep 115739693 | Sub 56701659 | State: EpisodeState.COMPLETED | Created: 2026-09-30 10:58:02 | Elo: 2074.5
[2026-09-30 11:05:01] Ep 115740763 | Sub 56701659 | State: EpisodeState.COMPLETED | Created: 2026-09-30 11:01:58 | Elo: 2078.3
[2026-09-30 11:05:01] Ep 115740698 | Sub 56701659 | State: EpisodeState.COMPLETED | Created: 2026-09-30 11:01:58 | Elo: 2078.3
[2026-09-30 11:05:01] Ep 115740512 | Sub 56701659 | State: EpisodeState.COMPLETED | Created: 2026-09-30 11:01:57 | Elo: 2078.3
[2026-09-30 11:05:01] Ep 115739123 | Sub 56701659 | State: EpisodeState.COMPLETED | Created: 2026-09-30 10:58:01 | Elo: 2078.3
[2026-09-30 11:07:08] Ep 115740189 | Sub 56704955 | State: EpisodeState.COMPLETED | Created: 2026-09-30 11:01:57 | Elo: 1149.1
[2026-09-30 11:11:30] Ep 115741782 | Sub 56704955 | State: EpisodeState.COMPLETED | Created: 2026-09-30 11:05:57 | Elo: 1149.1
[2026-09-30 11:11:35] Ep 115742122 | Sub 56701659 | State: EpisodeState.COMPLETED | Created: 2026-09-30 11:05:58 | Elo: 2063.2
[2026-09-30 11:13:42] Ep 115743246 | Sub 56704955 | State: EpisodeState.COMPLETED | Created: 2026-09-30 11:10:02 | Elo: 1371.5
[2026-09-30 11:13:47] Ep 115743826 | Sub 56701659 | State: EpisodeState.COMPLETED | Created: 2026-09-30 11:10:03 | Elo: 2069.3
[2026-09-30 11:15:54] Ep 115743528 | Sub 56704955 | State: EpisodeState.COMPLETED | Created: 2026-09-30 11:10:03 | Elo: 1189.4
[2026-09-30 11:18:09] Ep 115745366 | Sub 56701659 | State: EpisodeState.COMPLETED | Created: 2026-09-30 11:13:57 | Elo: 2065.1
[2026-09-30 11:20:17] Ep 115744721 | Sub 56704955 | State: EpisodeState.COMPLETED | Created: 2026-09-30 11:13:56 | Elo: 1350.9
[2026-09-30 11:20:22] Ep 115745883 | Sub 56701659 | State: EpisodeState.COMPLETED | Created: 2026-09-30 11:13:58 | Elo: 2069.7
[2026-09-30 11:22:29] Ep 115746314 | Sub 56704955 | State: EpisodeState.COMPLETED | Created: 2026-09-30 11:17:59 | Elo: 1399.9
[2026-09-30 11:26:53] Ep 115748220 | Sub 56704955 | State: EpisodeState.COMPLETED | Created: 2026-09-30 11:22:01 | Elo: 1535.7
[2026-09-30 11:26:53] Ep 115747896 | Sub 56704955 | State: EpisodeState.COMPLETED | Created: 2026-09-30 11:22:01 | Elo: 1535.7
[2026-09-30 11:26:58] Ep 115748458 | Sub 56701659 | State: EpisodeState.COMPLETED | Created: 2026-09-30 11:22:02 | Elo: 2075.1
[2026-09-30 11:29:05] Ep 115749455 | Sub 56704955 | State: EpisodeState.COMPLETED | Created: 2026-09-30 11:25:56 | Elo: 1583.0
[2026-09-30 11:29:10] Ep 115746911 | Sub 56701659 | State: EpisodeState.COMPLETED | Created: 2026-09-30 11:18:00 | Elo: 2078.3
[2026-09-30 11:29:10] Ep 115749990 | Sub 56701659 | State: EpisodeState.COMPLETED | Created: 2026-09-30 11:25:57 | Elo: 2078.3
[2026-09-30 11:35:40] Ep 115751044 | Sub 56704955 | State: EpisodeState.COMPLETED | Created: 2026-09-30 11:30:00 | Elo: 1611.0
[2026-09-30 11:37:57] Ep 115753079 | Sub 56701659 | State: EpisodeState.COMPLETED | Created: 2026-09-30 11:33:57 | Elo: 2089.0
[2026-09-30 11:37:57] Ep 115751543 | Sub 56701659 | State: EpisodeState.COMPLETED | Created: 2026-09-30 11:30:01 | Elo: 2089.0
[2026-09-30 11:40:04] Ep 115754583 | Sub 56704955 | State: EpisodeState.COMPLETED | Created: 2026-09-30 11:37:56 | Elo: 1592.2
[2026-09-30 11:40:04] Ep 115752563 | Sub 56704955 | State: EpisodeState.COMPLETED | Created: 2026-09-30 11:33:56 | Elo: 1592.2
[2026-09-30 11:40:04] Ep 115753149 | Sub 56704955 | State: EpisodeState.COMPLETED | Created: 2026-09-30 11:33:57 | Elo: 1592.2
[2026-09-30 11:42:16] Ep 115754083 | Sub 56704955 | State: EpisodeState.COMPLETED | Created: 2026-09-30 11:37:56 | Elo: 1663.9
[2026-09-30 11:42:21] Ep 115754615 | Sub 56701659 | State: EpisodeState.COMPLETED | Created: 2026-09-30 11:37:56 | Elo: 2094.2
[2026-09-30 11:46:41] Ep 115755671 | Sub 56704955 | State: EpisodeState.COMPLETED | Created: 2026-09-30 11:41:56 | Elo: 1696.8
[2026-09-30 11:48:54] Ep 115757212 | Sub 56704955 | State: EpisodeState.COMPLETED | Created: 2026-09-30 11:45:57 | Elo: 1735.9
[2026-09-30 11:48:54] Ep 115757662 | Sub 56704955 | State: EpisodeState.COMPLETED | Created: 2026-09-30 11:45:58 | Elo: 1735.9
[2026-09-30 11:48:59] Ep 115755476 | Sub 56701659 | State: EpisodeState.COMPLETED | Created: 2026-09-30 11:41:56 | Elo: 2087.5
[2026-09-30 11:48:59] Ep 115756164 | Sub 56701659 | State: EpisodeState.COMPLETED | Created: 2026-09-30 11:41:57 | Elo: 2087.5
[2026-09-30 11:51:12] Ep 115757686 | Sub 56701659 | State: EpisodeState.COMPLETED | Created: 2026-09-30 11:45:58 | Elo: 2082.6
[2026-09-30 11:53:19] Ep 115758772 | Sub 56704955 | State: EpisodeState.COMPLETED | Created: 2026-09-30 11:50:08 | Elo: 1759.5
[2026-09-30 11:55:36] Ep 115759240 | Sub 56701659 | State: EpisodeState.COMPLETED | Created: 2026-09-30 11:50:09 | Elo: 2082.6
[2026-09-30 11:59:55] Ep 115760295 | Sub 56704955 | State: EpisodeState.COMPLETED | Created: 2026-09-30 11:53:57 | Elo: 1776.2
[2026-09-30 12:02:12] Ep 115760750 | Sub 56701659 | State: EpisodeState.COMPLETED | Created: 2026-09-30 11:53:57 | Elo: 2081.3
[2026-09-30 12:02:12] Ep 115762046 | Sub 56701659 | State: EpisodeState.COMPLETED | Created: 2026-09-30 11:57:57 | Elo: 2081.3
[2026-09-30 12:04:18] Ep 115761811 | Sub 56704955 | State: EpisodeState.COMPLETED | Created: 2026-09-30 11:57:57 | Elo: 1790.7
[2026-09-30 12:04:23] Ep 115763837 | Sub 56701659 | State: EpisodeState.COMPLETED | Created: 2026-09-30 12:01:57 | Elo: 2072.8
[2026-09-30 12:04:23] Ep 115762275 | Sub 56701659 | State: EpisodeState.COMPLETED | Created: 2026-09-30 11:57:58 | Elo: 2072.8
[2026-09-30 12:08:43] Ep 115763359 | Sub 56704955 | State: EpisodeState.COMPLETED | Created: 2026-09-30 12:01:56 | Elo: 1802.7
[2026-09-30 12:08:48] Ep 115765385 | Sub 56701659 | State: EpisodeState.COMPLETED | Created: 2026-09-30 12:06:06 | Elo: 2076.9
[2026-09-30 12:10:55] Ep 115764893 | Sub 56704955 | State: EpisodeState.COMPLETED | Created: 2026-09-30 12:06:05 | Elo: 1830.7
[2026-09-30 12:10:55] Ep 115764885 | Sub 56704955 | State: EpisodeState.COMPLETED | Created: 2026-09-30 12:06:05 | Elo: 1830.7
[2026-09-30 12:11:00] Ep 115764844 | Sub 56701659 | State: EpisodeState.COMPLETED | Created: 2026-09-30 12:06:05 | Elo: 2081.1
[2026-09-30 12:13:12] Ep 115766949 | Sub 56701659 | State: EpisodeState.COMPLETED | Created: 2026-09-30 12:10:03 | Elo: 2075.6
[2026-09-30 12:15:19] Ep 115766482 | Sub 56704955 | State: EpisodeState.COMPLETED | Created: 2026-09-30 12:10:03 | Elo: 1842.5
[2026-09-30 12:17:36] Ep 115768524 | Sub 56701659 | State: EpisodeState.COMPLETED | Created: 2026-09-30 12:13:59 | Elo: 2071.6
[2026-09-30 12:19:41] Ep 115768045 | Sub 56704955 | State: EpisodeState.COMPLETED | Created: 2026-09-30 12:13:58 | Elo: 1855.9
[2026-09-30 12:21:53] Ep 115769561 | Sub 56704955 | State: EpisodeState.COMPLETED | Created: 2026-09-30 12:18:05 | Elo: 1844.2
[2026-09-30 12:21:58] Ep 115769800 | Sub 56701659 | State: EpisodeState.COMPLETED | Created: 2026-09-30 12:18:05 | Elo: 2070.7
[2026-09-30 12:21:58] Ep 115769948 | Sub 56701659 | State: EpisodeState.COMPLETED | Created: 2026-09-30 12:18:05 | Elo: 2070.7
[2026-09-30 12:24:09] Ep 115770045 | Sub 56701659 | State: EpisodeState.COMPLETED | Created: 2026-09-30 12:18:05 | Elo: 2074.9
[2026-09-30 12:28:28] Ep 115772598 | Sub 56704955 | State: EpisodeState.COMPLETED | Created: 2026-09-30 12:25:57 | Elo: 1840.8
[2026-09-30 12:28:28] Ep 115771105 | Sub 56704955 | State: EpisodeState.COMPLETED | Created: 2026-09-30 12:21:57 | Elo: 1840.8
[2026-09-30 12:32:52] Ep 115775001 | Sub 56704955 | State: EpisodeState.COMPLETED | Created: 2026-09-30 12:30:04 | Elo: 1853.5
[2026-09-30 12:35:03] Ep 115774121 | Sub 56704955 | State: EpisodeState.COMPLETED | Created: 2026-09-30 12:30:03 | Elo: 1862.1
[2026-09-30 12:37:15] Ep 115775652 | Sub 56704955 | State: EpisodeState.COMPLETED | Created: 2026-09-30 12:33:57 | Elo: 1869.2
[2026-09-30 12:39:31] Ep 115776165 | Sub 56701659 | State: EpisodeState.COMPLETED | Created: 2026-09-30 12:33:58 | Elo: 2079.4
[2026-09-30 12:43:50] Ep 115777173 | Sub 56704955 | State: EpisodeState.COMPLETED | Created: 2026-09-30 12:37:57 | Elo: 1879.3
[2026-09-30 12:46:03] Ep 115778752 | Sub 56704955 | State: EpisodeState.COMPLETED | Created: 2026-09-30 12:42:04 | Elo: 1887.4
[2026-09-30 12:48:14] Ep 115778678 | Sub 56704955 | State: EpisodeState.COMPLETED | Created: 2026-09-30 12:42:04 | Elo: 1895.7
[2026-09-30 12:50:26] Ep 115780819 | Sub 56704955 | State: EpisodeState.COMPLETED | Created: 2026-09-30 12:45:59 | Elo: 1903.8
[2026-09-30 12:52:37] Ep 115781783 | Sub 56704955 | State: EpisodeState.COMPLETED | Created: 2026-09-30 12:50:01 | Elo: 1918.5
[2026-09-30 12:52:37] Ep 115780246 | Sub 56704955 | State: EpisodeState.COMPLETED | Created: 2026-09-30 12:45:58 | Elo: 1918.5
[2026-09-30 12:54:54] Ep 115782268 | Sub 56701659 | State: EpisodeState.COMPLETED | Created: 2026-09-30 12:50:02 | Elo: 2083.3
[2026-09-30 12:59:12] Ep 115783333 | Sub 56704955 | State: EpisodeState.COMPLETED | Created: 2026-09-30 12:53:57 | Elo: 1927.5
[2026-09-30 13:05:48] Ep 115784855 | Sub 56704955 | State: EpisodeState.COMPLETED | Created: 2026-09-30 12:57:57 | Elo: 1934.1
[2026-09-30 13:08:00] Ep 115786378 | Sub 56704955 | State: EpisodeState.COMPLETED | Created: 2026-09-30 13:01:57 | Elo: 1940.5
[2026-09-30 13:10:13] Ep 115787907 | Sub 56704955 | State: EpisodeState.COMPLETED | Created: 2026-09-30 13:05:58 | Elo: 1948.5
[2026-09-30 13:12:28] Ep 115788436 | Sub 56701659 | State: EpisodeState.COMPLETED | Created: 2026-09-30 13:05:59 | Elo: 2078.8
[2026-09-30 13:14:35] Ep 115789430 | Sub 56704955 | State: EpisodeState.COMPLETED | Created: 2026-09-30 13:09:59 | Elo: 1940.1
[2026-09-30 13:16:45] Ep 115790947 | Sub 56704955 | State: EpisodeState.COMPLETED | Created: 2026-09-30 13:13:56 | Elo: 1931.9
[2026-09-30 13:25:32] Ep 115792495 | Sub 56704955 | State: EpisodeState.COMPLETED | Created: 2026-09-30 13:17:57 | Elo: 1947.7
[2026-09-30 13:25:32] Ep 115794009 | Sub 56704955 | State: EpisodeState.COMPLETED | Created: 2026-09-30 13:21:57 | Elo: 1947.7
[2026-09-30 13:29:56] Ep 115794695 | Sub 56708609 | State: EpisodeState.COMPLETED | Created: 2026-09-30 13:25:43 | Elo: 600.0
[2026-09-30 13:30:01] Ep 115795347 | Sub 56704955 | State: EpisodeState.COMPLETED | Created: 2026-09-30 13:25:57 | Elo: 1954.0
[2026-09-30 13:34:19] Ep 115796549 | Sub 56708609 | State: EpisodeState.COMPLETED | Created: 2026-09-30 13:29:59 | Elo: 682.3
[2026-09-30 13:34:24] Ep 115797048 | Sub 56704955 | State: EpisodeState.COMPLETED | Created: 2026-09-30 13:29:59 | Elo: 1962.1
[2026-09-30 13:38:42] Ep 115798030 | Sub 56708609 | State: EpisodeState.COMPLETED | Created: 2026-09-30 13:33:56 | Elo: 765.0
[2026-09-30 13:40:58] Ep 115800100 | Sub 56704955 | State: EpisodeState.COMPLETED | Created: 2026-09-30 13:37:58 | Elo: 1959.8
[2026-09-30 13:40:58] Ep 115798562 | Sub 56704955 | State: EpisodeState.COMPLETED | Created: 2026-09-30 13:33:57 | Elo: 1959.8
[2026-09-30 13:45:16] Ep 115801015 | Sub 56708609 | State: EpisodeState.COMPLETED | Created: 2026-09-30 13:41:56 | Elo: 872.6
[2026-09-30 13:47:31] Ep 115801638 | Sub 56704955 | State: EpisodeState.COMPLETED | Created: 2026-09-30 13:41:57 | Elo: 1965.1
[2026-09-30 13:49:38] Ep 115802504 | Sub 56708609 | State: EpisodeState.COMPLETED | Created: 2026-09-30 13:45:56 | Elo: 943.7
[2026-09-30 13:49:42] Ep 115803178 | Sub 56704955 | State: EpisodeState.COMPLETED | Created: 2026-09-30 13:45:57 | Elo: 1971.0
[2026-09-30 13:51:49] Ep 115799513 | Sub 56708609 | State: EpisodeState.COMPLETED | Created: 2026-09-30 13:37:56 | Elo: 975.0
[2026-09-30 13:51:54] Ep 115804696 | Sub 56704955 | State: EpisodeState.COMPLETED | Created: 2026-09-30 13:50:03 | Elo: 1971.0
[2026-09-30 13:54:01] Ep 115803983 | Sub 56708609 | State: EpisodeState.COMPLETED | Created: 2026-09-30 13:50:02 | Elo: 1114.9
[2026-09-30 13:54:06] Ep 115805151 | Sub 56704955 | State: EpisodeState.COMPLETED | Created: 2026-09-30 13:50:04 | Elo: 1970.0
[2026-09-30 13:56:14] Ep 115805433 | Sub 56708609 | State: EpisodeState.COMPLETED | Created: 2026-09-30 13:54:00 | Elo: 1251.6
[2026-09-30 13:58:29] Ep 115806222 | Sub 56704955 | State: EpisodeState.COMPLETED | Created: 2026-09-30 13:54:01 | Elo: 1966.0
[2026-09-30 14:00:36] Ep 115806358 | Sub 56708609 | State: EpisodeState.COMPLETED | Created: 2026-09-30 13:54:01 | Elo: 1406.6
[2026-09-30 14:00:36] Ep 115807783 | Sub 56708609 | State: EpisodeState.COMPLETED | Created: 2026-09-30 13:57:58 | Elo: 1406.6
[2026-09-30 14:00:40] Ep 115807730 | Sub 56704955 | State: EpisodeState.COMPLETED | Created: 2026-09-30 13:57:58 | Elo: 1966.0
[2026-09-30 14:02:47] Ep 115806920 | Sub 56708609 | State: EpisodeState.COMPLETED | Created: 2026-09-30 13:57:57 | Elo: 1452.2
[2026-09-30 14:05:03] Ep 115809279 | Sub 56704955 | State: EpisodeState.COMPLETED | Created: 2026-09-30 14:01:58 | Elo: 1979.3
[2026-09-30 14:09:21] Ep 115808419 | Sub 56708609 | State: EpisodeState.COMPLETED | Created: 2026-09-30 14:01:57 | Elo: 1570.4
[2026-09-30 14:09:25] Ep 115810810 | Sub 56704955 | State: EpisodeState.COMPLETED | Created: 2026-09-30 14:05:58 | Elo: 1985.1
[2026-09-30 14:11:32] Ep 115809924 | Sub 56708609 | State: EpisodeState.COMPLETED | Created: 2026-09-30 14:05:56 | Elo: 1638.6
[2026-09-30 14:13:43] Ep 115812436 | Sub 56708609 | State: EpisodeState.COMPLETED | Created: 2026-09-30 14:10:10 | Elo: 1702.8
[2026-09-30 14:15:54] Ep 115811421 | Sub 56708609 | State: EpisodeState.COMPLETED | Created: 2026-09-30 14:10:08 | Elo: 1802.7
[2026-09-30 14:18:06] Ep 115812937 | Sub 56708609 | State: EpisodeState.COMPLETED | Created: 2026-09-30 14:13:56 | Elo: 1877.1
[2026-09-30 14:18:11] Ep 115812337 | Sub 56704955 | State: EpisodeState.COMPLETED | Created: 2026-09-30 14:10:10 | Elo: 1974.4
[2026-09-30 14:18:11] Ep 115813867 | Sub 56704955 | State: EpisodeState.COMPLETED | Created: 2026-09-30 14:13:58 | Elo: 1974.4
[2026-09-30 14:22:27] Ep 115814481 | Sub 56708609 | State: EpisodeState.COMPLETED | Created: 2026-09-30 14:17:57 | Elo: 1926.4
[2026-09-30 14:22:32] Ep 115815668 | Sub 56704955 | State: EpisodeState.COMPLETED | Created: 2026-09-30 14:17:58 | Elo: 1974.5
[2026-09-30 14:22:32] Ep 115815447 | Sub 56704955 | State: EpisodeState.COMPLETED | Created: 2026-09-30 14:17:58 | Elo: 1974.5
[2026-09-30 14:24:43] Ep 115817013 | Sub 56704955 | State: EpisodeState.COMPLETED | Created: 2026-09-30 14:21:58 | Elo: 1979.4
[2026-09-30 14:26:49] Ep 115816000 | Sub 56708609 | State: EpisodeState.COMPLETED | Created: 2026-09-30 14:21:56 | Elo: 2040.4
[2026-09-30 14:29:06] Ep 115818254 | Sub 56704955 | State: EpisodeState.COMPLETED | Created: 2026-09-30 14:25:58 | Elo: 1975.2
[2026-09-30 14:31:12] Ep 115817500 | Sub 56708609 | State: EpisodeState.COMPLETED | Created: 2026-09-30 14:25:57 | Elo: 2131.4
[2026-09-30 14:31:17] Ep 115818526 | Sub 56704955 | State: EpisodeState.COMPLETED | Created: 2026-09-30 14:25:59 | Elo: 1979.7
[2026-09-30 14:33:29] Ep 115820051 | Sub 56704955 | State: EpisodeState.COMPLETED | Created: 2026-09-30 14:30:13 | Elo: 1975.4
[2026-09-30 14:35:35] Ep 115820027 | Sub 56708609 | State: EpisodeState.COMPLETED | Created: 2026-09-30 14:30:13 | Elo: 2000.0
[2026-09-30 14:35:35] Ep 115819037 | Sub 56708609 | State: EpisodeState.COMPLETED | Created: 2026-09-30 14:30:11 | Elo: 2000.0
[2026-09-30 14:40:00] Ep 115820549 | Sub 56708609 | State: EpisodeState.COMPLETED | Created: 2026-09-30 14:33:56 | Elo: 1940.6
[2026-09-30 14:40:05] Ep 115823112 | Sub 56704955 | State: EpisodeState.COMPLETED | Created: 2026-09-30 14:37:59 | Elo: 1969.6
[2026-09-30 14:40:05] Ep 115821593 | Sub 56704955 | State: EpisodeState.COMPLETED | Created: 2026-09-30 14:33:57 | Elo: 1969.6
[2026-09-30 14:44:24] Ep 115822133 | Sub 56708609 | State: EpisodeState.COMPLETED | Created: 2026-09-30 14:37:58 | Elo: 2023.3
[2026-09-30 14:50:56] Ep 115825289 | Sub 56708609 | State: EpisodeState.COMPLETED | Created: 2026-09-30 14:45:57 | Elo: 2009.0
[2026-09-30 14:50:56] Ep 115826230 | Sub 56708609 | State: EpisodeState.COMPLETED | Created: 2026-09-30 14:45:59 | Elo: 2009.0
[2026-09-30 14:53:09] Ep 115826882 | Sub 56708609 | State: EpisodeState.COMPLETED | Created: 2026-09-30 14:50:02 | Elo: 2052.4
[2026-09-30 14:55:21] Ep 115823703 | Sub 56708609 | State: EpisodeState.COMPLETED | Created: 2026-09-30 14:41:57 | Elo: 2022.7
[2026-09-30 14:59:45] Ep 115828461 | Sub 56708609 | State: EpisodeState.COMPLETED | Created: 2026-09-30 14:53:57 | Elo: 1994.0
[2026-09-30 15:06:19] Ep 115829969 | Sub 56708609 | State: EpisodeState.COMPLETED | Created: 2026-09-30 14:57:58 | Elo: 2040.3
[2026-09-30 15:06:19] Ep 115831504 | Sub 56708609 | State: EpisodeState.COMPLETED | Created: 2026-09-30 15:01:57 | Elo: 2040.3
[2026-09-30 15:06:24] Ep 115832392 | Sub 56704955 | State: EpisodeState.COMPLETED | Created: 2026-09-30 15:01:59 | Elo: 1974.1
[2026-09-30 15:12:52] Ep 115833034 | Sub 56708609 | State: EpisodeState.COMPLETED | Created: 2026-09-30 15:05:57 | Elo: 2008.2
[2026-09-30 15:15:05] Ep 115834548 | Sub 56708609 | State: EpisodeState.COMPLETED | Created: 2026-09-30 15:10:03 | Elo: 2026.1
[2026-09-30 15:15:05] Ep 115835406 | Sub 56708609 | State: EpisodeState.COMPLETED | Created: 2026-09-30 15:10:05 | Elo: 2026.1
[2026-09-30 15:19:28] Ep 115836059 | Sub 56708609 | State: EpisodeState.COMPLETED | Created: 2026-09-30 15:14:02 | Elo: 2048.2
[2026-09-30 15:21:40] Ep 115837612 | Sub 56708609 | State: EpisodeState.COMPLETED | Created: 2026-09-30 15:17:58 | Elo: 2027.9
[2026-09-30 15:26:04] Ep 115839127 | Sub 56708609 | State: EpisodeState.COMPLETED | Created: 2026-09-30 15:21:57 | Elo: 1997.3
[2026-09-30 15:26:04] Ep 115838965 | Sub 56708609 | State: EpisodeState.COMPLETED | Created: 2026-09-30 15:21:57 | Elo: 1997.3
[2026-09-30 15:28:16] Ep 115840632 | Sub 56708609 | State: EpisodeState.COMPLETED | Created: 2026-09-30 15:26:02 | Elo: 1986.1
[2026-09-30 15:30:33] Ep 115839304 | Sub 56704955 | State: EpisodeState.COMPLETED | Created: 2026-09-30 15:21:57 | Elo: 1970.1
[2026-09-30 15:32:40] Ep 115840662 | Sub 56708609 | State: EpisodeState.COMPLETED | Created: 2026-09-30 15:26:02 | Elo: 2001.0
[2026-09-30 15:37:02] Ep 115842198 | Sub 56708609 | State: EpisodeState.COMPLETED | Created: 2026-09-30 15:30:02 | Elo: 1984.0
[2026-09-30 15:39:15] Ep 115843739 | Sub 56708609 | State: EpisodeState.COMPLETED | Created: 2026-09-30 15:33:57 | Elo: 1974.6
[2026-09-30 15:41:33] Ep 115843443 | Sub 56704955 | State: EpisodeState.COMPLETED | Created: 2026-09-30 15:33:56 | Elo: 1973.2
[2026-09-30 15:43:39] Ep 115845269 | Sub 56708609 | State: EpisodeState.COMPLETED | Created: 2026-09-30 15:37:58 | Elo: 1985.9
[2026-09-30 15:48:04] Ep 115846787 | Sub 56708609 | State: EpisodeState.COMPLETED | Created: 2026-09-30 15:41:57 | Elo: 1995.3
[2026-09-30 15:50:20] Ep 115848315 | Sub 56708609 | State: EpisodeState.COMPLETED | Created: 2026-09-30 15:45:57 | Elo: 2007.1
[2026-09-30 15:52:27] Ep 115849118 | Sub 56712222 | State: EpisodeState.COMPLETED | Created: 2026-09-30 15:49:49 | Elo: 600.0
[2026-09-30 15:54:43] Ep 115849874 | Sub 56708609 | State: EpisodeState.COMPLETED | Created: 2026-09-30 15:50:05 | Elo: 1996.0
[2026-09-30 15:56:50] Ep 115851002 | Sub 56712222 | State: EpisodeState.COMPLETED | Created: 2026-09-30 15:53:56 | Elo: 718.4
[2026-09-30 15:59:06] Ep 115851382 | Sub 56708609 | State: EpisodeState.COMPLETED | Created: 2026-09-30 15:53:57 | Elo: 1986.2
[2026-09-30 16:01:19] Ep 115853067 | Sub 56708609 | State: EpisodeState.COMPLETED | Created: 2026-09-30 15:57:57 | Elo: 1979.0
[2026-09-30 16:03:26] Ep 115852441 | Sub 56712222 | State: EpisodeState.COMPLETED | Created: 2026-09-30 15:57:56 | Elo: 787.0
[2026-09-30 16:05:38] Ep 115853962 | Sub 56712222 | State: EpisodeState.COMPLETED | Created: 2026-09-30 16:01:56 | Elo: 868.0
[2026-09-30 16:05:42] Ep 115854444 | Sub 56708609 | State: EpisodeState.COMPLETED | Created: 2026-09-30 16:01:56 | Elo: 1960.3
[2026-09-30 16:05:42] Ep 115852894 | Sub 56708609 | State: EpisodeState.COMPLETED | Created: 2026-09-30 15:57:56 | Elo: 1960.3
[2026-09-30 16:16:37] Ep 115856974 | Sub 56712222 | State: EpisodeState.COMPLETED | Created: 2026-09-30 16:13:59 | Elo: 1076.6
[2026-09-30 16:16:37] Ep 115855542 | Sub 56712222 | State: EpisodeState.COMPLETED | Created: 2026-09-30 16:10:16 | Elo: 1076.6
[2026-09-30 16:18:55] Ep 115857374 | Sub 56708609 | State: EpisodeState.COMPLETED | Created: 2026-09-30 16:14:00 | Elo: 1971.0
[2026-09-30 16:18:55] Ep 115856035 | Sub 56708609 | State: EpisodeState.COMPLETED | Created: 2026-09-30 16:10:17 | Elo: 1971.0
[2026-09-30 16:18:55] Ep 115857549 | Sub 56708609 | State: EpisodeState.COMPLETED | Created: 2026-09-30 16:14:00 | Elo: 1971.0
[2026-09-30 16:23:18] Ep 115859090 | Sub 56708609 | State: EpisodeState.COMPLETED | Created: 2026-09-30 16:17:57 | Elo: 1978.3
[2026-09-30 16:25:26] Ep 115859942 | Sub 56712222 | State: EpisodeState.COMPLETED | Created: 2026-09-30 16:21:57 | Elo: 1250.0
[2026-09-30 16:25:26] Ep 115858424 | Sub 56712222 | State: EpisodeState.COMPLETED | Created: 2026-09-30 16:17:56 | Elo: 1250.0
[2026-09-30 16:27:43] Ep 115862165 | Sub 56708609 | State: EpisodeState.COMPLETED | Created: 2026-09-30 16:25:56 | Elo: 1979.1
[2026-09-30 16:27:43] Ep 115860664 | Sub 56708609 | State: EpisodeState.COMPLETED | Created: 2026-09-30 16:21:58 | Elo: 1979.1
[2026-09-30 16:29:51] Ep 115861421 | Sub 56712222 | State: EpisodeState.COMPLETED | Created: 2026-09-30 16:25:55 | Elo: 1258.6
[2026-09-30 16:29:51] Ep 115861425 | Sub 56712222 | State: EpisodeState.COMPLETED | Created: 2026-09-30 16:25:55 | Elo: 1258.6
[2026-09-30 16:32:02] Ep 115863015 | Sub 56712222 | State: EpisodeState.COMPLETED | Created: 2026-09-30 16:30:00 | Elo: 1335.8
[2026-09-30 16:34:18] Ep 115863764 | Sub 56708609 | State: EpisodeState.COMPLETED | Created: 2026-09-30 16:30:01 | Elo: 1985.9
[2026-09-30 16:36:31] Ep 115863362 | Sub 56708609 | State: EpisodeState.COMPLETED | Created: 2026-09-30 16:30:01 | Elo: 1975.7
[2026-09-30 16:40:49] Ep 115866078 | Sub 56712222 | State: EpisodeState.COMPLETED | Created: 2026-09-30 16:37:57 | Elo: 1304.2
[2026-09-30 16:40:49] Ep 115864554 | Sub 56712222 | State: EpisodeState.COMPLETED | Created: 2026-09-30 16:34:01 | Elo: 1304.2
[2026-09-30 16:40:49] Ep 115864862 | Sub 56712222 | State: EpisodeState.COMPLETED | Created: 2026-09-30 16:34:02 | Elo: 1304.2
[2026-09-30 16:40:54] Ep 115866745 | Sub 56708609 | State: EpisodeState.COMPLETED | Created: 2026-09-30 16:37:58 | Elo: 1958.4
[2026-09-30 16:40:54] Ep 115865202 | Sub 56708609 | State: EpisodeState.COMPLETED | Created: 2026-09-30 16:34:02 | Elo: 1958.4
[2026-09-30 16:45:13] Ep 115867839 | Sub 56712222 | State: EpisodeState.COMPLETED | Created: 2026-09-30 16:41:57 | Elo: 1351.0
[2026-09-30 16:47:29] Ep 115868334 | Sub 56708609 | State: EpisodeState.COMPLETED | Created: 2026-09-30 16:41:58 | Elo: 1964.5
[2026-09-30 16:49:41] Ep 115870017 | Sub 56708609 | State: EpisodeState.COMPLETED | Created: 2026-09-30 16:45:58 | Elo: 1971.9
[2026-09-30 16:51:47] Ep 115869466 | Sub 56712222 | State: EpisodeState.COMPLETED | Created: 2026-09-30 16:45:57 | Elo: 1388.5
[2026-09-30 16:54:00] Ep 115871076 | Sub 56712222 | State: EpisodeState.COMPLETED | Created: 2026-09-30 16:50:00 | Elo: 1383.6
[2026-09-30 16:54:00] Ep 115870835 | Sub 56712222 | State: EpisodeState.COMPLETED | Created: 2026-09-30 16:49:59 | Elo: 1383.6
[2026-09-30 16:56:17] Ep 115871648 | Sub 56708609 | State: EpisodeState.COMPLETED | Created: 2026-09-30 16:50:00 | Elo: 1977.9
[2026-09-30 17:00:36] Ep 115872730 | Sub 56712222 | State: EpisodeState.COMPLETED | Created: 2026-09-30 16:53:56 | Elo: 1413.1
[2026-09-30 17:00:41] Ep 115874814 | Sub 56708609 | State: EpisodeState.COMPLETED | Created: 2026-09-30 16:58:05 | Elo: 1977.0
[2026-09-30 17:00:41] Ep 115873246 | Sub 56708609 | State: EpisodeState.COMPLETED | Created: 2026-09-30 16:53:57 | Elo: 1977.0
[2026-09-30 17:02:48] Ep 115874288 | Sub 56712222 | State: EpisodeState.COMPLETED | Created: 2026-09-30 16:58:05 | Elo: 1432.7
[2026-09-30 17:05:00] Ep 115875817 | Sub 56712222 | State: EpisodeState.COMPLETED | Created: 2026-09-30 17:01:56 | Elo: 1457.6
[2026-09-30 17:07:16] Ep 115876404 | Sub 56708609 | State: EpisodeState.COMPLETED | Created: 2026-09-30 17:01:57 | Elo: 1985.2
[2026-09-30 17:09:28] Ep 115878019 | Sub 56708609 | State: EpisodeState.COMPLETED | Created: 2026-09-30 17:05:58 | Elo: 1985.2
[2026-09-30 17:09:28] Ep 115877912 | Sub 56708609 | State: EpisodeState.COMPLETED | Created: 2026-09-30 17:05:58 | Elo: 1985.2
[2026-09-30 17:11:36] Ep 115877400 | Sub 56712222 | State: EpisodeState.COMPLETED | Created: 2026-09-30 17:05:57 | Elo: 1477.8
[2026-09-30 17:13:47] Ep 115878917 | Sub 56712222 | State: EpisodeState.COMPLETED | Created: 2026-09-30 17:10:01 | Elo: 1497.8
[2026-09-30 17:16:03] Ep 115880989 | Sub 56708609 | State: EpisodeState.COMPLETED | Created: 2026-09-30 17:13:56 | Elo: 1992.6
[2026-09-30 17:16:03] Ep 115879479 | Sub 56708609 | State: EpisodeState.COMPLETED | Created: 2026-09-30 17:10:01 | Elo: 1992.6
[2026-09-30 17:18:09] Ep 115880520 | Sub 56712222 | State: EpisodeState.COMPLETED | Created: 2026-09-30 17:13:56 | Elo: 1517.1
[2026-09-30 17:22:32] Ep 115882422 | Sub 56712222 | State: EpisodeState.COMPLETED | Created: 2026-09-30 17:17:56 | Elo: 1553.8
[2026-09-30 17:22:32] Ep 115881987 | Sub 56712222 | State: EpisodeState.COMPLETED | Created: 2026-09-30 17:17:56 | Elo: 1553.8
[2026-09-30 17:22:37] Ep 115882532 | Sub 56708609 | State: EpisodeState.COMPLETED | Created: 2026-09-30 17:17:57 | Elo: 2003.6
[2026-09-30 17:27:00] Ep 115884053 | Sub 56708609 | State: EpisodeState.COMPLETED | Created: 2026-09-30 17:21:59 | Elo: 2008.2
[2026-09-30 17:29:07] Ep 115883527 | Sub 56712222 | State: EpisodeState.COMPLETED | Created: 2026-09-30 17:21:58 | Elo: 1569.7
[2026-09-30 17:35:43] Ep 115885122 | Sub 56712222 | State: EpisodeState.COMPLETED | Created: 2026-09-30 17:30:28 | Elo: 1587.8
[2026-09-30 17:35:49] Ep 115885640 | Sub 56708609 | State: EpisodeState.COMPLETED | Created: 2026-09-30 17:30:29 | Elo: 2002.6
[2026-09-30 17:37:56] Ep 115886647 | Sub 56712222 | State: EpisodeState.COMPLETED | Created: 2026-09-30 17:34:03 | Elo: 1598.3
[2026-09-30 17:38:01] Ep 115887164 | Sub 56708609 | State: EpisodeState.COMPLETED | Created: 2026-09-30 17:34:04 | Elo: 1998.0
[2026-09-30 17:42:26] Ep 115888706 | Sub 56708609 | State: EpisodeState.COMPLETED | Created: 2026-09-30 17:38:04 | Elo: 1993.6
[2026-09-30 17:46:45] Ep 115889709 | Sub 56712222 | State: EpisodeState.COMPLETED | Created: 2026-09-30 17:43:55 | Elo: 1628.2
[2026-09-30 17:46:45] Ep 115888185 | Sub 56712222 | State: EpisodeState.COMPLETED | Created: 2026-09-30 17:38:03 | Elo: 1628.2
[2026-09-30 17:46:49] Ep 115890256 | Sub 56708609 | State: EpisodeState.COMPLETED | Created: 2026-09-30 17:43:56 | Elo: 1988.7
[2026-09-30 17:49:02] Ep 115890205 | Sub 56708609 | State: EpisodeState.COMPLETED | Created: 2026-09-30 17:43:56 | Elo: 1982.8
[2026-09-30 17:51:09] Ep 115891834 | Sub 56712222 | State: EpisodeState.COMPLETED | Created: 2026-09-30 17:47:35 | Elo: 1640.8
[2026-09-30 17:53:21] Ep 115891267 | Sub 56712222 | State: EpisodeState.COMPLETED | Created: 2026-09-30 17:47:34 | Elo: 1654.8
[2026-09-30 17:53:26] Ep 115891805 | Sub 56708609 | State: EpisodeState.COMPLETED | Created: 2026-09-30 17:47:35 | Elo: 1979.3
[2026-09-30 17:55:39] Ep 115893338 | Sub 56708609 | State: EpisodeState.COMPLETED | Created: 2026-09-30 17:51:35 | Elo: 1984.4
[2026-09-30 17:57:45] Ep 115892810 | Sub 56712222 | State: EpisodeState.COMPLETED | Created: 2026-09-30 17:51:34 | Elo: 1664.0
[2026-09-30 17:59:58] Ep 115894329 | Sub 56712222 | State: EpisodeState.COMPLETED | Created: 2026-09-30 17:55:34 | Elo: 1674.8
[2026-09-30 18:02:14] Ep 115894877 | Sub 56708609 | State: EpisodeState.COMPLETED | Created: 2026-09-30 17:55:35 | Elo: 1989.9
[2026-09-30 18:04:26] Ep 115896489 | Sub 56708609 | State: EpisodeState.COMPLETED | Created: 2026-09-30 18:00:06 | Elo: 1995.0
[2026-09-30 18:06:33] Ep 115895818 | Sub 56712222 | State: EpisodeState.COMPLETED | Created: 2026-09-30 18:00:05 | Elo: 1663.5
[2026-09-30 18:06:38] Ep 115896224 | Sub 56708609 | State: EpisodeState.COMPLETED | Created: 2026-09-30 18:00:06 | Elo: 1989.9
[2026-09-30 18:10:58] Ep 115898933 | Sub 56712222 | State: EpisodeState.COMPLETED | Created: 2026-09-30 18:08:03 | Elo: 1673.1
[2026-09-30 18:10:58] Ep 115897389 | Sub 56712222 | State: EpisodeState.COMPLETED | Created: 2026-09-30 18:04:06 | Elo: 1673.1
[2026-09-30 18:15:19] Ep 115900458 | Sub 56712222 | State: EpisodeState.COMPLETED | Created: 2026-09-30 18:12:02 | Elo: 1704.3
[2026-09-30 18:15:19] Ep 115900994 | Sub 56712222 | State: EpisodeState.COMPLETED | Created: 2026-09-30 18:12:03 | Elo: 1704.3
[2026-09-30 18:19:49] Ep 115900696 | Sub 56708609 | State: EpisodeState.COMPLETED | Created: 2026-09-30 18:12:02 | Elo: 1985.5
[2026-09-30 18:21:56] Ep 115903560 | Sub 56712222 | State: EpisodeState.COMPLETED | Created: 2026-09-30 18:20:06 | Elo: 1730.6
[2026-09-30 18:21:56] Ep 115902058 | Sub 56712222 | State: EpisodeState.COMPLETED | Created: 2026-09-30 18:16:05 | Elo: 1730.6
[2026-09-30 18:21:56] Ep 115902433 | Sub 56712222 | State: EpisodeState.COMPLETED | Created: 2026-09-30 18:16:06 | Elo: 1730.6
[2026-09-30 18:26:18] Ep 115905092 | Sub 56712222 | State: EpisodeState.COMPLETED | Created: 2026-09-30 18:24:05 | Elo: 1739.1
[2026-09-30 18:32:55] Ep 115906602 | Sub 56712222 | State: EpisodeState.COMPLETED | Created: 2026-09-30 18:28:02 | Elo: 1745.3
[2026-09-30 18:33:00] Ep 115906583 | Sub 56708609 | State: EpisodeState.COMPLETED | Created: 2026-09-30 18:28:02 | Elo: 1989.5
[2026-09-30 18:35:08] Ep 115908127 | Sub 56712222 | State: EpisodeState.COMPLETED | Created: 2026-09-30 18:32:02 | Elo: 1752.2
[2026-09-30 18:41:44] Ep 115909643 | Sub 56712222 | State: EpisodeState.COMPLETED | Created: 2026-09-30 18:36:05 | Elo: 1742.2
[2026-09-30 18:41:49] Ep 115909842 | Sub 56708609 | State: EpisodeState.COMPLETED | Created: 2026-09-30 18:36:05 | Elo: 1994.4
[2026-09-30 18:43:57] Ep 115910559 | Sub 56712222 | State: EpisodeState.COMPLETED | Created: 2026-09-30 18:40:02 | Elo: 1758.3
[2026-09-30 18:43:57] Ep 115911051 | Sub 56712222 | State: EpisodeState.COMPLETED | Created: 2026-09-30 18:40:02 | Elo: 1758.3
[2026-09-30 18:50:34] Ep 115914221 | Sub 56712222 | State: EpisodeState.COMPLETED | Created: 2026-09-30 18:48:01 | Elo: 1758.0
[2026-09-30 18:50:34] Ep 115913164 | Sub 56712222 | State: EpisodeState.COMPLETED | Created: 2026-09-30 18:44:10 | Elo: 1758.0
[2026-09-30 18:52:46] Ep 115914121 | Sub 56712222 | State: EpisodeState.COMPLETED | Created: 2026-09-30 18:48:01 | Elo: 1750.7
[2026-09-30 18:57:11] Ep 115915755 | Sub 56712222 | State: EpisodeState.COMPLETED | Created: 2026-09-30 18:52:01 | Elo: 1756.1
[2026-09-30 19:01:35] Ep 115917495 | Sub 56712222 | State: EpisodeState.COMPLETED | Created: 2026-09-30 18:56:02 | Elo: 1760.1
[2026-09-30 19:05:59] Ep 115920321 | Sub 56712222 | State: EpisodeState.COMPLETED | Created: 2026-09-30 19:04:07 | Elo: 1765.3
[2026-09-30 19:05:59] Ep 115918921 | Sub 56712222 | State: EpisodeState.COMPLETED | Created: 2026-09-30 19:00:02 | Elo: 1765.3
[2026-09-30 19:10:27] Ep 115919530 | Sub 56708609 | State: EpisodeState.COMPLETED | Created: 2026-09-30 19:04:06 | Elo: 1998.5
[2026-09-30 19:12:35] Ep 115921491 | Sub 56712222 | State: EpisodeState.COMPLETED | Created: 2026-09-30 19:08:02 | Elo: 1776.3
[2026-09-30 19:14:46] Ep 115921279 | Sub 56712222 | State: EpisodeState.COMPLETED | Created: 2026-09-30 19:08:02 | Elo: 1782.0
[2026-09-30 19:14:51] Ep 115923603 | Sub 56708609 | State: EpisodeState.COMPLETED | Created: 2026-09-30 19:12:02 | Elo: 2004.0
[2026-09-30 19:16:58] Ep 115923332 | Sub 56712222 | State: EpisodeState.COMPLETED | Created: 2026-09-30 19:12:02 | Elo: 1786.3
[2026-09-30 19:21:23] Ep 115924854 | Sub 56712222 | State: EpisodeState.COMPLETED | Created: 2026-09-30 19:16:02 | Elo: 1792.9
[2026-09-30 19:23:35] Ep 115925682 | Sub 56712222 | State: EpisodeState.COMPLETED | Created: 2026-09-30 19:20:01 | Elo: 1797.4
[2026-09-30 19:25:47] Ep 115926392 | Sub 56712222 | State: EpisodeState.COMPLETED | Created: 2026-09-30 19:20:01 | Elo: 1801.6
[2026-09-30 19:28:00] Ep 115928238 | Sub 56712222 | State: EpisodeState.COMPLETED | Created: 2026-09-30 19:24:05 | Elo: 1807.7
[2026-09-30 19:30:12] Ep 115929442 | Sub 56712222 | State: EpisodeState.COMPLETED | Created: 2026-09-30 19:28:01 | Elo: 1816.6
[2026-09-30 19:30:12] Ep 115927921 | Sub 56712222 | State: EpisodeState.COMPLETED | Created: 2026-09-30 19:24:05 | Elo: 1816.6
[2026-09-30 19:34:35] Ep 115930828 | Sub 56712222 | State: EpisodeState.COMPLETED | Created: 2026-09-30 19:32:02 | Elo: 1822.8
[2026-09-30 19:36:47] Ep 115930993 | Sub 56712222 | State: EpisodeState.COMPLETED | Created: 2026-09-30 19:32:02 | Elo: 1826.1
[2026-09-30 19:45:36] Ep 115932533 | Sub 56712222 | State: EpisodeState.COMPLETED | Created: 2026-09-30 19:39:38 | Elo: 1830.5
[2026-09-30 19:45:41] Ep 115932041 | Sub 56708609 | State: EpisodeState.COMPLETED | Created: 2026-09-30 19:39:37 | Elo: 1998.8
[2026-09-30 19:47:48] Ep 115933896 | Sub 56712222 | State: EpisodeState.COMPLETED | Created: 2026-09-30 19:43:23 | Elo: 1831.2
[2026-09-30 19:47:48] Ep 115934039 | Sub 56712222 | State: EpisodeState.COMPLETED | Created: 2026-09-30 19:43:24 | Elo: 1831.2
[2026-09-30 19:56:37] Ep 115937292 | Sub 56712222 | State: EpisodeState.COMPLETED | Created: 2026-09-30 19:51:23 | Elo: 1836.9
[2026-09-30 20:01:01] Ep 115938422 | Sub 56712222 | State: EpisodeState.COMPLETED | Created: 2026-09-30 19:55:22 | Elo: 1841.5
[2026-09-30 20:03:13] Ep 115940249 | Sub 56712222 | State: EpisodeState.COMPLETED | Created: 2026-09-30 19:59:25 | Elo: 1844.7
[2026-09-30 20:07:41] Ep 115941862 | Sub 56708609 | State: EpisodeState.COMPLETED | Created: 2026-09-30 20:03:24 | Elo: 1993.8
[2026-09-30 20:14:14] Ep 115944558 | Sub 56712222 | State: EpisodeState.COMPLETED | Created: 2026-09-30 20:11:23 | Elo: 1841.4
[2026-09-30 20:18:44] Ep 115944747 | Sub 56708609 | State: EpisodeState.COMPLETED | Created: 2026-09-30 20:11:23 | Elo: 1997.4
[2026-09-30 20:34:07] Ep 115949626 | Sub 56708609 | State: EpisodeState.COMPLETED | Created: 2026-09-30 20:32:03 | Elo: 1997.4
[2026-09-30 20:45:02] Ep 115953810 | Sub 56712222 | State: EpisodeState.COMPLETED | Created: 2026-09-30 20:39:56 | Elo: 1845.4
[2026-09-30 20:49:30] Ep 115955441 | Sub 56708609 | State: EpisodeState.COMPLETED | Created: 2026-09-30 20:43:57 | Elo: 1999.6
[2026-09-30 20:53:48] Ep 115957459 | Sub 56712222 | State: EpisodeState.COMPLETED | Created: 2026-09-30 20:51:48 | Elo: 1848.6
[2026-09-30 21:07:08] Ep 115962975 | Sub 56708609 | State: EpisodeState.COMPLETED | Created: 2026-09-30 21:03:48 | Elo: 1996.3
[2026-09-30 21:13:40] Ep 115964400 | Sub 56712222 | State: EpisodeState.COMPLETED | Created: 2026-09-30 21:07:48 | Elo: 1853.6
[2026-09-30 21:15:53] Ep 115965314 | Sub 56712222 | State: EpisodeState.COMPLETED | Created: 2026-09-30 21:11:48 | Elo: 1858.1
[2026-09-30 21:24:42] Ep 115968292 | Sub 56712222 | State: EpisodeState.COMPLETED | Created: 2026-09-30 21:19:47 | Elo: 1848.8
[2026-09-30 21:24:42] Ep 115968865 | Sub 56712222 | State: EpisodeState.COMPLETED | Created: 2026-09-30 21:19:48 | Elo: 1848.8
[2026-09-30 21:29:11] Ep 115970038 | Sub 56708609 | State: EpisodeState.COMPLETED | Created: 2026-09-30 21:23:51 | Elo: 1991.1
[2026-09-30 21:44:31] Ep 115976446 | Sub 56712222 | State: EpisodeState.COMPLETED | Created: 2026-09-30 21:39:48 | Elo: 1854.0
[2026-09-30 21:46:43] Ep 115977528 | Sub 56712222 | State: EpisodeState.COMPLETED | Created: 2026-09-30 21:43:46 | Elo: 1850.2
[2026-09-30 21:46:47] Ep 115976623 | Sub 56708609 | State: EpisodeState.COMPLETED | Created: 2026-09-30 21:39:48 | Elo: 1997.5
[2026-09-30 22:02:06] Ep 115982268 | Sub 56712222 | State: EpisodeState.COMPLETED | Created: 2026-09-30 21:55:47 | Elo: 1846.7
[2026-09-30 22:04:23] Ep 115984093 | Sub 56708609 | State: EpisodeState.COMPLETED | Created: 2026-09-30 21:59:46 | Elo: 1992.5
[2026-09-30 22:06:35] Ep 115985501 | Sub 56708609 | State: EpisodeState.COMPLETED | Created: 2026-09-30 22:03:47 | Elo: 1983.9
[2026-09-30 22:06:35] Ep 115983231 | Sub 56708609 | State: EpisodeState.COMPLETED | Created: 2026-09-30 21:59:45 | Elo: 1983.9
[2026-09-30 22:10:55] Ep 115987113 | Sub 56712222 | State: EpisodeState.COMPLETED | Created: 2026-09-30 22:07:47 | Elo: 1850.6
[2026-09-30 22:13:12] Ep 115986782 | Sub 56708609 | State: EpisodeState.COMPLETED | Created: 2026-09-30 22:07:46 | Elo: 1979.4
[2026-09-30 22:15:25] Ep 115988711 | Sub 56708609 | State: EpisodeState.COMPLETED | Created: 2026-09-30 22:11:50 | Elo: 1979.5
[2026-09-30 22:15:25] Ep 115986890 | Sub 56708609 | State: EpisodeState.COMPLETED | Created: 2026-09-30 22:07:46 | Elo: 1979.5
[2026-09-30 22:19:45] Ep 115989820 | Sub 56712222 | State: EpisodeState.COMPLETED | Created: 2026-09-30 22:15:47 | Elo: 1854.0
[2026-09-30 22:37:31] Ep 115996328 | Sub 56708609 | State: EpisodeState.COMPLETED | Created: 2026-09-30 22:35:46 | Elo: 1974.1
[2026-09-30 22:41:50] Ep 115995392 | Sub 56712222 | State: EpisodeState.COMPLETED | Created: 2026-09-30 22:35:45 | Elo: 1859.1
[2026-09-30 22:46:18] Ep 115997696 | Sub 56708609 | State: EpisodeState.COMPLETED | Created: 2026-09-30 22:39:46 | Elo: 1979.2
[2026-09-30 22:55:07] Ep 116000691 | Sub 56708609 | State: EpisodeState.COMPLETED | Created: 2026-09-30 22:47:46 | Elo: 1983.7
[2026-09-30 23:03:57] Ep 116001116 | Sub 56708609 | State: EpisodeState.COMPLETED | Created: 2026-09-30 22:57:11 | Elo: 1988.0
[2026-09-30 23:06:05] Ep 116003159 | Sub 56712222 | State: EpisodeState.COMPLETED | Created: 2026-09-30 23:00:52 | Elo: 1855.3
[2026-09-30 23:14:53] Ep 116006457 | Sub 56712222 | State: EpisodeState.COMPLETED | Created: 2026-09-30 23:09:22 | Elo: 1858.4
[2026-09-30 23:30:20] Ep 116012644 | Sub 56712222 | State: EpisodeState.COMPLETED | Created: 2026-09-30 23:25:20 | Elo: 1862.7
[2026-09-30 23:43:40] Ep 116017853 | Sub 56708609 | State: EpisodeState.COMPLETED | Created: 2026-09-30 23:39:40 | Elo: 1982.0
[2026-10-01 00:47:29] Ep 116046904 | Sub 56712222 | State: EpisodeState.COMPLETED | Created: 2026-10-01 00:41:16 | Elo: 1867.3
[2026-10-01 01:05:09] Ep 116055142 | Sub 56712222 | State: EpisodeState.COMPLETED | Created: 2026-10-01 01:01:26 | Elo: 1871.3
[2026-10-01 01:27:13] Ep 116062464 | Sub 56712222 | State: EpisodeState.COMPLETED | Created: 2026-10-01 01:21:16 | Elo: 1866.6
[2026-10-01 02:11:26] Ep 116080884 | Sub 56708609 | State: EpisodeState.COMPLETED | Created: 2026-10-01 02:05:18 | Elo: 1977.0
[2026-10-01 02:24:39] Ep 116086333 | Sub 56708609 | State: EpisodeState.COMPLETED | Created: 2026-10-01 02:21:17 | Elo: 1972.6
[2026-10-01 02:51:06] Ep 116096798 | Sub 56708609 | State: EpisodeState.COMPLETED | Created: 2026-10-01 02:45:18 | Elo: 1969.0
[2026-10-01 03:24:10] Ep 116110271 | Sub 56712222 | State: EpisodeState.COMPLETED | Created: 2026-10-01 03:21:20 | Elo: 1862.9
[2026-10-01 03:55:05] Ep 116122101 | Sub 56708609 | State: EpisodeState.COMPLETED | Created: 2026-10-01 03:49:19 | Elo: 1963.8
[2026-10-01 03:59:25] Ep 116124058 | Sub 56712222 | State: EpisodeState.COMPLETED | Created: 2026-10-01 03:53:21 | Elo: 1858.2
[2026-10-01 03:59:31] Ep 116124109 | Sub 56708609 | State: EpisodeState.COMPLETED | Created: 2026-10-01 03:53:21 | Elo: 1968.5
[2026-10-01 04:03:50] Ep 116125087 | Sub 56712222 | State: EpisodeState.COMPLETED | Created: 2026-10-01 03:57:28 | Elo: 1856.8
[2026-10-01 04:03:50] Ep 116124902 | Sub 56712222 | State: EpisodeState.COMPLETED | Created: 2026-10-01 03:57:28 | Elo: 1856.8
[2026-10-01 04:32:34] Ep 116137690 | Sub 56708609 | State: EpisodeState.COMPLETED | Created: 2026-10-01 04:29:27 | Elo: 1963.8
